account_id,player_id,player_name,team_id,team_name,competition_id,competition_name,season_id,season_name,country_id,birth_date,player_female,player_first_name,player_last_name,player_known_name,player_weight,player_height,player_season_minutes,player_season_np_xg_per_shot,player_season_np_xg_90,player_season_np_shots_90,player_season_goals_90,player_season_npga_90,player_season_xa_90,player_season_key_passes_90,player_season_op_key_passes_90,player_season_assists_90,player_season_through_balls_90,player_season_passes_into_box_90,player_season_op_passes_into_box_90,player_season_touches_inside_box_90,player_season_op_passes_into_and_touches_inside_box_90,player_season_tackles_90,player_season_interceptions_90,player_season_tackles_and_interceptions_90,player_season_padj_tackles_90,player_season_padj_interceptions_90,player_season_padj_tackles_and_interceptions_90,player_season_challenge_ratio,player_season_dribbles_90,player_season_fouls_90,player_season_dribbled_past_90,player_season_dispossessions_90,player_season_long_ball_ratio,player_season_long_balls_90,player_season_blocks_per_shot,player_season_clearance_90,player_season_aerial_ratio,player_season_aerial_wins_90,player_season_op_passes_90,player_season_forward_pass_proportion,player_season_backward_pass_proportion,player_season_sideways_pass_proportion,player_season_op_f3_passes_90,player_season_op_f3_forward_pass_proportion,player_season_op_f3_backward_pass_proportion,player_season_op_f3_sideways_pass_proportion,player_season_shot_on_target_ratio,player_season_passing_ratio,player_season_conversion_ratio,player_season_npg_90,player_season_crosses_90,player_season_crossing_ratio,player_season_penalty_wins_90,player_season_padj_clearances_90,player_season_passes_inside_box_90,player_season_xgchain_90,player_season_op_xgchain_90,player_season_xgbuildup_90,player_season_op_xgbuildup_90,player_season_op_xa_90,player_season_op_assists_90,player_season_xgchain,player_season_op_xgchain,player_season_xgbuildup,player_season_op_xgbuildup,player_season_xgchain_per_possession,player_season_op_xgchain_per_possession,player_season_xgbuildup_per_possession,player_season_op_xgbuildup_per_possession,primary_position,secondary_position,player_season_pressured_long_balls_90,player_season_unpressured_long_balls_90,player_season_aggressive_actions_90,player_season_pressures_90,player_season_turnovers_90,player_season_pressure_regains_90,player_season_box_cross_ratio,player_season_sp_xa_90,player_season_shot_touch_ratio,player_season_deep_progressions_90,player_season_fouls_won_90,player_season_shots_faced_90,player_season_goals_faced_90,player_season_np_xg_faced_90,player_season_np_psxg_faced_90,player_season_save_ratio,player_season_xs_ratio,player_season_gsaa_90,player_season_gsaa_ratio,player_season_left_foot_ratio,player_season_pressured_passing_ratio,player_season_passes_pressed_ratio,player_season_pass_length,player_season_s_pass_length,player_season_p_pass_length,player_season_ps_pass_length,player_season_ot_shots_faced_90,player_season_npot_psxg_faced_90,player_season_ot_shots_faced_ratio,player_season_np_optimal_gk_dlength,player_season_clcaa,player_season_pass_into_pressure_ratio,player_season_pass_into_danger_ratio,player_season_da_aggressive_distance,player_season_positive_outcome_score,player_season_appearances,player_season_average_minutes,player_season_positive_outcome_90,player_season_sp_assists_90,player_season_sp_key_passes_90,player_season_npxgxa_90,player_season_over_under_performance_90,player_season_shots_key_passes_90,player_season_failed_dribbles_90,player_season_total_dribbles_90,player_season_dribble_ratio,player_season_sp_passes_into_box_90,player_season_penalty_conversion_ratio,player_season_pass_length_ratio,player_season_pressured_pass_length_ratio,player_season_change_in_passing_ratio,player_season_pressured_change_in_pass_length,player_season_carries_90,player_season_carry_ratio,player_season_carry_length,player_season_dribble_faced_ratio,player_season_counterpressures_90,player_season_yellow_cards_90,player_season_second_yellow_cards_90,player_season_red_cards_90,player_season_errors_90,player_season_padj_pressures_90,player_season_defensive_action_regains_90,player_season_counterpressure_regains_90,player_season_starting_appearances,player_season_average_x_pressure,player_season_fhalf_pressures_90,player_season_fhalf_counterpressures_90,player_season_fhalf_pressures_ratio,player_season_fhalf_counterpressures_ratio,player_season_average_x_defensive_action,player_season_average_x_pass,player_season_most_recent_match,player_season_90s_played,player_season_obv_90,player_season_obv_pass_90,player_season_obv_shot_90,player_season_obv_defensive_action_90,player_season_obv_dribble_carry_90,player_season_obv_gk_90,player_season_deep_completions_90,player_season_ball_recoveries_90,player_season_np_psxg_90,player_season_penalties_faced_90,player_season_penalties_conceded_90,player_season_fhalf_ball_recoveries_90,player_season_average_space_received_in,player_season_average_fhalf_space_received_in,player_season_average_f3_space_received_in,player_season_ball_receipts_in_space_10_ratio,player_season_ball_receipts_in_space_2_ratio,player_season_ball_receipts_in_space_5_ratio,player_season_fhalf_ball_receipts_in_space_10_ratio,player_season_fhalf_ball_receipts_in_space_2_ratio,player_season_fhalf_ball_receipts_in_space_5_ratio,player_season_f3_ball_receipts_in_space_10_ratio,player_season_f3_ball_receipts_in_space_2_ratio,player_season_f3_ball_receipts_in_space_5_ratio,player_season_lbp_90,player_season_lbp_completed_90,player_season_lbp_ratio,player_season_fhalf_lbp_completed_90,player_season_fhalf_lbp_ratio,player_season_f3_lbp_completed_90,player_season_f3_lbp_ratio,player_season_fhalf_lbp_90,player_season_f3_lbp_90,player_season_obv_lbp_90,player_season_fhalf_obv_lbp_90,player_season_f3_obv_lbp_90,player_season_lbp_pass_ratio,player_season_fhalf_lbp_pass_ratio,player_season_f3_lbp_pass_ratio,player_season_lbp_received_90,player_season_fhalf_lbp_received_90,player_season_f3_lbp_received_90,player_season_average_lbp_to_space_distance,player_season_fhalf_average_lbp_to_space_distance,player_season_f3_average_lbp_to_space_distance,player_season_lbp_to_space_10_received_90,player_season_fhalf_lbp_to_space_10_received_90,player_season_f3_lbp_to_space_10_received_90,player_season_lbp_to_space_2_received_90,player_season_fhalf_lbp_to_space_2_received_90,player_season_f3_lbp_to_space_2_received_90,player_season_lbp_to_space_5_received_90,player_season_fhalf_lbp_to_space_5_received_90,player_season_f3_lbp_to_space_5_received_90,player_season_average_lbp_to_space_received_distance,player_season_fhalf_average_lbp_to_space_received_distance,player_season_f3_average_lbp_to_space_received_distance,player_season_lbp_to_space_10_90,player_season_fhalf_lbp_to_space_10_90,player_season_f3_lbp_to_space_10_90,player_season_lbp_to_space_2_90,player_season_fhalf_lbp_to_space_2_90,player_season_f3_lbp_to_space_2_90,player_season_lbp_to_space_5_90,player_season_fhalf_lbp_to_space_5_90,player_season_f3_lbp_to_space_5_90,player_season_360_minutes,player_season_defensive_actions_90
33643,21173,Laros Michael D'Encarnação Duarte,2565,Puskas,1522,NB I,351,2026/2027,41,1997-02-28,False,,,Laros Duarte,67.0,180.0,434.98334,0.06228283420205116,0.051546387,0.8276179,0.0,0.0,0.15192696,1.2414268,0.41380894,0.0,0.0,1.4483314,0.20690447,0.6207134,0.8276179,0.8276179,0.8276179,1.6552358,0.8167566,0.85370797,1.6704646,0.6666666666666666,0.41380894,0.8276179,0.41380894,1.2414268,0.5769230769230769,3.1035674,0.0,0.20690447,0.42857142857142855,0.6207134,32.484,0.17318435754189945,0.12290502793296089,0.7039106145251397,5.1726117,0.12,0.04,0.84,0.25,0.8659217877094972,0.0,0.0,0.20690447,1.0,0.0,0.28352278,0.0,0.89543563,0.7276936,0.70022124,0.6703225,0.014083676,0.0,4.327773,3.517051,3.384273,3.239768,0.024872258,0.020212937,0.019449845,0.018619357,Centre Defensive Midfielder,Left Centre Midfielder,0.6207134,4.9657073,4.758803,6.827848,0.41380894,2.6897583,0.14285714285714285,0.1378433,0.00967741935483871,3.7242808,2.4828537,0.0,0.0,0.0,0.0,0.0,0.0,0.0,,0.1610738255033557,0.8823529411764706,0.18994413407821228,20.470503993540504,18.82645224294355,17.838823318481445,17.35966682434082,0.0,0.0,,0.0,0.0,0.044692736,0.12849163,0.0,0.44362742,5,86.996666,7.489942,0.0,0.8276179,0.20347336,-0.20347336,2.0690448,0.20690447,0.6207134,0.6666667,1.2414268,,0.9196868,0.9731397,0.016431153,-2.6316798,30.621862,0.9459459,5.428687,0.0,1.6552358,0.20690447,0.0,0.0,0.0,5.4944715,2.8966627,1.0345224,4,36.36225,1.2414268,0.41380894,0.18181819,0.25,36.94458,47.84719,2026-08-30T17:00,4.833148,0.24537958,0.22656712,-0.043743882,0.008072749,0.054483593,,0.20690447,8.483084,0.0020867588,0.0,0.0,1.6552358,5.979791,6.0959616,4.8,0.14414415,0.9009009,0.5675676,0.17307693,0.9423077,0.5576923,0.09090909,0.90909094,0.45454547,4.9657073,3.3104715,0.6666667,1.0345224,0.625,0.0,0.0,1.6552358,1.0345224,-0.00030600704,-0.007850955,-0.011703771,0.16216215,0.13793103,0.33333334,4.5518985,1.6552358,0.20690447,5.429167,3.88,,0.20690447,0.0,0.0,3.931185,1.6552358,0.20690447,1.4483314,0.20690447,0.0,4.748947,3.9725,2.52,0.0,0.0,0.0,2.4828537,0.8276179,0.0,1.4483314,0.20690447,0.0,434.98334,8.483084
33643,9600,Callum O'Dowda,1476,Ferencvaros,1522,NB I,351,2026/2027,109,1995-04-23,False,Callum,O'Dowda,,74.0,180.0,159.6,,0.0,0.0,0.0,0.0,0.0,0.0,0.0,0.0,0.0,1.6917292,1.1278195,0.56390977,1.6917292,3.3834584,0.56390977,3.9473681,4.3715887,0.82799315,5.199582,1.0,0.0,2.255639,0.0,0.0,0.7777777777777778,3.9473681,0.045454545454545456,1.1278195,0.0,0.0,52.443607,0.22935779816513763,0.09174311926605505,0.6788990825688074,13.5338335,0.25,0.16666666666666666,0.5833333333333334,,0.8899082568807339,,0.0,1.1278195,0.6666666666666666,0.0,1.0254132,0.0,0.30857944,0.30857944,0.30857944,0.30857944,0.0,0.0,0.5472142,0.5472142,0.5472142,0.5472142,0.0061484743,0.0061484743,0.0061484743,0.0061484743,Left Back,Left Midfielder,1.6917292,4.511278,6.203007,6.203007,1.1278195,2.8195488,0.6666666666666666,0.0,0.0,6.7669168,0.56390977,0.0,0.0,0.0,0.0,0.0,0.0,0.0,,0.7948717948717948,0.875,0.14678899082568808,20.71284134891055,20.74072139779317,18.458749771118164,20.712858200073242,0.0,0.0,,0.0,0.0,0.04587156,0.16513762,0.0,0.5826771,3,53.2,8.345863,0.0,0.0,0.0,0.0,0.0,0.0,0.0,,0.56390977,,1.001346,1.122116,-0.014908257,-2.2540915,45.67669,0.97530866,4.0393806,1.0,1.6917292,0.56390977,0.0,0.0,0.0,8.230471,3.9473681,0.0,1,37.8526,1.6917292,1.1278195,0.27272728,0.6666667,27.646948,48.86635,2026-08-30T17:00,1.7733334,0.17684366,0.09791257,,-0.009571428,0.08850258,,0.56390977,8.458647,0.0,0.0,0.0,2.8195488,9.025652,8.144483,7.932728,0.390625,0.953125,0.765625,0.27586207,0.9655172,0.7586207,0.27272728,0.90909094,0.8181818,9.022556,4.511278,0.5,1.6917292,0.6,1.1278195,0.5,2.8195488,2.255639,0.08948845,0.057515834,0.05337515,0.19277108,0.1388889,0.2857143,1.6917292,1.6917292,1.1278195,4.0916667,3.2350001,3.8,0.0,0.0,0.0,1.1278195,1.1278195,0.56390977,0.56390977,0.56390977,0.56390977,5.17,5.17,7.86,0.0,0.0,0.0,3.3834584,1.1278195,0.56390977,0.56390977,0.0,0.0,159.6,11.842104
33643,61130,Edgar Sevikyan,1476,Ferencvaros,1522,NB I,351,2026/2027,188,2001-08-08,False,,,,66.0,173.0,47.05,,0.0,0.0,0.0,0.0,0.0,0.0,0.0,0.0,0.0,0.0,0.0,0.0,0.0,0.0,0.0,0.0,0.0,0.0,0.0,,1.9128587,0.0,0.0,1.9128587,0.0,0.0,0.0,0.0,0.0,0.0,19.128586,0.0,0.0,1.0,1.9128587,0.0,0.0,1.0,,0.7,,0.0,0.0,0.0,0.0,0.0,0.0,0.013803389,0.013803389,0.013803389,0.013803389,0.0,0.0,0.007216105,0.007216105,0.007216105,0.007216105,0.00045100655,0.00045100655,0.00045100655,0.00045100655,Right Wing,,0.0,1.9128587,7.651435,13.390011,11.477152,5.738576,,0.0,0.0,0.0,5.738576,0.0,0.0,0.0,0.0,0.0,0.0,0.0,,0.8571428571428571,0.5,0.2,19.037998962402344,15.005715506417411,4.28000020980835,7.420000076293945,0.0,0.0,,0.0,0.0,0.0,0.2,0.0,0.3030303,1,47.05,1.9128587,0.0,0.0,0.0,0.0,0.0,7.651435,9.564293,0.2,0.0,,0.7881982,1.7336448,-0.2,-14.757998,34.431454,0.6666667,4.703357,,5.738576,0.0,0.0,0.0,0.0,21.013535,5.738576,3.8257174,1,66.05514,9.564293,5.738576,0.71428573,1.0,63.434402,60.017857,2026-08-02T15:30,0.5227778,-0.12899281,-0.12312205,,0.0055909054,-0.011461671,,0.0,7.651435,0.0,0.0,0.0,3.8257174,4.9366665,5.591111,6.0114284,0.0,0.75,0.5,0.0,0.8888889,0.5555556,0.0,0.85714287,0.5714286,3.8257174,1.9128587,0.5,1.9128587,0.5,0.0,0.0,3.8257174,1.9128587,-0.02645321,-0.02645321,-0.032014046,0.22222222,0.25,0.5,3.8257174,1.9128587,1.9128587,8.56,8.56,,0.0,0.0,0.0,1.9128587,0.0,0.0,1.9128587,0.0,0.0,3.68,,,0.0,0.0,0.0,1.9128587,1.9128587,0.0,1.9128587,1.9128587,0.0,47.05,13.390011
33643,332695,Aiden Joshua Harangi,2209,Zalaegerszegi TE,1522,NB I,351,2026/2027,241,2006-02-08,False,,,Aiden Harangi,,175.0,8.366667,,0.0,0.0,0.0,0.0,0.0,0.0,0.0,0.0,0.0,0.0,0.0,0.0,0.0,32.270916,0.0,32.270916,31.940962,0.0,31.940962,1.0,0.0,0.0,0.0,0.0,,0.0,0.0,0.0,,0.0,53.784863,0.0,0.16666666666666666,0.8333333333333334,10.756971,0.0,1.0,0.0,,0.8333333333333334,,0.0,0.0,,0.0,0.0,0.0,0.0,0.0,0.0,0.0,0.0,0.0,0.0,0.0,0.0,0.0,0.0,0.0,0.0,0.0,Right Back,,0.0,0.0,21.513943,32.270916,0.0,10.756971,,0.0,0.0,0.0,0.0,0.0,0.0,0.0,0.0,0.0,0.0,0.0,,0.0,,0.0,19.478333791097004,17.254000854492187,,,0.0,0.0,,0.0,0.0,0.16666667,0.16666667,0.0,0.2857143,1,8.366667,4.3027887,0.0,0.0,0.0,0.0,0.0,0.0,0.0,,0.0,,0.8858048,,,,43.027885,1.0,2.1673455,1.0,0.0,0.0,0.0,0.0,0.0,31.940962,10.756971,0.0,0,33.956154,0.0,0.0,0.0,,38.29122,63.239952,2026-08-29T15:00,0.092962965,0.25005606,-0.1770587,,0.22703269,0.20008206,,0.0,10.756971,0.0,0.0,0.0,0.0,8.406667,7.99,13.29,0.33333334,1.0,0.6666667,0.5,1.0,0.5,1.0,1.0,1.0,0.0,0.0,,0.0,,0.0,,0.0,0.0,,,,0.0,0.0,0.0,10.756971,10.756971,10.756971,,,,10.756971,10.756971,10.756971,10.756971,10.756971,10.756971,10.756971,10.756971,10.756971,13.29,13.29,13.29,0.0,0.0,0.0,0.0,0.0,0.0,0.0,0.0,0.0,8.366667,64.54183
33643,25035,Josua Antonio Mejías García,2206,Debrecen,1522,NB I,351,2026/2027,246,1998-06-09,False,,,Josua Mejías,78.0,185.0,583.3,0.07476146519184113,0.09228228,1.2343563,0.0,0.0,0.010987917,0.15429454,0.15429454,0.0,0.15429454,0.4628836,0.4628836,2.623007,3.0858905,2.7773015,0.61717814,3.3944798,3.3978577,0.7418603,4.1397185,0.75,0.15429454,1.8515344,0.9257672,0.9257672,0.609375,6.017487,0.05555555555555555,2.314418,0.7333333333333333,1.6972399,44.59112,0.3054662379421222,0.04180064308681672,0.6527331189710611,5.246014,0.4411764705882353,0.058823529411764705,0.5,0.25,0.8102893890675241,0.0,0.0,0.0,,0.0,2.74725,0.0,0.30725053,0.29134586,0.27664644,0.26074174,0.010987917,0.0,1.9913249,1.8882449,1.7929763,1.6898962,0.0069626747,0.0066022547,0.0062691476,0.005908728,Right Centre Back,Left Centre Back,3.0858905,9.103378,6.943254,8.331904,0.61717814,4.3202467,0.0,0.0,0.0,4.011658,1.5429453,0.0,0.0,0.0,0.0,0.0,0.0,0.0,,0.16810344827586207,0.6333333333333333,0.09646302250803858,25.128651904139872,23.604523189484127,25.911334991455078,21.071578979492188,0.0,0.0,,0.0,0.0,0.08038585,0.20257235,0.0,0.1726049,6,97.21667,3.3636208,0.0,0.0,0.1032702,-0.1032702,1.3886508,0.15429454,0.30858907,0.5,0.0,,0.93934697,0.8132186,-0.17695606,0.7826823,35.179153,0.96929824,5.5679374,0.6,2.623007,0.77147263,0.0,0.0,0.15429454,10.141593,7.4061375,1.5429453,6,35.682335,2.1601233,0.9257672,0.25925925,0.3529412,29.959734,37.872894,2026-08-28T18:00,6.481111,0.08557982,0.04945146,-0.06893047,0.04849033,0.056568496,,0.0,10.800617,0.03349449,0.0,0.0,2.931596,12.1484165,10.250606,4.9049997,0.6875,0.95625,0.88125,0.6363636,0.90909094,0.7878788,0.2,0.7,0.5,8.17761,4.7831306,0.5849057,0.77147263,0.5,0.15429454,1.0,1.5429453,0.15429454,0.040546793,0.007945545,0.0018069284,0.22083333,0.1754386,0.071428575,0.77147263,0.61717814,0.61717814,4.922941,3.8233335,5.28,0.0,0.0,0.0,0.4628836,0.30858907,0.30858907,0.0,0.0,0.0,2.3866665,2.415,2.415,0.15429454,0.0,0.0,2.623007,0.4628836,0.15429454,0.9257672,0.15429454,0.15429454,583.3,12.960741
33643,294552,Georgi Harutyunyan,2565,Puskas,1522,NB I,351,2026/2027,12,2004-08-09,False,,,,82.0,189.0,588.93335,0.31617385149002075,0.19326904,0.6112746,0.3056373,0.3056373,0.01236005,0.3056373,0.3056373,0.0,0.0,0.15281865,0.15281865,1.8338238,1.9866425,1.9866425,0.9169119,2.9035542,1.7358952,0.82450336,2.5603986,0.8666666666666667,0.0,0.9169119,0.3056373,0.15281865,0.7543859649122807,6.5712023,0.09174311926605505,3.8204665,0.5185185185185185,2.1394613,48.90197,0.22777777777777777,0.016666666666666666,0.7555555555555555,3.3620102,0.3181818181818182,0.0,0.6818181818181818,0.75,0.8777777777777778,0.5,0.3056373,0.0,,0.0,3.4433722,0.15281865,0.6579896,0.6579896,0.6579896,0.6541393,0.01236005,0.0,4.3056893,4.3056893,4.3056893,4.2804937,0.013330308,0.013330308,0.013330308,0.013252303,Left Centre Back,,5.0430155,7.488114,5.65429,6.876839,0.3056373,3.6676476,0.0,0.0,0.0,3.5148292,0.3056373,0.0,0.0,0.0,0.0,0.0,0.0,0.0,,0.3815789473684211,0.625,0.1111111111111111,23.075,22.28512380092959,22.9635009765625,22.017601013183594,0.0,0.0,,0.0,0.0,0.07777778,0.15,0.0,0.24282983,6,98.155556,3.8815937,0.0,0.0,0.20562908,0.100008205,0.9169119,0.0,0.0,,0.0,,0.9657692,0.95880854,-0.25277779,-0.11149903,38.204662,0.992,4.583599,0.5,1.0697306,0.15281865,0.0,0.0,0.0,5.4484572,5.0430155,0.6112746,6,28.522505,0.9169119,0.3056373,0.13333334,0.2857143,26.271025,30.970907,2026-08-30T17:00,6.543704,0.34910583,0.011990797,-0.022475842,0.32131645,0.038274456,,0.15281865,9.169119,0.35012946,0.0,0.0,1.0697306,12.813595,11.70125,1.36,0.7111111,0.9722222,0.9222222,0.7083333,0.875,0.8333333,0.0,0.0,0.0,6.876839,3.6676476,0.53333336,0.3056373,0.5,0.0,0.0,0.6112746,0.3056373,0.018443197,-0.008918933,-0.014430008,0.16728625,0.121212125,0.2857143,0.3056373,0.3056373,0.3056373,4.463125,2.7,,0.0,0.0,0.0,0.0,0.0,0.0,0.0,0.0,0.0,,,,0.15281865,0.0,0.0,2.4450984,0.15281865,0.0,0.6112746,0.0,0.0,588.93335,9.780394
33643,21477,Brandon Rutherford Ormonde-Ottewill,2565,Puskas,1522,NB I,351,2026/2027,68,1995-12-21,False,,,Brandon Ottewill,70.0,172.0,393.85,0.04497585445642471,0.02055517,0.45702678,0.0,0.0,0.009622853,0.45702678,0.45702678,0.0,0.22851339,0.91405356,0.6855402,0.91405356,1.5995936,1.1425669,0.6855402,1.8281071,1.0969936,0.7606897,1.8576832,0.625,0.0,0.91405356,0.6855402,0.22851339,0.4166666666666667,1.1425669,0.012987012987012988,2.7421608,0.2222222222222222,0.45702678,35.419575,0.3917525773195876,0.11855670103092783,0.4896907216494845,10.511616,0.5,0.08695652173913043,0.41304347826086957,0.5,0.7474226804123711,0.0,0.0,0.22851339,0.25,0.0,2.3363433,0.0,0.71907794,0.48211554,0.7048325,0.46787012,0.009622853,0.0,3.146765,2.1097913,3.0844254,2.0474517,0.017981514,0.01205595,0.017625289,0.011699724,Left Back,Centre Attacking Midfielder,2.7421608,2.7421608,4.3417544,7.540942,0.91405356,2.9706743,0.25,0.0,0.006430868167202572,4.5702677,0.6855402,0.0,0.0,0.0,0.0,0.0,0.0,0.0,,0.8135593220338984,0.5294117647058824,0.08762886597938144,17.993092330460694,17.502757947198276,10.279999732971191,13.286666870117188,0.0,0.0,,0.0,0.0,0.15463917,0.34536082,0.0,0.23014805,5,78.770004,3.9075792,0.0,0.0,0.030178024,-0.030178024,0.91405356,0.6855402,0.6855402,0.0,0.22851339,,0.97274876,1.2924774,-0.21801092,-7.713093,31.306334,0.96350366,2.942676,0.6,0.91405356,0.0,0.0,0.22851339,0.0,7.5414777,4.3417544,0.6855402,5,32.21119,1.3710804,0.45702678,0.18181819,0.5,28.326952,51.50644,2026-08-30T17:00,4.376111,0.086214855,0.1349377,-0.019054662,-0.06877484,0.039106652,,0.0,5.712835,0.0031589356,0.0,0.0,1.5995936,7.87383,7.1108475,6.3268576,0.30851063,0.9468085,0.69148934,0.2881356,0.9322034,0.6440678,0.25714287,0.9142857,0.54285717,7.769455,4.798781,0.61764705,3.4277008,0.65217394,1.8281071,0.47058824,5.255808,3.8847275,0.09772363,0.08372974,0.071962565,0.25373134,0.34848484,0.4857143,1.8281071,1.3710804,0.91405356,4.4616666,4.89,5.1516666,0.6855402,0.6855402,0.6855402,1.8281071,1.3710804,0.91405356,0.6855402,0.6855402,0.6855402,6.55875,7.6166663,9.82,0.0,0.0,0.0,2.7421608,2.0566204,1.3710804,0.91405356,0.91405356,0.6855402,393.85,9.369049
33643,404291,Viktor Gey,2211,Vasas,1522,NB I,351,2026/2027,238,1996-02-02,False,,,,65.0,168.0,209.8,,0.0,0.0,0.0,0.0,0.107900344,1.2869399,1.2869399,0.0,0.0,0.85796,0.85796,2.1448998,3.0028598,1.71592,1.2869399,3.0028598,1.3925115,1.122386,2.5148976,0.6666666666666666,0.0,0.42898,0.85796,0.42898,0.38461538461538464,2.1448998,0.0,2.1448998,0.4,0.85796,40.32412,0.25961538461538464,0.1346153846153846,0.6057692307692307,8.1506195,0.2631578947368421,0.05263157894736842,0.6842105263157895,,0.8365384615384616,,0.0,1.2869399,0.5,0.0,1.6626369,0.42898,0.4383253,0.40887564,0.35761726,0.32816753,0.107900344,0.0,1.021785,0.95313454,0.8336455,0.764995,0.010755632,0.010032995,0.008775216,0.008052579,Right Back,Right Centre Back,3.43184,4.2897997,7.2926593,6.86368,0.85796,0.42898,0.5,0.0,0.0,3.8608198,0.42898,0.0,0.0,0.0,0.0,0.0,0.0,0.0,,0.0759493670886076,0.75,0.07692307692307693,21.44884549654447,18.991724474676722,28.87874984741211,22.718332290649414,0.0,0.0,,0.0,0.0,0.086538464,0.20192307,0.0,0.28997287,4,52.45,4.590086,0.0,0.0,0.107900344,-0.107900344,1.2869399,0.0,0.0,,0.0,,0.88544273,0.7866799,-0.086538464,7.4299045,34.747375,0.97530866,5.215151,0.0,0.42898,0.0,0.0,0.42898,0.42898,5.4545593,1.71592,0.0,3,38.526524,2.1448998,0.0,0.3125,0.0,32.01895,48.366444,2026-08-29T17:30,2.3311112,0.086719684,0.040096518,,-0.048785374,0.09540855,,0.85796,8.1506195,0.0,0.0,0.0,2.1448998,9.139298,7.395862,4.899167,0.45614034,0.9649123,0.75438595,0.31034482,0.9655172,0.62068963,0.0,1.0,0.33333334,8.66287,3.8982913,0.45,1.7325739,0.44444445,1.2994305,0.5,3.8982913,2.598861,0.038029008,0.037404634,0.037619915,0.25974026,0.3,0.33333334,2.1657176,2.1657176,1.7325739,5.2871428,4.6366663,2.395,0.0,0.0,0.0,2.1657176,2.1657176,1.7325739,0.86628693,0.86628693,0.43314347,4.6359997,4.6359997,3.7075,0.0,0.0,0.0,3.0320044,1.2994305,0.86628693,1.2994305,0.43314347,0.0,207.78334,9.008579
33643,440621,Yuriy Toma,2215,Nyíregyháza Spartacus,1522,NB I,351,2026/2027,238,1996-04-27,False,,,,,178.0,576.95,0.0335693819956346,0.057602372,1.71592,0.0,0.0,0.03357584,0.62397087,0.62397087,0.0,0.15599272,1.4039344,1.4039344,0.62397087,2.0279052,1.4039344,0.62397087,2.0279052,1.5705532,0.76036084,2.3309143,0.9,0.31198543,2.183898,0.15599272,0.7799636,0.5833333333333334,2.183898,0.05,1.71592,0.5882352941176471,1.5599272,36.19031,0.27459016393442626,0.09836065573770492,0.6270491803278688,9.827541,0.3333333333333333,0.06349206349206349,0.6031746031746031,0.18181818181818182,0.7991803278688525,0.0,0.0,0.62397087,0.4444444444444444,0.0,1.840445,0.0,0.43075186,0.4262816,0.4018459,0.39737564,0.03357584,0.0,2.761359,2.7327018,2.5760555,2.5473986,0.0107445875,0.010633081,0.010023562,0.009912057,Left Defensive Midfielder,Right Defensive Midfielder,2.3398907,3.1198545,6.551694,11.543461,1.4039344,3.5878325,0.4444444444444444,0.0,0.014563106796116505,5.459745,3.1198545,0.0,0.0,0.0,0.0,0.0,0.0,0.0,,0.10674157303370786,0.6923076923076923,0.1598360655737705,18.520657898949796,17.54718048878205,16.55128288269043,14.001111030578613,0.0,0.0,,0.0,0.0,0.1557377,0.28278688,0.0,0.2701062,6,96.15833,5.5533404,0.0,0.0,0.09117821,-0.09117821,2.3398907,0.0,0.31198543,1.0,0.0,,0.9474383,0.845923,-0.10687263,-1.9693758,27.298727,0.94857144,5.0196295,0.75,2.183898,0.31198543,0.0,0.0,0.0,12.69148,4.6797814,0.46797818,6,38.628666,3.899818,1.2479417,0.33783785,0.5714286,35.11932,51.762165,2026-08-29T12:45,6.410556,0.15542574,0.057149697,-0.03456781,0.026562406,0.106281415,,0.15599272,14.039345,0.032719895,0.0,0.0,8.267614,6.6918344,6.407288,6.0564704,0.19266056,0.9174312,0.6055046,0.20338982,0.89830506,0.55932206,0.23529412,0.8235294,0.47058824,6.479704,4.258091,0.6571429,2.777016,0.71428573,1.1108063,0.6,3.8878224,1.851344,0.0747419,0.071657345,0.066237904,0.20231214,0.23076923,0.35714287,1.1108063,0.7405375,0.37026876,4.736154,4.137143,2.31,0.18513438,0.18513438,0.18513438,1.1108063,0.7405375,0.37026876,0.5554032,0.37026876,0.18513438,5.4016666,6.23,8.07,0.0,0.0,0.0,2.406747,1.2959408,0.5554032,0.7405375,0.18513438,0.0,486.13333,15.131293
33643,406296,Bohdan Melnyk,2484,Kisvárda,1522,NB I,351,2026/2027,238,1997-01-04,False,,,,65.0,176.0,566.1,0.06225881576538086,0.098980635,1.5898253,0.0,0.0,0.046724044,0.47694755,0.47694755,0.0,0.0,0.31796503,0.31796503,2.2257552,2.5437202,1.4308426,0.47694755,1.9077902,1.0465735,0.2614113,1.3079848,0.6,0.63593006,1.1128776,0.9538951,1.1128776,0.625,1.5898253,0.0,1.9077902,0.5,0.47694755,23.211449,0.25,0.14743589743589744,0.6025641025641025,6.9952307,0.18181818181818182,0.18181818181818182,0.6363636363636364,0.2,0.8141025641025641,0.0,0.0,0.47694755,0.75,0.0,1.4597213,0.15898252,0.39878112,0.39743537,0.34829736,0.34695157,0.046724044,0.0,2.5083332,2.4998684,2.1907902,2.1823254,0.013935184,0.013888158,0.012171056,0.01212403,Right Centre Midfielder,Left Centre Midfielder,1.9077902,2.5437202,8.903021,12.082672,0.47694755,3.3386328,0.5,0.0,0.030508474576271188,2.5437202,0.47694755,0.0,0.0,0.0,0.0,0.0,0.0,0.0,,0.17117117117117117,0.7,0.1282051282051282,19.068013509114582,18.17858213890256,14.910501480102539,16.829999923706055,0.0,0.0,,0.0,0.0,0.115384616,0.22435898,0.0,0.23013698,6,94.35,4.006359,0.0,0.0,0.14570467,-0.14570467,2.0667727,0.0,0.63593006,1.0,0.0,,0.9533548,1.1287347,-0.114102565,-4.157512,20.19078,0.9133858,5.452977,0.2857143,2.5437202,0.15898252,0.0,0.0,0.0,8.358899,4.2925277,0.79491264,6,47.67002,6.359301,1.9077902,0.5263158,0.75,43.440063,53.988346,2026-08-30T14:30,6.29,0.06127286,0.0469059,-0.08941394,0.038311653,0.065469235,,0.15898252,7.3131957,0.03806235,0.0,0.0,5.7233706,5.9674644,5.2514286,4.496842,0.16901408,0.8450704,0.52112675,0.114285715,0.82857144,0.45714286,0.05263158,0.7894737,0.42105263,4.8102617,3.655799,0.76,2.3089256,0.8,0.76964194,0.8,2.886157,0.9620524,0.048130535,0.042885426,0.034387134,0.24509804,0.28846154,0.23809524,1.5392839,1.3468734,0.76964194,3.988889,3.07,2.845,0.0,0.0,0.0,0.76964194,0.5772314,0.19241048,0.19241048,0.0,0.0,3.2066667,2.978889,2.705,0.0,0.0,0.0,1.7316943,0.76964194,0.38482097,0.5772314,0.0,0.0,467.75,14.626391
33643,484629,Ilya Popovych,2484,Kisvárda,1522,NB I,351,2026/2027,238,2005-11-30,False,,,,,,587.45,,0.0,0.0,0.0,0.0,0.0,0.0,0.0,0.0,0.0,0.0,0.0,0.0,0.0,0.0,0.0,0.0,0.0,0.0,0.0,0.0,0.0,0.15320452,0.15320452,0.0,0.3424657534246575,7.660226,0.0,0.0,,0.0,22.061453,0.5213270142180095,0.0,0.4786729857819905,0.61281806,1.0,0.0,0.0,,0.5355450236966824,,0.0,0.0,,0.0,0.0,0.0,0.15989651,0.12048662,0.15989651,0.12048662,0.0,0.0,1.0436801,0.786443,1.0436801,0.786443,0.004854326,0.0036578744,0.004854326,0.0036578744,Goalkeeper,,5.0557494,17.31211,0.0,0.0,0.0,0.0,,0.0,0.0,0.9192271,0.15320452,16.086475,1.2256361,1.3193965,1.2475245,0.7575757575757576,0.7532463651714902,0.021888323,0.0043293924042672825,0.07894736842105263,0.35135135135135137,0.17535545023696683,49.09075551688389,35.71805646778208,49.71595001220703,38.10231018066406,5.0557494,1.2475245,0.3142857142857143,1.4827365,-0.030589974,0.009478673,0.31753555,17.579836,0.16902655,6,97.90833,2.9262066,0.0,0.0,0.0,0.0,0.0,0.0,0.0,,0.0,,0.7275923,0.7664001,-0.18419367,0.6251935,19.150566,0.992,6.1495194,0.0,0.0,0.0,0.0,0.0,0.0,0.0,9.192271,0.0,6,,0.0,0.0,,,2.576969,13.245065,2026-08-30T14:30,6.527222,0.1899631,0.09660434,,-0.008036373,0.115822375,-0.014427224,0.0,4.5961356,0.0,0.0,0.0,0.0,15.2304,,,0.76,1.0,0.92,,,,,,,3.8642406,0.9200573,0.23809524,0.0,,0.0,,0.0,0.0,0.024748666,,,0.3043478,,,0.0,0.0,0.0,4.145,,,0.0,0.0,0.0,0.0,0.0,0.0,0.0,0.0,0.0,,,,0.0,0.0,0.0,0.36802292,0.0,0.0,0.0,0.0,0.0,489.09998,0.15320452
33643,395545,Danylo Krevsun,2209,Zalaegerszegi TE,1522,NB I,351,2026/2027,238,2005-04-21,False,,,,69.0,176.0,265.48334,0.13985697428385416,0.28447273,2.034026,0.0,0.0,0.14092126,1.6950216,0.6780087,0.0,0.0,1.6950216,0.6780087,1.3560174,2.034026,2.034026,0.33900434,2.3730302,2.0574596,0.3234057,2.3808653,0.75,0.0,0.6780087,0.6780087,1.3560174,0.6,5.085065,0.0,0.6780087,0.5,0.33900434,44.070564,0.15753424657534246,0.1506849315068493,0.6917808219178082,10.848139,0.125,0.09375,0.78125,0.16666666666666666,0.8082191780821918,0.0,0.0,0.33900434,0.25,0.0,0.6589439,0.0,0.7063404,0.4724696,0.52641463,0.35785457,0.021920098,0.0,2.0835733,1.3936979,1.5528257,1.0556048,0.01780832,0.011911947,0.013272014,0.009022264,Left Defensive Midfielder,Centre Attacking Midfielder,0.6780087,8.475108,11.187143,14.577187,1.017013,4.068052,0.2,0.11900116,0.01968503937007874,4.7460604,1.017013,0.0,0.0,0.0,0.0,0.0,0.0,0.0,,0.1592920353982301,0.6470588235294118,0.11643835616438356,21.012671901755137,19.688391733977753,15.5941162109375,16.770000457763672,0.0,0.0,,0.0,0.0,0.047945205,0.1849315,0.0,0.49999997,3,88.494446,7.695398,0.0,1.017013,0.425394,-0.425394,3.7290478,0.0,0.0,,1.017013,,0.9369771,1.0754056,-0.16116035,-5.4185557,41.35853,0.9590164,4.6820936,0.5,4.7460604,0.0,0.0,0.0,0.33900434,15.304302,4.7460604,2.034026,3,46.958923,4.7460604,2.7120347,0.3255814,0.5714286,46.818146,54.081352,2026-08-29T15:00,2.9498148,0.3308513,0.11506863,0.088779956,0.033818666,0.09318402,,0.0,6.441082,0.27089646,0.0,0.0,3.3900433,6.6240206,6.6926923,4.766923,0.19587629,0.9381443,0.5979381,0.21153846,0.96153843,0.61538464,0.0,1.0,0.42307693,8.475108,6.441082,0.76,3.3900433,0.7692308,2.034026,0.6,4.4070563,3.3900433,0.042871535,0.03318693,0.022134794,0.20833333,0.22807017,0.45454547,4.4070563,2.7120347,2.7120347,6.7883334,6.616667,3.49,0.33900434,0.0,0.0,4.068052,2.7120347,2.7120347,1.3560174,0.6780087,0.6780087,4.5960417,4.09375,4.09375,0.6780087,0.33900434,0.0,4.068052,2.034026,0.6780087,2.7120347,1.3560174,0.0,265.48334,17.28922
33643,45820,Oleksandr Safronov,1034,Honvéd,1522,NB I,351,2026/2027,238,1999-06-11,False,,,,67.0,187.0,10.233334,,0.0,0.0,0.0,0.0,0.0,0.0,0.0,0.0,0.0,0.0,0.0,0.0,0.0,0.0,0.0,0.0,0.0,0.0,0.0,,0.0,0.0,0.0,0.0,,0.0,0.0,17.589577,1.0,8.794788,17.589577,0.0,0.0,1.0,0.0,,,,,0.5,,0.0,0.0,,0.0,17.76942,0.0,0.19051231,0.19051231,0.19051231,0.19051231,0.0,0.0,0.021661956,0.021661956,0.021661956,0.021661956,0.005415489,0.005415489,0.005415489,0.005415489,,,17.589577,0.0,0.0,0.0,0.0,0.0,,0.0,0.0,0.0,0.0,0.0,0.0,0.0,0.0,0.0,0.0,0.0,,0.0,,0.0,25.71500015258789,21.709999084472656,,,0.0,0.0,,0.0,0.0,0.0,0.5,0.0,0.5,1,10.233334,8.794788,0.0,0.0,0.0,0.0,0.0,0.0,0.0,,0.0,,0.8442543,,,,17.589577,1.0,11.853219,,0.0,0.0,0.0,0.0,0.0,0.0,8.794788,0.0,0,,0.0,0.0,,,14.512678,40.45357,2026-08-29T15:00,0.113703705,0.10746995,-0.06007911,,0.14948337,0.01806571,,0.0,0.0,0.0,0.0,0.0,0.0,6.08,,,0.0,1.0,1.0,,,,,,,0.0,0.0,,0.0,,0.0,,0.0,0.0,,,,0.0,,,0.0,0.0,0.0,,,,0.0,0.0,0.0,0.0,0.0,0.0,0.0,0.0,0.0,,,,0.0,0.0,0.0,0.0,0.0,0.0,0.0,0.0,0.0,10.233334,0.0
33643,431973,Maxim Osztrovka,2484,Kisvárda,1522,NB I,351,2026/2027,238,2007-04-07,False,,,Maksym Ostrovka,,,368.56665,0.022720905020833015,0.022192799,0.9767568,0.0,0.0,0.015894897,0.4883784,0.4883784,0.0,0.0,0.9767568,0.9767568,0.0,0.9767568,1.9535136,0.4883784,2.4418921,1.1172105,0.37184215,1.4890525,0.8888888888888888,0.4883784,2.9302704,0.2441892,0.7325676,0.27586206896551724,1.9535136,0.02564102564102564,2.4418921,0.375,0.7325676,31.256218,0.40217391304347827,0.16304347826086957,0.43478260869565216,4.8837843,0.4,0.05,0.55,0.0,0.6793478260869565,0.0,0.0,0.7325676,0.75,0.0,1.4350568,0.0,0.43170196,0.33794314,0.42166975,0.32204822,0.015894897,0.0,1.7678994,1.3839396,1.7268156,1.3188471,0.009256017,0.007245757,0.009040919,0.0069049583,Right Back,,2.9302704,6.5931087,10.255947,13.674596,0.7325676,4.8837843,0.75,0.0,0.00390625,1.4651352,0.7325676,0.0,0.0,0.0,0.0,0.0,0.0,0.0,,0.12790697674418605,0.75,0.08695652173913043,21.692717179008152,18.076638671875,16.078125,16.05000114440918,0.0,0.0,,0.0,0.0,0.10869565,0.3097826,0.0,0.23279648,4,92.14166,3.8826084,0.0,0.0,0.038087692,-0.038087696,1.4651352,0.0,0.4883784,1.0,0.0,,0.83330446,0.9982508,0.07065217,-5.614592,23.686354,0.9484536,3.1935837,0.75,2.197703,0.0,0.0,0.0,0.0,8.420239,7.081487,1.2209461,4,35.114887,3.418649,0.4883784,0.25,0.22222222,32.0314,50.919544,2026-08-15T15:30,4.095185,0.12366845,0.07302611,-0.038198706,0.05713228,0.031708766,,0.0,10.255947,0.0,0.0,0.0,3.9070272,7.2200003,7.5926666,6.373077,0.24390244,0.9268293,0.64634144,0.33333334,0.96666664,0.56666666,0.23076923,1.0,0.3846154,7.325676,2.4418921,0.33333334,1.2209461,0.3846154,1.2209461,0.3846154,3.1744597,3.1744597,0.026816165,0.017815877,0.02017207,0.2857143,0.3939394,0.7647059,0.2441892,0.0,0.0,2.9033332,3.135,3.135,0.0,0.0,0.0,0.2441892,0.0,0.0,0.0,0.0,0.0,4.52,,,0.0,0.0,0.0,1.4651352,0.4883784,0.4883784,0.0,0.0,0.0,368.56665,18.55838
33643,28574,Etienne Amenyido,1033,Ujpest,1522,NB I,351,2026/2027,228,1998-03-01,False,Etienne,Amenyido,,76.0,185.0,527.23334,0.13843044367703525,0.2599345,1.8777266,0.5121072,1.0242144,0.20130794,0.853512,0.853512,0.5121072,0.0,0.3414048,0.3414048,4.7796674,5.1210723,1.3656192,0.1707024,1.5363218,1.5599035,0.21143524,1.7713389,0.8,1.0242144,1.707024,0.3414048,1.8777266,0.5,0.6828096,0.03571428571428571,0.853512,0.09090909090909091,0.3414048,18.265158,0.11206896551724138,0.1896551724137931,0.6982758620689655,5.8038816,0.17647058823529413,0.17647058823529413,0.6470588235294118,0.45454545454545453,0.7758620689655172,0.2727272727272727,0.5121072,0.1707024,0.25,0.0,0.92823184,0.5121072,0.62732774,0.62732774,0.32247254,0.32247254,0.20130794,0.5121072,3.674979,3.674979,1.889092,1.889092,0.021874875,0.021874875,0.011244595,0.011244595,Centre Attacking Midfielder,Centre Forward,1.1949168,1.0242144,7.852311,10.924953,3.414048,2.9019408,0.0,0.0,0.0364963503649635,2.5605361,1.3656192,0.0,0.0,0.0,0.0,0.0,0.0,0.0,,0.1724137931034483,0.8636363636363636,0.1896551724137931,14.656898235452585,13.89022216796875,13.824090957641602,15.477368354797363,0.0,0.0,,0.0,0.0,0.06896552,0.19827586,0.0,0.18722466,6,87.87222,2.9019408,0.0,0.0,0.46124238,0.562972,2.7312384,0.5121072,1.5363218,0.6666667,0.0,,0.9476918,1.119594,0.08777429,-0.8328071,20.48429,0.8333333,5.6037517,0.33333334,3.0726435,0.1707024,0.0,0.0,0.0,10.810503,3.9261556,0.6828096,6,60.987663,7.852311,2.2191312,0.71875,0.7222222,54.58114,59.834118,2026-08-29T17:30,5.858148,0.065511994,0.046731614,0.09632168,-0.09782321,0.02028194,,0.853512,2.9019408,0.3511377,0.0,0.0,1.8777266,3.966167,3.8487666,3.8941891,0.04347826,0.73913044,0.25,0.014285714,0.7714286,0.24285714,0.027027028,0.7567568,0.24324325,2.8763185,1.3422819,0.46666667,0.76701826,0.4,0.38350913,0.2857143,1.9175456,1.3422819,0.011695237,0.009635505,0.0022012815,0.1764706,0.1754386,0.25925925,8.628956,6.136146,3.2598279,4.8166666,4.2433333,4.04,0.38350913,0.0,0.0,5.9443913,4.026846,2.1093001,2.1093001,1.1505274,0.19175456,3.7211137,3.2214456,2.9078636,0.0,0.0,0.0,1.1505274,0.5752637,0.19175456,0.5752637,0.19175456,0.0,469.34998,13.997598
33643,404331,Ilia Beriashvili,2207,MTK Budapest,1522,NB I,351,2026/2027,84,1998-07-09,False,,,,80.0,190.0,320.31665,,0.0,0.0,0.0,0.0,0.0,0.0,0.0,0.0,0.0,0.0,0.0,0.28097197,0.28097197,1.4048599,1.9668039,3.3716636,1.6206794,1.6862367,3.3069162,1.0,0.28097197,0.28097197,0.0,0.0,0.5238095238095238,3.0906916,0.02040816326530612,4.4955516,0.6923076923076923,2.5287478,47.48426,0.25842696629213485,0.02247191011235955,0.7191011235955056,2.5287478,0.7777777777777778,0.0,0.2222222222222222,,0.8370786516853933,,0.0,0.0,,0.0,3.1886885,0.0,0.6616998,0.60282177,0.6616998,0.60282177,0.0,0.0,2.3550384,2.1454873,2.3550384,2.1454873,0.014018086,0.012770758,0.014018086,0.012770758,Right Centre Back,Left Centre Back,5.6194396,4.7765236,5.338467,5.900411,0.0,3.6526356,,0.0,0.0,2.2477758,0.8429159,0.0,0.0,0.0,0.0,0.0,0.0,0.0,,0.34782608695652173,0.8484848484848485,0.1853932584269663,21.661068348402388,19.18134241296141,20.804542541503906,19.03928565979004,0.0,0.0,,0.0,0.0,0.12921348,0.21348314,0.0,0.4134948,5,64.06333,6.71523,0.0,0.0,0.0,0.0,0.0,0.0,0.28097197,1.0,0.0,,0.88552153,0.9151504,0.011406197,-0.8565251,35.40247,1.0,4.8860493,,1.1238879,0.0,0.0,0.0,0.0,6.411663,4.2145796,0.8429159,4,37.530838,1.4048599,0.28097197,0.23809524,0.25,25.519802,33.181026,2026-08-28T18:00,3.559074,0.28495365,0.10673153,,0.10094728,0.0772748,,0.0,10.957907,0.0,0.0,0.0,2.8097198,11.2944,9.13,2.0,0.62,1.0,0.84,0.33333334,1.0,0.6666667,0.0,1.0,0.0,9.256913,4.8296933,0.5217391,1.6098979,0.8,0.0,,2.0123725,0.0,0.035447348,0.017817235,,0.26436782,0.35714287,0.0,0.40247446,0.40247446,0.40247446,4.6566668,3.755,,0.0,0.0,0.0,0.40247446,0.40247446,0.40247446,0.0,0.0,0.0,2.0,2.0,2.0,0.0,0.0,0.0,3.6222703,0.8049489,0.0,1.2074233,0.0,0.0,223.61667,7.586243
33643,571655,Prince Manu Balladom,1033,Ujpest,1522,NB I,351,2026/2027,86,2007-04-09,False,,,Prince Balladom,,194.0,21.35,0.09362922608852386,0.39468995,4.2154565,0.0,0.0,0.03845448,4.2154565,0.0,0.0,0.0,4.2154565,0.0,8.430913,8.430913,4.2154565,0.0,4.2154565,5.756178,0.0,5.756178,1.0,0.0,4.2154565,0.0,4.2154565,0.0,0.0,0.0,4.2154565,1.0,4.2154565,29.508196,0.25,0.125,0.625,8.430913,0.0,0.5,0.5,0.0,0.625,0.0,0.0,0.0,,0.0,5.756178,0.0,1.1582028,1.1197482,1.1197482,1.1197482,0.0,0.0,0.27475142,0.26562917,0.26562917,0.26562917,0.024977403,0.024148107,0.024148107,0.024148107,Centre Forward,,4.2154565,4.2154565,4.2154565,12.64637,8.430913,0.0,0.0,0.03845448,0.07692307692307693,0.0,0.0,0.0,0.0,0.0,0.0,0.0,0.0,0.0,,0.0,,0.0,16.481250762939453,12.847999572753906,,,0.0,0.0,,0.0,0.0,0.25,0.5,0.0,0.36923078,1,21.35,10.117096,0.0,4.2154565,0.43314445,-0.43314445,8.430913,4.2154565,4.2154565,0.0,4.2154565,,0.77955246,,,,33.72365,0.625,5.3087683,1.0,4.2154565,0.0,0.0,0.0,0.0,17.268534,4.2154565,0.0,0,76.86584,12.64637,4.2154565,1.0,1.0,65.30236,63.050716,2026-08-21T15:30,0.23722222,-0.18539272,-0.029474724,-0.28465733,0.018730992,0.11000836,,0.0,21.077282,0.0,0.0,0.0,16.861826,3.334,3.334,3.6775,0.0,0.6,0.4,0.0,0.6,0.4,0.0,0.75,0.5,4.2154565,0.0,0.0,0.0,0.0,0.0,0.0,4.2154565,4.2154565,0.0065537356,0.0065537356,,0.16666667,0.16666667,0.5,16.861826,16.861826,12.64637,,,,0.0,0.0,0.0,8.430913,8.430913,8.430913,8.430913,8.430913,8.430913,3.4875,3.4875,3.9966667,0.0,0.0,0.0,0.0,0.0,0.0,0.0,0.0,0.0,21.35,21.077282
33643,48453,Anatolii Nuriev,2484,Kisvárda,1522,NB I,351,2026/2027,16,1996-05-20,False,,,,76.0,182.0,108.466675,0.09038447340329488,0.224989,2.4892437,0.829748,0.829748,0.21328379,2.4892437,2.4892437,0.0,0.0,0.829748,0.829748,8.29748,9.127228,1.659496,1.659496,3.318992,1.3523309,1.30792,2.660251,0.6666666666666666,0.829748,4.14874,0.829748,1.659496,0.16666666666666666,0.829748,0.0,0.0,0.5,2.4892437,22.403194,0.1,0.16666666666666666,0.7333333333333333,6.637984,0.0,0.0,1.0,0.3333333333333333,0.5333333333333333,0.3333333333333333,0.829748,0.0,0.0,0.0,0.0,0.829748,1.1211022,0.9821892,0.82846797,0.689555,0.21328379,0.0,1.3511358,1.1837199,0.99845743,0.8310415,0.0321699,0.028183807,0.023772797,0.019786702,Centre Attacking Midfielder,Left Midfielder,0.829748,4.14874,9.956975,15.76521,3.318992,4.14874,0.0,0.0,0.03773584905660377,0.829748,2.4892437,0.0,0.0,0.0,0.0,0.0,0.0,0.0,,0.2,0.5,0.2,19.773000081380207,15.529375076293945,20.964998245239258,15.30666732788086,0.0,0.0,,0.0,0.0,0.033333335,0.3,0.0,0.44715446,4,27.116669,9.127228,0.0,0.0,0.43827277,0.39147514,4.9784875,0.829748,1.659496,0.5,0.0,,0.78538287,0.7301058,-0.033333335,1.1919988,23.232943,0.85714287,5.4761686,0.5,7.4677315,0.829748,0.0,0.0,0.0,12.705444,4.14874,2.4892437,0,58.125904,9.127228,4.14874,0.57894737,0.5555556,57.658978,65.05629,2026-08-30T14:30,1.2051853,0.5606772,-0.013333576,0.41889668,-0.007953256,0.16306709,,0.829748,8.29748,0.76747364,0.0,0.0,5.8082356,6.2991667,6.202,4.727143,0.16666667,0.8333333,0.5,0.2,0.8,0.5,0.0,0.71428573,0.42857143,4.3557167,0.0,0.0,0.0,0.0,0.0,0.0,4.3557167,4.3557167,-0.058815904,-0.058815904,-0.058815904,0.2857143,0.44444445,0.5714286,4.3557167,4.3557167,4.3557167,,,,0.0,0.0,0.0,2.1778584,2.1778584,2.1778584,1.0889292,1.0889292,1.0889292,3.265,3.265,3.265,0.0,0.0,0.0,0.0,0.0,0.0,0.0,0.0,0.0,82.65,21.573446
33643,484627,Marko Matanović,2484,Kisvárda,1522,NB I,351,2026/2027,152,2000-07-17,False,,,,,189.0,401.76666,0.06323788563410442,0.12749362,2.0160956,0.22401062,0.6720319,0.27637318,1.3440638,1.3440638,0.44802123,0.22401062,1.3440638,1.3440638,3.8081806,5.152244,2.4641168,0.44802123,2.912138,2.0300574,0.34669256,2.3767498,0.9166666666666666,1.7920849,1.120053,0.22401062,2.240106,0.75,2.0160956,0.025974025974025976,1.5680743,0.21428571428571427,0.6720319,19.712934,0.17204301075268819,0.11827956989247312,0.7096774193548387,6.944329,0.1935483870967742,0.16129032258064516,0.6451612903225806,0.1111111111111111,0.6666666666666666,0.1111111111111111,0.22401062,0.6720319,0.2,0.0,1.2219472,0.89604247,0.76690173,0.76690173,0.5396991,0.5396991,0.27637318,0.44802123,3.423506,3.423506,2.4092565,2.4092565,0.024808014,0.024808014,0.01745838,0.01745838,Right Midfielder,Right Wing,2.4641168,1.7920849,9.184436,15.456733,3.8081806,4.9282336,0.16666666666666666,0.0,0.027649769585253458,2.0160956,1.3440638,0.0,0.0,0.0,0.0,0.0,0.0,0.0,,0.7321428571428571,0.48148148148148145,0.2903225806451613,17.348708942372312,16.920162077872984,18.37925910949707,17.653846740722656,0.0,0.0,,0.0,0.0,0.09677419,0.2795699,0.0,0.26180834,6,66.96111,4.345806,0.0,0.0,0.40386683,0.26816508,3.3601594,1.7920849,3.5841699,0.5,0.0,,0.97529805,0.96053094,-0.18518518,1.03055,27.105286,0.8181818,6.9785423,1.0,3.3601594,0.44802123,0.0,0.0,0.0,11.331024,6.4963083,0.89604247,3,52.932587,8.960424,2.6881275,0.5797101,0.8,48.323746,63.08188,2026-08-30T14:30,4.464074,0.26060086,0.15381037,-0.09586163,0.06238465,0.14026746,,0.89604247,3.8081806,0.07115958,0.0,0.0,2.240106,3.9436586,3.9503126,4.151579,0.048780486,0.68292683,0.34146342,0.0625,0.71875,0.3125,0.10526316,0.7894737,0.2631579,3.5594616,1.7797308,0.5,1.483109,0.45454547,0.0,0.0,3.2628398,1.483109,-0.012203797,-0.013609293,-0.02603399,0.24,0.2972973,0.2173913,2.3729744,1.7797308,1.1864872,3.5625,3.5625,,0.0,0.0,0.0,0.8898654,0.5932436,0.5932436,0.2966218,0.0,0.0,3.5066667,2.8575,3.24,0.0,0.0,0.0,1.1864872,1.1864872,0.0,0.2966218,0.2966218,0.0,303.41666,19.040903
33643,267291,Viktor Đukanović,2774,Győri ETO,1522,NB I,351,2026/2027,152,2004-01-29,False,,,,,184.0,464.11667,0.20163857019864595,0.50831425,2.520918,0.3878335,0.3878335,0.01532483,0.3878335,0.3878335,0.0,0.0,0.5817503,0.5817503,5.429669,6.01142,0.0,0.3878335,0.3878335,0.0,0.53882676,0.53882676,0.0,0.3878335,0.775667,0.19391675,1.3574172,0.5555555555555556,0.96958375,0.0,0.19391675,0.3333333333333333,0.775667,13.380256,0.11842105263157894,0.21052631578947367,0.6710526315789473,4.654002,0.08333333333333333,0.3333333333333333,0.5833333333333334,0.38461538461538464,0.75,0.15384615384615385,0.3878335,0.3878335,1.0,0.0,0.29182792,0.3878335,0.6770797,0.6770797,0.48319703,0.48319703,0.01532483,0.0,3.4915998,3.4915998,2.4917755,2.4917755,0.03293962,0.03293962,0.023507316,0.023507316,Centre Forward,Right Midfielder,0.19391675,1.7452508,3.102668,7.5627537,1.9391675,0.96958375,0.0,0.0,0.06134969325153374,1.3574172,1.7452508,0.0,0.0,0.0,0.0,0.0,0.0,0.0,,0.11320754716981132,0.75,0.10526315789473684,17.343947561163652,16.026315789473685,12.78499984741211,11.976666450500488,0.0,0.0,,0.0,0.0,0.078947365,0.21052632,0.0,0.10854817,5,92.82333,1.551334,0.0,0.0,0.52363914,-0.13580555,2.9087515,0.775667,1.1635005,0.33333334,0.0,,0.9240293,0.93677485,0.0,-4.5589476,13.962007,0.8194444,6.046967,0.0,1.1635005,0.19391675,0.0,0.0,0.0,7.8977666,1.1635005,0.19391675,5,55.24912,4.072252,0.96958375,0.53846157,0.8333333,53.641113,59.737354,2026-08-30T14:30,5.156852,-0.07149496,0.0062748264,-0.15048522,0.015416973,0.05729847,,0.775667,3.102668,0.24655649,0.0,0.0,1.7452508,2.7084615,2.6646876,2.666087,0.0,0.4871795,0.15384616,0.0,0.46875,0.15625,0.0,0.47826087,0.17391305,0.984234,0.0,0.0,0.0,0.0,0.0,0.0,0.492117,0.492117,-0.01099539,-0.007442975,-0.007442975,0.1,0.074074075,0.1,6.151462,4.9211698,3.6908772,,,,0.0,0.0,0.0,2.4605849,1.7224094,1.2302924,0.2460585,0.2460585,0.2460585,2.378369,2.5171428,2.3664,0.0,0.0,0.0,0.0,0.0,0.0,0.0,0.0,0.0,365.7667,8.338421
33643,531040,Moisés Eliécer Richards Cedeño,2209,Zalaegerszegi TE,1522,NB I,351,2026/2027,176,2008-02-03,False,,,Moisés Cedeño,,167.0,91.566666,0.055006325244903564,0.27032596,4.9144526,0.0,0.0,0.06406641,0.9828905,0.9828905,0.0,0.0,0.9828905,0.9828905,10.811795,11.794685,0.0,0.0,0.0,0.0,0.0,0.0,,0.0,0.9828905,0.0,0.0,0.0,0.0,0.0,0.0,0.6666666666666666,1.965781,17.692028,0.16666666666666666,0.1111111111111111,0.7222222222222222,12.7775755,0.15384615384615385,0.15384615384615385,0.6923076923076923,0.6,0.7777777777777778,0.0,0.0,0.0,0.0,0.0,0.0,0.9828905,0.59257805,0.59257805,0.32011497,0.32011497,0.06406641,0.0,0.6028933,0.6028933,0.32568735,0.32568735,0.025120554,0.025120554,0.013570306,0.013570306,Left Centre Forward,Right Centre Forward,0.9828905,0.0,4.9144526,6.880233,1.965781,3.931562,0.0,0.0,0.07142857142857142,1.965781,0.9828905,0.0,0.0,0.0,0.0,0.0,0.0,0.0,,0.2857142857142857,0.6,0.2777777777777778,20.4022216796875,14.395713806152344,30.310001373291016,14.566665649414062,0.0,0.0,,0.0,0.0,0.22222222,0.3888889,0.0,0.17307693,3,30.522223,3.5384054,0.0,0.0,0.3343924,-0.33439237,5.8973427,0.0,0.0,,0.0,,0.7055954,0.48058942,-0.17777778,9.907779,18.674917,0.8947368,4.756492,,2.9486713,0.9828905,0.0,0.0,0.0,6.8740053,3.931562,1.965781,0,65.31163,5.8973427,2.9486713,0.85714287,1.0,61.998123,74.53722,2026-08-29T15:00,1.0174074,0.251797,-0.094293065,0.30753562,-0.23209445,0.27064887,,1.965781,4.9144526,0.8532251,0.0,0.0,4.9144526,2.9806666,2.9806666,3.199,0.0,0.6666667,0.13333334,0.0,0.6666667,0.13333334,0.0,0.8,0.1,3.931562,1.965781,0.5,1.965781,0.5,1.965781,0.6666667,3.931562,2.9486713,0.03795798,0.03795798,0.03768036,0.22222222,0.25,0.25,7.863124,7.863124,3.931562,4.16,4.16,4.16,0.0,0.0,0.0,3.931562,3.931562,1.965781,0.9828905,0.9828905,0.0,2.995,2.995,2.9233332,0.0,0.0,0.0,0.9828905,0.9828905,0.9828905,0.0,0.0,0.0,91.566666,7.863124
33643,103341,Gleofilo Sabrino Rudewald Vlijter,1033,Ujpest,1522,NB I,351,2026/2027,217,1999-09-17,False,,,Gleofilo Vlijter,,176.0,333.55002,0.14484768564050848,0.42991817,2.9680705,0.5396492,0.8094738,0.13634512,1.349123,1.349123,0.2698246,0.0,0.2698246,0.2698246,7.0154395,7.285264,0.2698246,0.0,0.2698246,0.33420986,0.0,0.33420986,0.3333333333333333,0.8094738,0.8094738,0.5396492,2.4284215,0.8,1.0792984,0.0,0.8094738,0.4375,1.8887722,12.951581,0.09803921568627451,0.13725490196078433,0.7647058823529411,2.9680705,0.0,0.09090909090909091,0.9090909090909091,0.36363636363636365,0.6862745098039216,0.18181818181818182,0.5396492,0.5396492,1.0,0.0,0.7272936,0.8094738,0.6364203,0.6364203,0.4868044,0.4868044,0.13634512,0.2698246,2.3586445,2.3586445,1.8041513,1.8041513,0.029119067,0.029119067,0.022273473,0.022273473,Centre Forward,Left Centre Forward,1.0792984,1.0792984,7.285264,12.142107,2.4284215,2.1585968,1.0,0.0,0.08,0.8094738,0.8094738,0.0,0.0,0.0,0.0,0.0,0.0,0.0,,0.5517241379310345,0.5555555555555556,0.35294117647058826,17.355882831648284,19.836286272321427,11.717778205871582,16.323999404907227,0.0,0.0,,0.0,0.0,0.1764706,0.33333334,0.0,0.21428572,6,55.59167,3.5616848,0.0,0.0,0.56626326,0.24321052,4.3171935,0.0,0.8094738,1.0,0.0,,1.1429143,1.3930968,-0.13071896,-5.6381044,15.919651,0.7457627,6.0115776,0.0,1.6189476,0.0,0.0,0.0,0.0,12.078338,2.4284215,0.5396492,4,63.386345,9.443861,1.0792984,0.7777778,0.6666667,59.826496,54.419804,2026-08-29T17:30,3.7061114,0.28794155,0.08183874,0.19786164,-0.025916025,0.03415722,,0.8094738,2.4284215,0.4249914,0.0,0.0,1.8887722,3.7928126,2.812,2.4415386,0.0,0.75,0.28125,0.0,0.6,0.15,0.0,0.53846157,0.0,2.466035,1.2330174,0.5,0.9247631,0.6,0.9247631,1.0,1.5412717,0.9247631,0.06474631,0.064013645,0.06458636,0.25,0.3125,0.33333334,6.781596,4.93207,3.390798,4.75,4.75,4.75,0.0,0.0,0.0,4.6238155,2.7742891,1.8495262,1.8495262,0.6165087,0.0,3.7708888,3.3996296,2.9466667,0.0,0.0,0.0,0.30825436,0.30825436,0.30825436,0.0,0.0,0.0,291.96667,13.221405
33643,90954,Lenny Alvin Pico Joseph,1476,Ferencvaros,1522,NB I,351,2026/2027,98,2000-10-12,False,,,Lenny Joseph,76.0,182.0,143.61667,0.07602680722872417,0.14293075,1.8800045,0.0,0.0,0.23880675,0.6266682,0.6266682,0.0,0.0,0.0,0.0,4.3866773,4.3866773,0.6266682,0.0,0.6266682,0.5697666,0.0,0.5697666,1.0,1.8800045,1.8800045,0.0,3.133341,1.0,0.6266682,0.0,1.2533364,0.7272727272727273,5.0133457,11.906696,0.10526315789473684,0.2631578947368421,0.631578947368421,5.0133457,0.0,0.5,0.5,0.0,0.6842105263157895,0.0,0.0,0.0,,0.0,1.5532247,0.0,0.47241673,0.47241673,0.23361,0.23361,0.23880675,0.0,0.75385463,0.75385463,0.372781,0.372781,0.02284408,0.02284408,0.011296394,0.011296394,Centre Forward,Left Centre Forward,1.2533364,0.6266682,14.413369,23.813393,3.133341,5.0133457,,0.0,0.03773584905660377,1.2533364,1.8800045,0.0,0.0,0.0,0.0,0.0,0.0,0.0,,0.09090909090909091,0.5,0.5263157894736842,15.98526322214227,16.80230712890625,11.563000679016113,11.266000747680664,0.0,0.0,,0.0,0.0,0.15789473,0.36842105,0.0,0.083682,3,47.872223,1.2533364,0.0,0.0,0.38173747,-0.38173747,2.5066729,1.2533364,3.133341,0.6,0.0,,1.0511123,0.97431463,-0.18421052,-4.4222627,15.666705,0.64,5.3885736,,3.760009,0.0,0.0,0.0,0.0,25.737432,6.89335,1.2533364,2,65.77182,18.173378,3.760009,0.7631579,1.0,63.794693,66.49306,2026-08-30T17:00,1.5957408,-0.22337608,-0.042008676,-0.022452088,-0.070576906,-0.08833843,,0.0,2.5066729,0.0,0.0,0.0,0.6266682,2.4609523,2.4609523,2.2009091,0.0,0.5714286,0.0952381,0.0,0.5714286,0.0952381,0.0,0.45454547,0.09090909,0.0,0.0,,0.0,,0.0,,0.0,0.0,,,,0.0,0.0,0.0,8.146687,8.146687,5.0133457,,,,0.0,0.0,0.0,3.760009,3.760009,1.2533364,0.0,0.0,0.0,2.64625,2.64625,2.56,0.0,0.0,0.0,0.0,0.0,0.0,0.0,0.0,0.0,143.61667,26.320065
33643,389171,Vilius Armalas,2207,MTK Budapest,1522,NB I,351,2026/2027,132,2000-07-21,False,,,,74.0,191.0,369.5,0.0717537800470988,0.05243172,0.73071724,0.0,0.0,0.0,0.0,0.0,0.0,0.0,0.0,0.0,1.4614345,1.4614345,0.48714477,0.24357238,0.73071724,0.22943687,0.32255897,0.5519959,1.0,0.0,0.97428954,0.0,0.48714477,0.375,1.4614345,0.08333333333333333,3.8971581,0.7857142857142857,2.6792963,30.446548,0.3358208955223881,0.07462686567164178,0.5895522388059702,1.2178619,0.2,0.4,0.4,0.6666666666666666,0.7164179104477612,0.0,0.0,0.0,,0.0,3.3832989,0.0,0.50039035,0.48606938,0.49319968,0.4788787,0.0,0.0,2.0543804,1.9955848,2.0248587,1.9660631,0.0140710985,0.013668389,0.013868895,0.013466186,Right Centre Back,Right Back,5.1150203,2.6792963,4.1407304,5.3585925,0.48714477,2.4357238,,0.0,0.014218009478672985,1.2178619,0.24357238,0.0,0.0,0.0,0.0,0.0,0.0,0.0,,0.21686746987951808,0.6153846153846154,0.19402985074626866,22.78858150652985,20.747291564941406,23.439231872558594,22.674373626708984,0.0,0.0,,0.0,0.0,0.11940298,0.30597016,0.0,0.1262272,6,61.583332,2.1921515,0.0,0.0,0.05243172,-0.05243172,0.73071724,0.0,0.0,,0.0,,0.9104249,0.9673685,-0.10103329,0.650651,19.972937,0.9634146,3.6152678,,0.48714477,0.0,0.0,0.0,0.0,5.2895613,3.4100137,0.24357238,3,28.743263,0.97428954,0.0,0.18181819,0.0,25.485542,33.05359,2026-08-28T18:00,4.1055555,0.12365909,0.01360174,0.012384812,0.08336543,0.014307067,,0.0,10.717185,0.104938924,0.0,0.0,1.4614345,8.306637,6.5975,1.8366667,0.3272727,0.8545455,0.6545454,0.375,0.625,0.5,0.0,0.33333334,0.0,6.0790844,2.532952,0.41666666,0.2532952,0.2,0.0,0.0,1.266476,0.2532952,-0.00085816666,-0.008471661,-0.0114730485,0.23762377,0.41666666,0.33333334,0.75988555,0.5065904,0.5065904,4.4816666,,,0.0,0.0,0.0,0.5065904,0.2532952,0.2532952,0.2532952,0.0,0.0,5.0150003,3.42,3.42,0.0,0.0,0.0,1.5197711,0.0,0.0,0.5065904,0.0,0.0,355.31665,6.8200274
33643,441310,Leon Darius Myrtaj,2206,Debrecen,1522,NB I,351,2026/2027,3,2008-03-28,False,,,Leon Myrtaj,,173.0,67.3,0.03354232261578242,0.134568,4.011887,0.0,0.0,0.0,0.0,0.0,0.0,0.0,0.0,0.0,2.6745913,2.6745913,0.0,0.0,0.0,0.0,0.0,0.0,,0.0,4.011887,0.0,4.011887,0.0,0.0,0.0,0.0,1.0,1.3372957,28.083208,0.3333333333333333,0.14285714285714285,0.5238095238095238,2.6745913,0.5,0.5,0.0,0.0,0.6666666666666666,0.0,0.0,0.0,,0.0,0.0,0.0,0.3462921,0.3462921,0.3225416,0.3225416,0.0,0.0,0.25894955,0.25894955,0.24118944,0.24118944,0.013628923,0.013628923,0.012694181,0.012694181,Left Centre Midfielder,,0.0,1.3372957,12.035661,25.408617,2.6745913,10.698365,,0.0,0.045454545454545456,2.6745913,2.6745913,0.0,0.0,0.0,0.0,0.0,0.0,0.0,,0.14285714285714285,1.0,0.09523809523809523,14.420475551060267,13.620714460100446,15.050000190734863,15.050000190734863,0.0,0.0,,0.0,0.0,0.04761905,0.23809524,0.0,0.19444443,2,33.65,5.616641,0.0,0.0,0.134568,-0.134568,4.011887,1.3372957,1.3372957,0.0,0.0,,0.9445399,1.0,0.33333334,0.62952465,33.432392,0.8,6.1796594,,4.011887,0.0,0.0,0.0,0.0,36.96841,10.698365,1.3372957,0,51.607876,14.710252,4.011887,0.57894737,1.0,50.73105,46.765495,2026-08-28T18:00,0.7477778,-0.1012198,-0.02964769,-0.14012814,-0.008130229,0.07668627,,0.0,8.023774,0.0,0.0,0.0,6.686478,5.587647,5.6689997,3.27,0.05882353,0.88235295,0.4117647,0.1,0.8,0.4,0.0,0.5,0.0,1.3372957,0.0,0.0,0.0,0.0,0.0,,1.3372957,0.0,-0.0037321248,-0.0037321248,,0.0625,0.16666667,,6.686478,4.011887,1.3372957,,,,0.0,0.0,0.0,5.3491826,2.6745913,0.0,1.3372957,1.3372957,0.0,3.4475,3.5033333,,0.0,0.0,0.0,0.0,0.0,0.0,0.0,0.0,0.0,67.3,29.420504
33643,563614,Nicolae Rotaru,2774,Győri ETO,1522,NB I,351,2026/2027,149,2005-12-19,False,,,,,184.0,13.95,,0.0,0.0,0.0,0.0,0.0,0.0,0.0,0.0,0.0,0.0,0.0,0.0,0.0,0.0,0.0,0.0,0.0,0.0,0.0,,0.0,6.4516134,0.0,0.0,,0.0,0.0,0.0,0.0,0.0,6.4516134,0.0,0.0,1.0,0.0,,,,,0.0,,0.0,0.0,,0.0,0.0,0.0,0.0,0.0,0.0,0.0,0.0,0.0,0.0,0.0,0.0,0.0,0.0,0.0,0.0,0.0,Right Centre Forward,,0.0,0.0,12.903227,19.35484,6.4516134,12.903227,,0.0,0.0,0.0,6.4516134,0.0,0.0,0.0,0.0,0.0,0.0,0.0,,,,0.0,9.180000305175781,,,,0.0,0.0,,0.0,0.0,0.0,0.0,0.0,,1,13.95,,0.0,0.0,0.0,0.0,0.0,6.4516134,6.4516134,0.0,0.0,,,,,,19.35484,0.6666667,0.2894906,,0.0,0.0,0.0,0.0,0.0,24.527294,12.903227,0.0,0,46.45119,6.4516134,0.0,0.33333334,,46.45119,,2026-08-30T14:30,0.155,-0.31552312,-0.07549016,,-0.030110434,-0.20992248,,0.0,6.4516134,0.0,0.0,0.0,0.0,,,,,,,,,,,,,,,,,,,,,,,,,,,,,,,,,,,,,,,,,,,,,,,,,,,,,,,0.0,25.806454
33643,132728,Jewison Francisco Bennette Villegas,2774,Győri ETO,1522,NB I,351,2026/2027,54,2004-06-15,False,,,Jewison Bennette,70.0,173.0,66.5,0.007263888604938984,0.009830827,1.3533835,0.0,0.0,0.0,0.0,0.0,0.0,0.0,0.0,0.0,1.3533835,1.3533835,1.3533835,1.3533835,2.706767,1.7150663,1.4156567,3.1307225,0.5,1.3533835,1.3533835,1.3533835,5.413534,0.0,0.0,0.0,1.3533835,,0.0,28.421051,0.13636363636363635,0.09090909090909091,0.7727272727272727,2.706767,0.5,0.0,0.5,0.0,0.5909090909090909,0.0,0.0,0.0,0.0,0.0,1.7150663,0.0,0.15818255,0.15818255,0.14835173,0.14835173,0.0,0.0,0.11687933,0.11687933,0.10961544,0.10961544,0.004328864,0.004328864,0.004059831,0.004059831,Right Back,Right Midfielder,1.3533835,2.706767,2.706767,12.180451,0.0,1.3533835,,0.0,0.025,1.3533835,1.3533835,0.0,0.0,0.0,0.0,0.0,0.0,0.0,,1.0,0.8,0.22727272727272727,16.903182983398438,11.802308302659254,9.395999908447266,11.460000038146973,0.0,0.0,,0.0,0.0,0.045454547,0.36363637,0.0,,2,33.25,,0.0,0.0,0.009830827,-0.009830827,1.3533835,0.0,1.3533835,1.0,0.0,,0.6982299,1.2196679,0.2090909,-7.507183,33.834587,0.84,8.333824,0.0,2.706767,1.3533835,0.0,0.0,0.0,14.836778,2.706767,0.0,0,32.870926,4.06015,2.706767,0.33333334,1.0,35.750225,42.82217,2026-08-30T14:30,0.73888886,0.06418526,-0.08609286,-0.045705482,0.08603659,0.109946996,,0.0,12.180451,0.0,0.0,0.0,1.3533835,2.6,1.7533333,1.91,0.0,0.33333334,0.16666667,0.0,0.33333334,0.0,0.0,0.5,0.0,12.080537,7.248322,0.6,2.4161074,0.33333334,2.4161074,0.33333334,7.248322,7.248322,0.018725181,-0.009871186,-0.009871186,0.3846154,0.5,0.75,2.4161074,0.0,0.0,2.82,2.15,2.15,0.0,0.0,0.0,0.0,0.0,0.0,0.0,0.0,0.0,,,,0.0,0.0,0.0,4.832215,2.4161074,2.4161074,0.0,0.0,0.0,37.25,14.8872175
33643,142820,Joseth Gael Peraza Serrano,2209,Zalaegerszegi TE,1522,NB I,351,2026/2027,54,2004-12-09,False,,,,,189.0,444.71667,,0.0,0.0,0.0,0.0,0.0,0.0,0.0,0.0,0.0,0.0,0.0,0.20237604,0.20237604,2.6308885,0.80950415,3.4403927,1.7745256,0.64738244,2.421908,0.8666666666666667,0.0,1.6190083,0.40475208,0.20237604,0.6,4.249897,0.06060606060606061,5.261777,0.6,1.2142562,44.927483,0.19831223628691982,0.02109704641350211,0.7805907172995781,0.80950415,0.5,0.0,0.5,,0.8860759493670886,,0.0,0.0,,0.0,3.3196878,0.0,0.21016464,0.16333453,0.21016464,0.16333453,0.0,0.0,1.0384858,0.8070843,1.0384858,0.8070843,0.00499272,0.003880213,0.00499272,0.003880213,Right Centre Back,Left Centre Back,6.2736573,6.0712814,5.261777,6.6784096,0.20237604,2.6308885,,0.0,0.0,0.80950415,0.80950415,0.0,0.0,0.0,0.0,0.0,0.0,0.0,,0.14285714285714285,0.84,0.10548523206751055,21.082742039161392,19.609049479166668,20.930801391601562,18.291427612304688,0.0,0.0,,0.0,0.0,0.11814346,0.17299578,0.0,0.18698059,5,88.94334,2.7320764,0.0,0.0,0.0,0.0,0.0,0.0,0.0,,0.0,,0.9300996,0.8739,-0.046075948,-0.15194125,37.84432,0.98930484,5.273353,0.5,0.20237604,0.6071281,0.0,0.20237604,0.0,5.3810787,3.4403927,0.20237604,5,24.813673,0.40475208,0.0,0.060606062,0.0,22.550766,34.68931,2026-08-29T15:00,4.9412966,0.18078665,0.023346536,,0.15115717,0.006282967,,0.0,6.476033,0.0,0.0,0.0,0.20237604,12.923097,11.686428,,0.67045456,0.96590906,0.92045456,0.71428573,1.0,0.9285714,,,,4.913558,2.3274748,0.47368422,0.2586083,1.0,0.0,,0.2586083,0.0,0.04373134,0.008530039,,0.13571429,0.04761905,,0.0,0.0,0.0,4.8424997,4.22,,0.0,0.0,0.0,0.0,0.0,0.0,0.0,0.0,0.0,,,,0.0,0.0,0.0,1.0344332,0.2586083,0.0,0.5172166,0.0,0.0,348.01666,10.928306
33643,563716,Reda Eddarraj,1034,Honvéd,1522,NB I,351,2026/2027,154,2000-12-08,False,,,,,181.0,27.816668,0.02368258871138096,0.15324862,6.4709406,0.0,0.0,0.0,0.0,0.0,0.0,0.0,0.0,0.0,0.0,0.0,3.2354703,0.0,3.2354703,3.2685516,0.0,3.2685516,1.0,0.0,3.2354703,0.0,0.0,1.0,3.2354703,0.0,0.0,,0.0,29.119234,0.1111111111111111,0.2222222222222222,0.6666666666666666,0.0,,,,0.0,0.6666666666666666,0.0,0.0,0.0,,0.0,0.0,0.0,0.4121539,0.4121539,0.2589053,0.2589053,0.0,0.0,0.1273861,0.1273861,0.08002092,0.08002092,0.01273861,0.01273861,0.008002092,0.008002092,,,0.0,3.2354703,9.70641,19.41282,3.2354703,12.941881,,0.0,0.1111111111111111,3.2354703,0.0,0.0,0.0,0.0,0.0,0.0,0.0,0.0,,0.0,1.0,0.1111111111111111,19.360002305772568,24.94666798909505,21.059999465942383,21.059999465942383,0.0,0.0,,0.0,0.0,0.0,0.33333334,0.0,0.25641024,1,27.816668,6.4709406,0.0,0.0,0.15324862,-0.15324862,6.4709406,0.0,0.0,,0.0,,1.2885674,1.0,0.33333334,1.6999972,22.64829,1.0,6.0819244,,0.0,0.0,0.0,0.0,0.0,19.611307,12.941881,0.0,0,32.821667,6.4709406,0.0,0.33333334,,28.863794,47.564285,2026-08-29T15:00,0.30907407,0.30807307,0.28088757,-0.169437,0.12095535,0.07566716,,0.0,12.941881,0.0,0.0,0.0,6.4709406,4.616667,5.3825,4.435,0.0,1.0,0.5,0.0,1.0,0.75,0.0,1.0,0.5,3.2354703,3.2354703,1.0,0.0,,0.0,,0.0,0.0,0.0119011365,,,0.125,0.0,0.0,3.2354703,0.0,0.0,2.52,,,0.0,0.0,0.0,3.2354703,0.0,0.0,0.0,0.0,0.0,3.9,,,0.0,0.0,0.0,3.2354703,0.0,0.0,0.0,0.0,0.0,27.816668,25.883762
33643,425114,Nfansu Njie,2774,Győri ETO,1522,NB I,351,2026/2027,83,2005-01-03,False,,,N.Njie,,,297.7,0.14314448833465576,0.30292583,2.1162243,0.6046355,0.6046355,0.016687635,0.30231774,0.30231774,0.0,0.0,0.9069533,0.9069533,2.418542,3.3254952,0.9069533,0.0,0.9069533,0.90866035,0.0,0.90866035,0.75,0.30231774,1.5115887,0.30231774,1.209271,0.625,1.5115887,0.03773584905660377,0.6046355,0.3333333333333333,1.8139066,21.464561,0.2702702702702703,0.1891891891891892,0.5405405405405406,7.255626,0.125,0.08333333333333333,0.7916666666666666,0.2857142857142857,0.5945945945945946,0.2857142857142857,0.6046355,0.0,0.0,0.0,0.592432,0.0,0.47920895,0.47920895,0.35751274,0.35751274,0.016687635,0.0,1.5851167,1.5851167,1.1825727,1.1825727,0.0155403605,0.0155403605,0.01159385,0.01159385,Centre Forward,Right Attacking Midfielder,0.9069533,2.1162243,5.744037,11.185757,3.0231774,1.8139066,0.0,0.0,0.04195804195804196,3.930131,3.0231774,0.0,0.0,0.0,0.0,0.0,0.0,0.0,,0.09523809523809523,0.5555555555555556,0.24324324324324326,19.263648780616553,21.119090687144887,18.245553970336914,15.910000801086426,0.0,0.0,,0.0,0.0,0.08108108,0.3243243,0.0,0.18077803,5,59.54,2.3883104,0.0,0.0,0.3196135,0.28502205,2.418542,0.6046355,0.9069533,0.33333334,0.0,,1.0963182,0.8719933,-0.039039038,-1.0180942,23.580786,0.85897434,5.9376864,0.5,1.5115887,0.0,0.0,0.0,0.0,10.908594,2.7208598,0.30231774,4,55.5069,7.255626,1.5115887,0.6486486,1.0,50.700535,61.36263,2026-08-30T14:30,3.307778,0.16886696,-0.06682149,0.11774055,-0.0023221276,0.12027,,0.30231774,5.744037,0.17023887,0.0,0.0,2.1162243,5.9335713,7.2334614,8.733077,0.13157895,0.7894737,0.42105263,0.1923077,0.84615386,0.5,0.30769232,1.0,0.61538464,5.9243,1.269493,0.21428572,0.8463286,0.4,0.4231643,0.25,2.1158216,1.6926572,-0.01145821,-0.011561681,-0.014815546,0.29787233,0.2,0.25,5.5011363,2.96215,2.1158216,3.07,3.07,2.28,0.4231643,0.4231643,0.4231643,3.808479,2.538986,2.1158216,1.269493,0.8463286,0.8463286,4.4322224,5.291667,5.762,0.0,0.0,0.0,0.8463286,0.8463286,0.4231643,0.0,0.0,0.0,212.68333,13.6043
33643,404175,Lamin Colley,2565,Puskas,1522,NB I,351,2026/2027,83,1993-07-05,False,,,,87.0,195.0,152.25,0.2087511271238327,0.9871974,4.729064,1.182266,1.182266,0.0,0.0,0.0,0.0,0.0,0.0,0.0,10.049261,10.049261,1.182266,0.0,1.182266,0.80792636,0.0,0.80792636,0.6666666666666666,0.591133,5.320197,0.591133,2.364532,,0.0,0.0625,1.182266,0.0,0.0,11.8226595,0.045454545454545456,0.22727272727272727,0.7272727272727273,4.729064,0.0,0.25,0.75,0.375,0.7272727272727273,0.25,1.182266,0.0,0.0,0.0,1.1577663,0.591133,1.1698706,1.1698706,0.4581774,0.4581774,0.0,0.0,1.9790311,1.9790311,0.7750834,0.7750834,0.044977978,0.044977978,0.017615533,0.017615533,Centre Forward,,1.182266,0.0,4.137931,8.275862,3.546798,2.364532,,0.0,0.11764705882352941,1.773399,3.546798,0.0,0.0,0.0,0.0,0.0,0.0,0.0,,0.2857142857142857,1.0,0.18181818181818182,12.861817793412643,13.241250038146973,12.5649995803833,12.5649995803833,0.0,0.0,,0.0,0.0,0.13636364,0.36363637,0.0,0.2708333,5,30.45,3.0738916,0.0,0.0,0.9871974,0.19506855,4.729064,1.773399,2.364532,0.25,0.0,,1.0295007,1.0,0.27272728,-0.29681823,20.689655,0.74285716,10.302932,0.0,1.773399,1.182266,0.591133,0.0,0.0,5.266705,4.137931,0.591133,1,61.252552,7.093596,1.773399,0.85714287,1.0,52.793053,66.48854,2026-08-30T17:00,1.6916667,0.42983624,-0.10863068,0.23024517,-0.017312806,0.3255345,,1.182266,5.320197,1.0261215,0.0,0.0,5.320197,3.258077,3.517143,3.720909,0.07692308,0.53846157,0.23076923,0.0952381,0.5714286,0.23809524,0.09090909,0.72727275,0.18181819,1.182266,0.0,0.0,0.0,0.0,0.0,0.0,1.182266,1.182266,-0.051787138,-0.051787138,-0.051787138,0.125,0.16666667,0.22222222,9.458128,7.684729,5.320197,,,,0.591133,0.591133,0.0,4.729064,4.137931,3.546798,1.773399,1.182266,0.591133,3.2270534,3.619857,3.0045834,0.0,0.0,0.0,0.0,0.0,0.0,0.0,0.0,0.0,152.25,14.778325
33643,5483,Daniel Arzani,1476,Ferencvaros,1522,NB I,351,2026/2027,14,1999-01-04,False,Daniel,Arzani,,73.0,171.0,69.183334,0.024321310222148895,0.063278764,2.6017826,0.0,1.3008913,0.35316563,2.6017826,1.3008913,1.3008913,0.0,3.9026742,2.6017826,0.0,2.6017826,2.6017826,0.0,2.6017826,3.9780235,0.0,3.9780235,0.5,5.203565,2.6017826,2.6017826,2.6017826,0.5,1.3008913,0.0,0.0,0.0,0.0,53.336548,0.3181818181818182,0.18181818181818182,0.5,24.716934,0.42105263157894735,0.15789473684210525,0.42105263157894735,0.0,0.7272727272727273,0.0,0.0,1.3008913,0.5,0.0,0.0,0.0,0.61859435,0.51616025,0.23772228,0.23772228,0.25073153,1.3008913,0.47551578,0.3967743,0.182738,0.182738,0.011058507,0.009227309,0.0042497213,0.0042497213,Left Wing,,0.0,2.6017826,9.106239,14.309805,2.6017826,3.9026742,0.3333333333333333,0.102434106,0.024390243902439025,6.504457,1.3008913,0.0,0.0,0.0,0.0,0.0,0.0,0.0,,0.0,1.0,0.13636363636363635,16.37841103293679,15.217500686645508,10.41333293914795,10.41333293914795,0.0,0.0,,0.0,0.0,0.06818182,0.22727273,0.0,0.24404763,1,69.183334,5.3336544,0.0,1.3008913,0.41644442,0.8844469,5.203565,0.0,5.203565,1.0,1.3008913,,0.92911947,1.0,0.27272728,-5.965078,62.442787,0.9375,4.3671565,0.0,3.9026742,0.0,0.0,0.0,0.0,21.87913,5.203565,2.6017826,1,67.451416,11.708022,3.9026742,0.8181818,1.0,68.22127,64.61838,2026-08-30T17:00,0.7687037,0.39709413,0.19454159,-0.064155184,0.08007547,0.18663228,,0.0,7.8053484,0.0,0.0,0.0,6.504457,5.3986363,6.1475,5.877692,0.13636364,0.77272725,0.45454547,0.1875,0.8125,0.5625,0.15384616,0.7692308,0.53846157,10.40713,2.6017826,0.25,2.6017826,0.2857143,2.6017826,0.33333334,9.106239,7.8053484,0.22167334,0.22943084,0.23331758,0.25,0.29166666,0.4,3.9026742,2.6017826,1.3008913,5.79,5.79,5.79,1.3008913,1.3008913,0.0,2.6017826,1.3008913,0.0,1.3008913,1.3008913,0.0,6.0133333,6.96,,0.0,0.0,0.0,1.3008913,1.3008913,1.3008913,1.3008913,1.3008913,1.3008913,69.183334,19.51337
33643,398888,Marko Regza,2215,Nyíregyháza Spartacus,1522,NB I,351,2026/2027,126,1999-01-20,False,,,,75.0,195.0,73.183334,0.15073618292808533,0.55612075,3.6893644,0.0,0.0,0.25932115,1.2297882,1.2297882,0.0,0.0,0.0,0.0,6.1489406,6.1489406,0.0,0.0,0.0,0.0,0.0,0.0,,0.0,2.4595764,0.0,1.2297882,0.5,1.2297882,0.0,0.0,0.5714285714285714,4.9191527,28.285128,0.13043478260869565,0.21739130434782608,0.6521739130434783,2.4595764,0.5,0.5,0.0,0.3333333333333333,0.6086956521739131,0.0,0.0,0.0,,0.0,0.0,0.0,1.3117765,1.3117765,0.6539521,0.6539521,0.25932115,0.0,1.0666686,1.0666686,0.53176,0.53176,0.032323293,0.032323293,0.016113939,0.016113939,Right Centre Forward,Left Centre Forward,0.0,2.4595764,1.2297882,11.068094,4.9191527,2.4595764,,0.0,0.041666666666666664,1.2297882,6.1489406,0.0,0.0,0.0,0.0,0.0,0.0,0.0,,0.23076923076923078,0.2857142857142857,0.30434782608695654,18.97260582965353,19.073573521205358,17.45142936706543,15.199999809265137,0.0,0.0,,0.0,0.0,0.04347826,0.4347826,0.0,0.11764707,1,73.183334,2.9514918,0.0,0.0,0.8154419,-0.8154419,4.9191527,0.0,0.0,,0.0,,1.0053217,0.87098885,-0.32298136,-1.5211756,23.365974,0.8947368,2.9349155,,2.4595764,0.0,0.0,0.0,0.0,14.296837,2.4595764,1.2297882,1,70.86217,9.838305,2.4595764,0.8888889,1.0,70.62609,53.472576,2026-08-29T12:45,0.81314814,-0.26798892,-0.001875209,-0.2885884,-0.025772095,0.048246738,,1.2297882,6.1489406,0.24976358,0.0,0.0,6.1489406,4.474167,2.7685714,2.335,0.083333336,0.8333333,0.33333334,0.0,0.71428573,0.14285715,0.0,1.0,0.0,1.2297882,0.0,0.0,0.0,0.0,0.0,0.0,1.2297882,1.2297882,-0.014043589,-0.014043589,-0.014043589,0.055555556,0.09090909,0.16666667,8.608517,4.9191527,2.4595764,,,,1.2297882,0.0,0.0,7.378729,3.6893644,2.4595764,2.4595764,0.0,0.0,4.5585713,2.285,2.335,0.0,0.0,0.0,0.0,0.0,0.0,0.0,0.0,0.0,73.183334,13.52767
33643,16442,Kristoffer Zachariassen,1476,Ferencvaros,1522,NB I,351,2026/2027,171,1994-01-27,False,Kristoffer,Zachariassen,,74.0,180.0,237.63333,0.29421581824620563,0.6685785,2.2724085,0.37873474,0.37873474,0.031597663,0.37873474,0.37873474,0.0,0.0,0.37873474,0.37873474,4.9235516,5.302286,2.2724085,0.0,2.2724085,2.3007984,0.0,2.3007984,0.6666666666666666,0.7574695,2.2724085,1.1362042,2.651143,0.75,1.1362042,0.0,0.37873474,0.2,0.7574695,28.026373,0.12987012987012986,0.2987012987012987,0.5714285714285714,13.63445,0.1111111111111111,0.3611111111111111,0.5277777777777778,0.5,0.7922077922077922,0.16666666666666666,0.37873474,0.0,0.0,0.0,0.34434557,0.7574695,1.3272393,1.3272393,1.2588648,1.2588648,0.031597663,0.0,3.504403,3.504403,3.323869,3.323869,0.038509924,0.038509924,0.03652603,0.03652603,Left Wing,Right Centre Forward,0.37873474,1.514939,12.876981,17.043064,1.8936738,5.681021,0.0,0.0,0.0375,3.7873476,1.8936738,0.0,0.0,0.0,0.0,0.0,0.0,0.0,,0.16666666666666666,0.7857142857142857,0.18181818181818182,14.98675299310065,14.860655737704919,12.190713882446289,11.127272605895996,0.0,0.0,,0.0,0.0,0.064935066,0.25974026,0.0,0.26171875,3,79.21111,5.0750456,0.0,0.0,0.7001762,-0.32144144,2.651143,0.7574695,1.514939,0.5,0.0,,0.9915861,0.9127663,-0.0064935065,-2.7960389,27.647636,0.8356164,4.8694816,0.4,1.8936738,0.37873474,0.0,0.0,0.0,22.363752,6.059756,1.514939,2,61.425777,12.119512,1.8936738,0.7111111,1.0,58.74662,66.07624,2026-08-30T17:00,2.6403704,0.47596717,0.023670893,0.38514352,0.008175633,0.058977094,,1.1362042,6.4384904,0.9451933,0.0,0.0,4.544817,5.4558334,5.684423,5.830606,0.11666667,0.78333336,0.46666667,0.13461539,0.8269231,0.48076922,0.15151516,0.8787879,0.4848485,5.681021,2.651143,0.46666667,1.514939,0.4,0.7574695,0.2857143,3.7873476,2.651143,0.010065114,0.0022023818,-0.0043376796,0.24590164,0.23255815,0.2413793,6.4384904,5.681021,3.7873476,3.292,3.28,4.36,0.0,0.0,0.0,4.9235516,4.544817,3.029878,2.651143,2.2724085,1.514939,4.768,4.5329165,4.7991667,0.0,0.0,0.0,1.8936738,0.7574695,0.37873474,0.0,0.0,0.0,237.63333,21.587881
33643,484094,Denes Szakál,2206,Debrecen,1522,NB I,351,2026/2027,103,2009-04-10,False,,,,,,96.316666,0.05903277173638344,0.055161268,0.9344177,0.0,0.0,0.0,0.0,0.0,0.0,0.0,0.0,0.0,2.8032532,2.8032532,0.0,0.0,0.0,0.0,0.0,0.0,,0.0,0.9344177,0.0,0.9344177,0.6666666666666666,1.8688354,0.07142857142857142,2.8032532,,0.0,47.655308,0.18518518518518517,0.018518518518518517,0.7962962962962963,2.8032532,0.3333333333333333,0.0,0.6666666666666666,0.0,0.9629629629629629,0.0,0.0,0.0,,0.0,4.2862215,0.0,0.27873033,0.27873033,0.22356908,0.22356908,0.0,0.0,0.29829308,0.29829308,0.23926032,0.23926032,0.0069370484,0.0069370484,0.0055641932,0.0055641932,Left Centre Back,,2.8032532,2.8032532,2.8032532,2.8032532,0.0,1.8688354,,0.0,0.0,1.8688354,0.0,0.0,0.0,0.0,0.0,0.0,0.0,0.0,,0.28,1.0,0.07407407407407407,22.157222041377313,21.903656005859375,21.005001068115234,21.005001068115234,0.0,0.0,,0.0,0.0,0.09259259,0.12962963,0.0,0.077205874,1,96.316666,1.9622772,0.0,0.0,0.055161268,-0.055161268,0.9344177,0.0,0.0,,0.0,,0.988556,1.0,0.037037037,-1.152221,36.44229,0.974359,4.925363,,0.9344177,0.0,0.0,0.0,0.0,4.2862215,2.8032532,0.0,1,27.114525,0.9344177,0.9344177,0.33333334,1.0,21.197908,31.525213,2026-08-28T18:00,1.0701852,-0.6879523,0.07221811,-0.0776008,-0.62659377,-0.055975884,,0.0,11.213013,0.0,0.0,0.0,3.737671,11.902174,8.8,,0.6086956,1.0,0.9130435,0.0,1.0,1.0,,,,7.475342,5.6065063,0.75,0.9344177,0.5,0.0,,1.8688354,0.0,0.053754177,0.022630192,,0.16666667,0.33333334,0.0,0.0,0.0,0.0,4.925,5.32,,0.0,0.0,0.0,0.0,0.0,0.0,0.0,0.0,0.0,,,,0.0,0.0,0.0,3.737671,0.9344177,0.0,1.8688354,0.9344177,0.0,96.316666,3.737671
33643,3153,Ádám Lang,2206,Debrecen,1522,NB I,351,2026/2027,103,1993-01-17,False,Ádám,Lang,,81.0,188.0,375.1667,0.13304845094680787,0.1595872,1.1994668,0.0,0.0,0.0,0.0,0.0,0.0,0.0,0.0,0.0,2.6388268,2.6388268,0.95957345,0.7196801,1.6792536,0.7798738,0.52267724,1.302551,1.0,0.0,1.4393601,0.0,0.0,0.6666666666666666,4.3180804,0.016129032258064516,5.7574406,0.5714285714285714,0.95957345,36.46379,0.24705882352941178,0.011764705882352941,0.7411764705882353,2.8787203,0.25,0.0,0.75,0.0,0.8588235294117647,0.0,0.0,0.0,,0.0,6.3417044,0.0,0.44439468,0.44439468,0.34605634,0.34605634,0.0,0.0,1.8524675,1.8524675,1.4425423,1.4425423,0.010833143,0.010833143,0.00843592,0.00843592,Left Centre Back,Centre Attacking Midfielder,6.477121,5.7574406,3.5984006,5.0377607,0.0,3.1186137,,0.0,0.0,3.1186137,0.0,0.0,0.0,0.0,0.0,0.0,0.0,0.0,,0.37777777777777777,0.75,0.07058823529411765,23.146352251838234,21.791712930757704,27.17083168029785,20.13222312927246,0.0,0.0,,0.0,0.0,0.029411765,0.13529412,0.0,0.13006993,4,93.79167,2.231008,0.0,0.0,0.1595872,-0.1595872,1.1994668,0.0,0.0,,0.0,,0.94147503,0.7409498,-0.10882353,4.02448,28.787205,1.0,5.9286165,1.0,0.47978672,0.0,0.0,0.23989336,0.0,5.059225,4.3180804,0.23989336,4,31.309393,1.1994668,0.23989336,0.23809524,0.5,29.108486,34.750443,2026-08-23T15:30,4.1685185,-0.054426737,0.024941802,-0.12162814,0.00051147555,0.04174812,,0.0,10.315415,0.0,0.0,0.0,1.9191469,11.922987,10.752222,1.84,0.6769231,0.9076923,0.8,0.6666667,0.8888889,0.7777778,0.0,0.0,0.0,4.3180804,2.1590402,0.5,0.23989336,0.5,0.0,,0.47978672,0.0,0.015691029,-0.0008231234,,0.14634146,0.11764706,0.0,0.23989336,0.23989336,0.23989336,6.125,8.9,,0.0,0.0,0.0,0.0,0.0,0.0,0.0,0.0,0.0,,,,0.0,0.0,0.0,1.4393601,0.23989336,0.0,1.1994668,0.23989336,0.0,375.1667,7.4366946
33643,406297,Benedek Miklós Erdélyi,2206,Debrecen,1522,NB I,351,2026/2027,103,2005-09-28,False,,,Benedek Erdélyi,81.0,190.0,102.95,,0.0,0.0,0.0,0.0,0.0,0.0,0.0,0.0,0.0,0.0,0.0,0.0,0.0,0.0,0.0,0.0,0.0,0.0,0.0,,0.0,0.0,0.0,0.0,0.4666666666666667,6.119476,0.0,0.0,,0.0,23.603691,0.4722222222222222,0.0,0.5277777777777778,0.8742108,1.0,0.0,0.0,,0.75,,0.0,0.0,,0.0,0.0,0.0,0.5968932,0.51415074,0.5968932,0.51415074,0.0,0.0,0.68277943,0.5881313,0.68277943,0.5881313,0.018453497,0.015895441,0.018453497,0.015895441,Goalkeeper,,0.0,13.113162,0.0,0.0,0.0,0.0,,0.0,0.0,0.8742108,0.0,13.987372,3.496843,1.878299,3.7674701,0.4285714285714286,0.3843475750514439,0.2706268,0.04422385351998465,0.14285714285714285,1.0,0.027777777777777776,36.552775065104164,26.80999755859375,12.75,12.75,6.119476,3.7674701,0.4375,1.7834729,0.09070624,0.027777778,0.22222222,19.709265,0.10619469,1,102.95,2.0981061,0.0,0.0,0.0,0.0,0.0,0.0,0.0,,0.0,,0.73345995,1.0,0.25,-23.802774,20.98106,1.0,5.027838,,0.0,0.0,0.0,0.0,0.0,0.0,10.49053,0.0,1,,0.0,0.0,,,2.983389,14.949506,2026-08-02T13:30,1.1438888,-0.011159786,0.05970115,,,0.067961864,-0.13882272,0.0,4.3710537,0.0,0.0,0.0,0.0,14.361428,,,0.64285713,1.0,1.0,,,,,,,1.7484215,0.8742108,0.5,0.0,,0.0,,0.0,0.0,-0.0016054565,,,0.13333334,,,0.0,0.0,0.0,,,,0.0,0.0,0.0,0.0,0.0,0.0,0.0,0.0,0.0,,,,0.0,0.0,0.0,0.0,0.0,0.0,0.0,0.0,0.0,102.95,0.0
33643,565553,Ádám Nyers,2207,MTK Budapest,1522,NB I,351,2026/2027,103,2008-01-09,False,,,,,185.0,26.866667,,0.0,0.0,0.0,0.0,0.0,0.0,0.0,0.0,0.0,0.0,0.0,3.349876,3.349876,0.0,3.349876,3.349876,0.0,3.1448705,3.1448705,,0.0,0.0,0.0,3.349876,,0.0,0.0,0.0,0.3333333333333333,3.349876,6.699752,0.5,0.5,0.0,3.349876,0.0,1.0,0.0,,0.5,,0.0,0.0,,0.0,0.0,0.0,0.10464894,0.10464894,0.10464894,0.10464894,0.0,0.0,0.031239647,0.031239647,0.031239647,0.031239647,0.0062479293,0.0062479293,0.0062479293,0.0062479293,Left Centre Forward,,0.0,0.0,0.0,0.0,0.0,0.0,,0.0,0.0,0.0,3.349876,0.0,0.0,0.0,0.0,0.0,0.0,0.0,,1.0,0.0,0.5,7.514999866485596,11.029999732971191,4.0,,0.0,0.0,,0.0,0.0,0.0,0.5,0.0,,1,26.866667,,0.0,0.0,0.0,0.0,0.0,0.0,0.0,,0.0,,1.4677312,,-0.5,-3.5149999,6.699752,0.5,7.2943344,,0.0,0.0,0.0,0.0,0.0,0.0,0.0,0.0,0,,0.0,0.0,,,55.932144,76.75357,2026-08-22T15:30,0.2985185,-0.006462575,-0.050718054,,0.05021696,-0.0059614833,,0.0,3.349876,0.0,0.0,0.0,3.349876,2.63,2.63,2.63,0.0,1.0,0.0,0.0,1.0,0.0,0.0,1.0,0.0,0.0,0.0,,0.0,,0.0,,0.0,0.0,,,,0.0,0.0,,3.349876,3.349876,3.349876,,,,0.0,0.0,0.0,3.349876,3.349876,3.349876,0.0,0.0,0.0,2.63,2.63,2.63,0.0,0.0,0.0,0.0,0.0,0.0,0.0,0.0,0.0,26.866667,0.0
33643,404172,György Komáromi,2207,MTK Budapest,1522,NB I,351,2026/2027,103,2002-01-19,False,,,,,177.0,307.3,0.03375003337860107,0.04942244,1.4643672,0.0,0.2928734,0.18887395,2.050114,2.050114,0.2928734,0.2928734,2.050114,1.7572405,3.2216077,4.978848,1.4643672,0.87862027,2.3429873,1.2026384,0.95762706,2.1602654,0.8333333333333334,1.4643672,1.1714936,0.2928734,1.1714936,0.5294117647058824,2.6358607,0.0,1.7572405,0.8,2.3429873,26.065735,0.23469387755102042,0.07142857142857142,0.6938775510204082,9.371949,0.15625,0.0625,0.78125,0.2,0.5612244897959183,0.0,0.0,1.4643672,0.3125,0.0,1.3274486,0.5857468,0.5998072,0.5998072,0.49609995,0.49609995,0.18887395,0.2928734,2.0480084,2.0480084,1.6939057,1.6939057,0.017655246,0.017655246,0.014602635,0.014602635,Left Wing,Right Wing,2.3429873,4.393101,7.9075828,12.300684,1.7572405,2.050114,0.5714285714285714,0.0,0.01775147928994083,3.514481,1.4643672,0.0,0.0,0.0,0.0,0.0,0.0,0.0,,0.673469387755102,0.4782608695652174,0.23469387755102042,22.4446946747449,21.697636274857956,18.989131927490234,18.100000381469727,0.0,0.0,,0.0,0.0,0.08163265,0.4387755,0.0,0.41877788,6,51.216663,8.229743,0.0,0.0,0.23829642,0.054577023,3.514481,0.5857468,2.050114,0.71428573,0.2928734,,0.9667156,0.9531768,-0.08296362,-3.4555628,24.894241,0.89411765,6.3142486,0.0,1.1714936,0.2928734,0.0,0.0,0.0,9.874542,2.9287343,0.0,1,44.802574,5.2717214,1.1714936,0.42857143,1.0,41.29892,63.786926,2026-08-28T18:00,3.4144442,0.1591385,0.06907147,-0.07638441,0.029315867,0.13713555,,0.87862027,5.8574686,0.015842518,0.0,0.0,3.514481,5.34228,5.7643704,6.3631034,0.054545455,0.76363635,0.43636364,0.06666667,0.75555557,0.4888889,0.06896552,0.7241379,0.5862069,9.011682,4.672724,0.5185185,2.6701276,0.42105263,2.0025957,0.46153846,6.3415537,4.338958,0.022534192,0.0071850074,0.010041904,0.3802817,0.37254903,0.37142858,6.6753197,5.0064893,3.0038936,4.22,2.455,2.455,0.6675319,0.6675319,0.33376595,5.0064893,3.3376598,2.0025957,3.0038936,2.336362,1.6688299,5.1634665,5.6145,6.379722,0.0,0.0,0.0,3.0038936,1.3350638,1.3350638,1.0012978,0.0,0.0,269.65002,14.936544
33643,101839,Kristóf Hinora,2207,MTK Budapest,1522,NB I,351,2026/2027,103,1998-02-05,False,,,,,180.0,334.21667,0.036932818591594696,0.03978202,1.0771456,0.0,0.2692864,0.26622158,1.6157182,1.346432,0.2692864,0.2692864,0.8078591,0.5385728,2.96215,3.500723,1.6157182,0.2692864,1.8850046,1.2831632,0.22653313,1.5096965,1.0,0.2692864,1.0771456,0.0,1.6157182,0.6666666666666666,1.6157182,0.037037037037037035,2.1542912,0.4,0.5385728,25.312922,0.21359223300970873,0.20388349514563106,0.5825242718446602,5.9243,0.22727272727272727,0.045454545454545456,0.7272727272727273,0.25,0.7864077669902912,0.0,0.0,0.2692864,1.0,0.0,1.3662928,1.0771456,0.59046876,0.5122656,0.44949326,0.43666053,0.21627024,0.2692864,2.1927166,1.902308,1.6692016,1.621547,0.017265486,0.014978803,0.01314332,0.012768086,Left Wing,Left Midfielder,2.1542912,2.4235775,9.963596,15.349323,1.6157182,5.655014,0.3333333333333333,0.04995135,0.009615384615384616,2.692864,2.1542912,0.0,0.0,0.0,0.0,0.0,0.0,0.0,,0.23376623376623376,0.7619047619047619,0.20388349514563106,16.80504897034284,16.13345600646219,13.054762840270996,14.386250495910645,0.0,0.0,,0.0,0.0,0.19417475,0.33009708,0.0,0.2778828,5,66.84334,3.95851,0.0,0.2692864,0.30600363,-0.036717232,2.692864,0.2692864,0.5385728,0.5,0.2692864,,0.9600362,1.1019925,-0.024503006,-3.7502859,24.235775,0.8888889,5.287404,,3.2314365,0.2692864,0.0,0.0,0.0,12.3775015,7.001446,0.8078591,5,56.258602,9.69431,1.6157182,0.6315789,0.5,48.45102,51.293056,2026-08-28T18:00,3.7135186,0.0807963,0.05598902,-0.056131177,0.06662496,0.01431353,,0.8078591,5.9243,0.01057487,0.0,0.0,2.692864,3.6,2.9148,2.1578572,0.022222223,0.7111111,0.22222222,0.0,0.64,0.16,0.0,0.5,0.0,3.9389923,2.5066314,0.6363636,1.7904509,0.8333333,1.4323608,0.8,2.1485412,1.7904509,0.020059817,0.027768431,0.01945588,0.19298245,0.23076923,0.29411766,4.2970824,2.1485412,0.7161804,9.7,,,0.0,0.0,0.0,3.5809019,1.7904509,0.3580902,1.0742706,0.7161804,0.0,4.0734997,3.7666667,3.51,0.0,0.0,0.0,0.3580902,0.0,0.0,0.3580902,0.0,0.0,251.33333,18.042187
33643,565828,Sztojka Dominik Balázs,2211,Vasas,1522,NB I,351,2026/2027,103,2003-12-23,False,,,Dominik Sztojka,,193.0,78.25,0.08571168780326843,0.09858213,1.1501597,0.0,0.0,0.0,0.0,0.0,0.0,0.0,0.0,0.0,0.0,0.0,2.3003194,2.3003194,4.600639,3.1912525,3.1912525,6.382505,0.4,0.0,0.0,3.4504793,0.0,0.8,4.600639,0.14285714285714285,2.3003194,0.0,0.0,44.85623,0.2,0.1,0.7,9.201278,0.25,0.0,0.75,1.0,0.9,0.0,0.0,0.0,,0.0,3.1912525,0.0,0.466677,0.36809492,0.36809492,0.36809492,0.0,0.0,0.40574974,0.32003808,0.32003808,0.32003808,0.012295446,0.009698124,0.009698124,0.009698124,Left Defensive Midfielder,,2.3003194,5.750799,5.750799,4.600639,0.0,1.1501597,,0.0,0.0,4.600639,0.0,0.0,0.0,0.0,0.0,0.0,0.0,0.0,,0.14705882352941177,1.0,0.075,19.190496826171874,19.119164360894096,15.170001029968262,15.170001029968262,0.0,0.0,,0.0,0.0,0.05,0.075,0.0,0.23863634,1,78.25,4.830671,0.0,0.0,0.09858213,-0.09858213,1.1501597,0.0,0.0,,0.0,,0.99628294,1.0,0.1,-4.020496,36.80511,1.0,4.845212,0.25,0.0,0.0,0.0,0.0,0.0,6.382505,2.3003194,0.0,1,47.839287,2.3003194,0.0,0.5,,36.380653,47.23036,2026-08-08T13:30,0.86944443,0.046266846,0.006865872,-0.08393026,0.08509073,0.038240515,,0.0,4.600639,0.1307217,0.0,0.0,3.4504793,7.1735716,6.266923,7.24,0.10714286,1.0,0.85714287,0.0,1.0,0.84615386,0.0,1.0,1.0,9.201278,8.051119,0.875,4.600639,0.8,2.3003194,1.0,5.750799,2.3003194,0.08436796,0.02953911,0.021054732,0.21052632,0.3846154,0.5,0.0,0.0,0.0,4.474,4.83,3.665,0.0,0.0,0.0,0.0,0.0,0.0,0.0,0.0,0.0,,,,0.0,0.0,0.0,5.750799,3.4504793,2.3003194,1.1501597,1.1501597,0.0,78.25,6.9009585
33643,23693,Botond Baráth,2211,Vasas,1522,NB I,351,2026/2027,103,1992-04-21,False,Botond,Baráth,,75.0,188.0,17.483334,,0.0,0.0,0.0,0.0,0.0,0.0,0.0,0.0,0.0,0.0,0.0,0.0,0.0,0.0,0.0,0.0,0.0,0.0,0.0,,0.0,5.1477594,0.0,0.0,0.0,0.0,0.25,5.1477594,,0.0,20.591038,0.25,0.0,0.75,0.0,,,,,0.75,,0.0,0.0,,0.0,2.2169135,0.0,0.0,0.0,0.0,0.0,0.0,0.0,0.0,0.0,0.0,0.0,0.0,0.0,0.0,0.0,Centre Back,,5.1477594,5.1477594,10.295519,25.7388,0.0,10.295519,,0.0,0.0,0.0,0.0,0.0,0.0,0.0,0.0,0.0,0.0,0.0,,0.0,,0.0,17.990001678466797,10.376667022705078,,,0.0,0.0,,0.0,0.0,0.0,0.25,0.0,,2,8.741667,,0.0,0.0,0.0,0.0,0.0,0.0,0.0,,0.0,,0.5768019,,,,5.1477594,1.0,2.6907244,,0.0,0.0,0.0,0.0,0.0,15.182935,20.591038,0.0,0,20.745237,0.0,0.0,0.0,,18.03951,21.889206,2026-08-22T13:30,0.19425926,1.0721178,0.08219255,,0.98211515,0.007810272,,0.0,15.443279,0.0,0.0,0.0,0.0,17.12,,,1.0,1.0,1.0,,,,,,,5.1477594,5.1477594,1.0,0.0,,0.0,,0.0,0.0,0.007921008,,,0.25,,,0.0,0.0,0.0,,,,0.0,0.0,0.0,0.0,0.0,0.0,0.0,0.0,0.0,,,,0.0,0.0,0.0,0.0,0.0,0.0,0.0,0.0,0.0,17.483334,30.886559
33643,565842,Pethő Bence János,2211,Vasas,1522,NB I,351,2026/2027,103,1998-11-01,False,,,Bence Pethő,,188.0,93.4,0.11350836356480916,0.32812908,2.8907924,0.0,0.0,0.14638981,2.8907924,2.8907924,0.0,0.0,0.0,0.0,9.635974,9.635974,0.9635974,0.0,0.9635974,0.47706422,0.0,0.47706422,1.0,0.0,0.9635974,0.0,3.8543897,0.6666666666666666,1.9271948,0.08333333333333333,0.0,0.6666666666666666,3.8543897,16.381155,0.10526315789473684,0.2631578947368421,0.631578947368421,5.7815847,0.16666666666666666,0.5,0.3333333333333333,0.3333333333333333,0.7894736842105263,0.0,0.0,0.0,,0.0,0.0,1.9271948,0.52985555,0.52985555,0.43930253,0.43930253,0.14638981,0.0,0.54987234,0.54987234,0.4558984,0.4558984,0.017737817,0.017737817,0.0147064,0.0147064,Centre Forward,Right Centre Forward,0.9635974,1.9271948,3.8543897,14.453961,7.7087793,0.9635974,,0.0,0.02127659574468085,0.9635974,3.8543897,0.0,0.0,0.0,0.0,0.0,0.0,0.0,,0.0,0.6666666666666666,0.3157894736842105,17.776317395662005,15.197332763671875,19.17833137512207,18.5625,0.0,0.0,,0.0,0.0,0.15789473,0.31578946,0.0,0.25153375,5,18.68,3.9507494,0.0,0.0,0.4745189,-0.4745189,5.7815847,0.9635974,0.9635974,0.0,0.0,,0.8549202,0.9678892,-0.12280702,1.4020146,21.199142,0.54545456,3.9246244,,3.8543897,0.9635974,0.0,0.0,0.0,10.300392,0.9635974,0.0,0,59.59357,11.5631695,3.8543897,0.8,1.0,51.236057,59.38953,2026-08-29T17:30,1.0377778,0.028235009,-0.009441734,0.14117262,0.0477198,-0.1512157,,2.8907924,6.7451816,0.20555599,0.0,0.0,5.7815847,3.382857,2.850909,3.6375,0.0,0.5,0.071428575,0.0,0.45454547,0.0,0.0,0.75,0.0,2.8907924,0.0,0.0,0.0,0.0,0.0,0.0,1.9271948,0.9635974,-0.0048486195,-0.0077209063,-0.007100102,0.1764706,0.2,0.2,7.7087793,7.7087793,2.8907924,,,,0.0,0.0,0.0,3.8543897,3.8543897,1.9271948,0.0,0.0,0.0,3.5783334,3.5783334,4.61,0.0,0.0,0.0,0.0,0.0,0.0,0.0,0.0,0.0,93.4,16.381155
33643,565817,Kántor Kevin Sydney,1034,Honvéd,1522,NB I,351,2026/2027,103,2000-10-03,False,,,Kevin Kántor,,191.0,59.283333,0.0612000897526741,0.092909895,1.5181333,0.0,1.5181333,0.09085568,1.5181333,1.5181333,1.5181333,0.0,1.5181333,1.5181333,9.1088,10.626933,0.0,0.0,0.0,0.0,0.0,0.0,,3.0362666,1.5181333,0.0,4.5544,,0.0,0.0,0.0,0.14285714285714285,1.5181333,12.145066,0.125,0.125,0.75,6.072533,0.25,0.25,0.5,0.0,0.625,0.0,0.0,1.5181333,1.0,1.5181333,0.0,0.0,0.37715408,0.37715408,0.37715408,0.37715408,0.09085568,1.5181333,0.24843279,0.24843279,0.24843279,0.24843279,0.019110214,0.019110214,0.019110214,0.019110214,Centre Forward,,0.0,0.0,6.072533,16.699465,0.0,1.5181333,1.0,0.0,0.05,0.0,4.5544,0.0,0.0,0.0,0.0,0.0,0.0,0.0,,0.6666666666666666,0.6666666666666666,0.375,11.075000762939453,10.018000030517578,15.140000343322754,7.990000247955322,0.0,0.0,,0.0,0.0,0.25,0.5,0.0,0.15,3,19.76111,4.5544,0.0,0.0,0.18376558,1.3343676,3.0362666,0.0,3.0362666,1.0,0.0,,0.90455973,0.5277411,0.041666668,4.065,16.699465,0.72727275,7.1698546,,3.0362666,0.0,0.0,0.0,0.0,11.502947,1.5181333,0.0,0,58.653572,12.145066,3.0362666,0.72727275,1.0,58.50536,72.88938,2026-08-14T15:30,0.6587037,0.885174,-0.067673236,-0.10059454,-0.010066208,1.0635079,,1.5181333,3.0362666,0.0,0.0,0.0,3.0362666,2.45,2.45,1.7275,0.0,0.2857143,0.14285715,0.0,0.2857143,0.14285715,0.0,0.25,0.0,3.0362666,3.0362666,1.0,3.0362666,1.0,3.0362666,1.0,3.0362666,3.0362666,0.13792057,0.13792057,0.13792057,0.33333334,0.4,0.5,9.1088,9.1088,6.072533,2.05,2.05,2.05,0.0,0.0,0.0,3.0362666,3.0362666,1.5181333,1.5181333,1.5181333,0.0,2.7166667,2.7166667,1.66,0.0,0.0,0.0,1.5181333,1.5181333,1.5181333,0.0,0.0,0.0,59.283333,18.2176
33643,40504,Ákos Zuigéber,1034,Honvéd,1522,NB I,351,2026/2027,103,2002-11-08,False,,,,75.0,175.0,282.18335,0.06316359837849934,0.18130948,2.8704743,0.0,0.31894156,0.19985649,1.9136493,1.9136493,0.31894156,0.31894156,2.5515325,2.5515325,7.0167146,9.568247,0.6378831,0.95682466,1.5947078,0.8569461,0.80994415,1.66689,0.6666666666666666,0.95682466,1.2757663,0.31894156,2.232591,0.38461538461538464,1.5947078,0.0,0.31894156,0.1,0.31894156,28.70474,0.2717391304347826,0.13043478260869565,0.5978260869565217,11.481897,0.19444444444444445,0.1388888888888889,0.6666666666666666,0.1111111111111111,0.6521739130434783,0.0,0.0,0.95682466,0.42857142857142855,0.0,0.53474337,0.95682466,0.5289215,0.5289215,0.24997842,0.24997842,0.19985649,0.31894156,1.6583648,1.6583648,0.783775,0.783775,0.013819707,0.013819707,0.006531458,0.006531458,Right Wing,Right Midfielder,0.6378831,3.8272986,9.887188,16.584963,2.8704743,3.5083573,0.375,0.0,0.046511627906976744,4.1462407,2.232591,0.0,0.0,0.0,0.0,0.0,0.0,0.0,,0.6470588235294118,0.5789473684210527,0.20652173913043478,21.042501698369566,19.998335774739584,14.709474563598633,18.596363067626953,0.0,0.0,,0.0,0.0,0.07608695,0.33695653,0.0,0.28015563,4,70.54584,4.5927587,0.0,0.0,0.38116595,-0.062224396,4.7841234,0.31894156,1.2757663,0.75,0.0,,0.95037824,1.2642438,-0.07322654,-6.3330274,28.70474,0.8666667,5.003184,0.0,3.1894157,0.0,0.0,0.0,0.0,15.184281,4.1462407,1.2757663,4,51.89774,9.249306,2.232591,0.5576923,0.7,52.158237,65.38127,2026-08-29T15:00,3.1353705,0.04811093,0.17959657,-0.18162784,0.00426964,0.0458726,,0.95682466,10.525072,0.008470623,0.0,0.0,4.7841234,5.103704,5.1593795,4.7336783,0.073529415,0.7941176,0.47058824,0.07272727,0.7818182,0.4909091,0.06896552,0.6896552,0.44827586,8.292481,4.465182,0.53846157,3.8272986,0.6666667,1.5947078,0.5,5.7409487,3.1894157,0.13569918,0.12597795,0.09709587,0.32911393,0.31034482,0.32258064,10.20613,7.3356557,4.1462407,3.3937502,3.5842857,3.7266667,0.31894156,0.31894156,0.0,7.6545973,5.103065,2.5515325,2.8704743,2.232591,0.95682466,3.8935938,3.94625,3.1975,0.0,0.0,0.0,2.5515325,2.232591,0.95682466,0.31894156,0.31894156,0.0,282.18335,18.498611
33643,29830,Ádám Gyurcsó,1034,Honvéd,1522,NB I,351,2026/2027,103,1991-03-06,False,,,,71.0,181.0,25.366667,0.06778784096240997,0.48101753,7.0959263,0.0,0.0,0.07839227,3.5479631,3.5479631,0.0,0.0,3.5479631,3.5479631,24.835743,28.383705,0.0,0.0,0.0,0.0,0.0,0.0,,3.5479631,0.0,0.0,0.0,0.0,0.0,0.0,0.0,,0.0,49.671486,0.07142857142857142,0.21428571428571427,0.7142857142857143,10.643889,0.0,0.0,1.0,0.0,0.5,0.0,0.0,0.0,0.0,0.0,0.0,0.0,0.5594098,0.5594098,0.0,0.0,0.07839227,0.0,0.15767068,0.15767068,0.0,0.0,0.011262191,0.011262191,0.0,0.0,Left Wing,Centre Forward,3.5479631,3.5479631,3.5479631,3.5479631,0.0,0.0,0.0,0.0,0.08,3.5479631,3.5479631,0.0,0.0,0.0,0.0,0.0,0.0,0.0,,0.14285714285714285,0.4,0.35714285714285715,20.416427612304688,13.428571428571429,18.937999725341797,8.600000381469727,0.0,0.0,,0.0,0.0,0.21428572,0.5714286,0.0,0.23728813,2,12.683333,4.9671483,0.0,0.0,0.5594098,-0.5594098,10.643889,0.0,3.5479631,1.0,0.0,,0.6577336,0.45411345,-0.1,-1.4784272,39.027596,1.0,7.108375,,0.0,0.0,0.0,0.0,0.0,5.9485817,0.0,0.0,0,46.896427,0.0,0.0,0.0,,46.896427,56.549488,2026-08-09T13:30,0.28185186,-1.3045797,-0.5635243,-0.65372825,,-0.08732738,,3.5479631,3.5479631,0.0,0.0,0.0,0.0,2.42625,2.42625,2.025,0.0,0.375,0.125,0.0,0.375,0.125,0.0,0.33333334,0.0,10.643889,3.5479631,0.33333334,3.5479631,0.33333334,3.5479631,0.5,10.643889,7.0959263,-0.018143352,-0.018143352,-0.012066736,0.3,0.375,0.2857143,10.643889,10.643889,3.5479631,,,,0.0,0.0,0.0,7.0959263,7.0959263,3.5479631,3.5479631,3.5479631,0.0,4.23,4.23,4.21,0.0,0.0,0.0,0.0,0.0,0.0,0.0,0.0,0.0,25.366667,3.5479631
33643,16735,Szilveszter Hangya,1034,Honvéd,1522,NB I,351,2026/2027,103,1994-01-02,False,,,,75.0,176.0,436.63333,0.020143928627173107,0.012456357,0.61836785,0.0,0.2061226,0.18443291,1.8551034,1.8551034,0.2061226,0.0,1.6489809,1.2367357,1.4428583,2.6795938,2.8857167,2.8857167,5.7714334,3.1991646,2.6195688,5.818734,0.7,0.4122452,0.8244904,1.2367357,0.8244904,0.5925925925925926,3.2979617,0.0,2.6795938,0.3333333333333333,0.61836785,45.140846,0.291044776119403,0.11567164179104478,0.5932835820895522,12.161234,0.288135593220339,0.15254237288135594,0.559322033898305,0.3333333333333333,0.7723880597014925,0.0,0.0,1.030613,0.3333333333333333,0.0,2.5422058,0.4122452,0.4707604,0.4707604,0.33189383,0.31058893,0.18443291,0.2061226,2.2838855,2.2838855,1.6101768,1.5068164,0.0088522695,0.0088522695,0.006240995,0.0058403737,Left Back,Left Wing Back,3.5040843,4.74082,8.038781,10.512253,0.4122452,3.7102067,0.5,0.0,0.004694835680751174,6.389801,0.61836785,0.0,0.0,0.0,0.0,0.0,0.0,0.0,,0.8903225806451613,0.6551724137931034,0.10820895522388059,20.064925008745337,18.793043053668477,17.962413787841797,19.96631622314453,0.0,0.0,,0.0,0.0,0.09701493,0.23507462,0.0,0.3917526,5,87.32667,7.049393,0.0,0.0,0.19688925,0.009233357,2.4734714,0.2061226,0.61836785,0.6666667,0.4122452,,0.93661165,1.1115608,-0.11721565,-2.1025121,36.071457,0.9657143,4.048521,0.375,2.4734714,0.2061226,0.0,0.0,0.0,9.559377,5.153065,1.4428583,5,42.595024,4.5346975,1.8551034,0.43137255,0.75,37.568203,52.943428,2026-08-29T15:00,4.8514814,0.3076105,0.22298825,-0.007986095,0.030644394,0.061963975,,0.4122452,9.275517,0.03198436,0.0,0.0,4.122452,8.085005,7.7297077,7.4484115,0.2857143,0.8888889,0.65873015,0.25,0.90789473,0.6184211,0.20588236,0.9117647,0.64705884,13.191847,8.657149,0.65625,5.3591876,0.65,2.6795938,0.44827586,8.244904,5.9775558,0.09696604,0.07508116,0.04997252,0.342246,0.4,0.5471698,2.6795938,2.4734714,1.8551034,4.311304,3.7126665,3.1311111,0.2061226,0.2061226,0.0,2.2673488,2.061226,1.4428583,1.2367357,1.2367357,1.030613,6.5420456,6.97025,6.625,0.0,0.0,0.0,4.74082,3.091839,1.8551034,1.4428583,0.61836785,0.2061226,436.63333,14.22246
33643,440620,Ákos Baki,1034,Honvéd,1522,NB I,351,2026/2027,103,1994-08-24,False,,,,,194.0,392.46667,0.06113781531651815,0.08412031,1.3759129,0.22931883,0.22931883,0.016188815,0.22931883,0.22931883,0.0,0.0,0.0,0.0,3.2104638,3.2104638,1.8345506,0.45863765,2.2931883,1.9030843,0.13136208,2.0344465,0.8,0.0,0.45863765,0.45863765,0.0,0.5909090909090909,5.96229,0.04,6.4209275,0.5454545454545454,1.3759129,47.469,0.2757009345794392,0.02336448598130841,0.7009345794392523,3.6691012,0.375,0.0,0.625,0.3333333333333333,0.8037383177570093,0.16666666666666666,0.22931883,0.22931883,0.5,0.0,4.518113,0.22931883,0.3689106,0.3651396,0.3398901,0.3361191,0.016188815,0.0,1.6087235,1.5922791,1.4821726,1.4657283,0.008249864,0.008165534,0.0076008854,0.0075165555,Right Centre Back,,7.3382025,9.172753,3.6691012,6.650246,0.22931883,3.2104638,,0.0,0.0,3.2104638,0.22931883,0.0,0.0,0.0,0.0,0.0,0.0,0.0,,0.2578616352201258,0.7619047619047619,0.09813084112149532,27.592714113609812,26.228725699491278,27.514286041259766,25.80937385559082,0.0,0.0,,0.0,0.0,0.07476635,0.19626169,0.0,0.2189422,4,98.11667,4.0818753,0.0,0.0,0.100309126,0.12900971,1.6052319,0.0,0.0,,0.0,,0.95056707,0.93803537,-0.041833557,-0.07842898,33.48055,1.0,4.9264894,0.6,1.1465942,0.22931883,0.0,0.22931883,0.0,5.4640837,6.1916084,0.22931883,4,28.31741,1.3759129,0.68795645,0.20689656,0.6,24.607023,37.573906,2026-08-29T15:00,4.3607407,0.11788712,0.055435564,-0.047178704,0.07910205,0.03052817,,0.0,9.631391,0.22389446,0.0,0.0,1.8345506,13.238492,12.430833,11.07,0.69491524,0.9745763,0.9322034,0.6666667,1.0,1.0,0.5,1.0,1.0,8.484797,4.5863767,0.5405405,0.45863765,0.6666667,0.0,,0.68795645,0.0,0.02449568,0.0019020183,,0.2044199,0.125,0.0,0.0,0.0,0.0,3.9099998,4.7,,0.0,0.0,0.0,0.0,0.0,0.0,0.0,0.0,0.0,,,,0.0,0.0,0.0,1.3759129,0.22931883,0.0,0.22931883,0.0,0.0,392.46667,8.943435
33643,424716,Ádám Szamosi,1034,Honvéd,1522,NB I,351,2026/2027,103,2006-12-11,False,,,,,185.0,424.05,0.13105392456054688,0.27814773,2.1223912,0.42447826,0.42447826,0.010647777,0.42447826,0.42447826,0.0,0.0,1.2734348,1.2734348,5.9426956,7.2161307,1.0611956,0.0,1.0611956,0.45756564,0.0,0.45756564,0.625,0.21223913,0.42447826,0.6367174,1.2734348,0.6842105263157895,2.7591085,0.0,1.0611956,0.45454545454545453,1.0611956,25.256454,0.21138211382113822,0.15447154471544716,0.6341463414634146,8.701804,0.12195121951219512,0.1951219512195122,0.6829268292682927,0.5,0.7154471544715447,0.2,0.42447826,0.42447826,0.5,0.0,0.5706885,0.42447826,0.39689463,0.39689463,0.2333397,0.2333397,0.010647777,0.0,1.8700353,1.8700353,1.0994189,1.0994189,0.013649893,0.013649893,0.008024955,0.008024955,Left Wing,Centre Attacking Midfielder,1.697913,3.395826,9.975239,16.342413,2.7591085,4.669261,0.16666666666666666,0.0,0.029661016949152543,3.183587,1.4856739,0.0,0.0,0.0,0.0,0.0,0.0,0.0,,0.18518518518518517,0.75,0.13008130081300814,19.86552813770325,19.05579445578835,18.282499313354492,20.73333168029785,0.0,0.0,,0.0,0.0,0.08130081,0.23577236,0.0,0.14415585,5,84.81,2.3558545,0.0,0.0,0.28879547,0.13568278,2.5468695,0.21223913,0.42447826,0.5,0.0,,0.95923924,1.1340535,0.034552846,-1.5830288,23.558544,0.8558559,5.4928613,0.0,2.7591085,0.21223913,0.0,0.0,0.0,13.961335,5.518217,1.0611956,5,59.11193,11.248673,2.1223912,0.6883117,0.7692308,55.98376,60.721302,2026-08-29T15:00,4.7116666,0.085124776,-0.009551677,0.053558387,0.013801107,0.027316932,,0.6367174,6.579413,0.38831478,0.0,0.0,4.2447824,4.1106086,3.8861558,3.4042664,0.07954545,0.59090906,0.3068182,0.078125,0.5625,0.28125,0.05263158,0.47368422,0.23684211,5.7304564,2.3346305,0.4074074,1.2734348,0.4,1.0611956,0.5,3.183587,2.1223912,0.017323846,0.010140822,0.015109735,0.2647059,0.2238806,0.25641027,6.791652,5.7304564,3.395826,4.5066667,4.1866665,4.1866665,0.42447826,0.42447826,0.21223913,3.6080654,2.9713478,1.697913,1.4856739,1.2734348,0.42447826,3.8070726,3.7548928,3.429375,0.0,0.0,0.0,1.2734348,0.6367174,0.6367174,0.42447826,0.21223913,0.21223913,424.05,17.828087
33643,404337,Kevin Kállai,1034,Honvéd,1522,NB I,351,2026/2027,103,2002-01-14,False,,,,71.0,178.0,388.68332,0.027853960171341896,0.012899223,0.46310195,0.0,0.0,0.08697044,0.9262039,0.9262039,0.0,0.0,2.0839586,1.8524078,2.0839586,3.9363663,3.9363663,1.1577548,5.0941215,3.608206,1.021974,4.6301804,0.68,2.5470607,2.0839586,1.8524078,2.0839586,0.3829787234042553,4.1679173,0.05555555555555555,3.9363663,0.07692307692307693,0.23155098,33.806442,0.24019607843137256,0.11274509803921569,0.6470588235294118,7.6411824,0.18181818181818182,0.06060606060606061,0.7575757575757576,0.0,0.6813725490196079,0.0,0.0,1.3893058,0.5,0.0,3.688063,0.46310195,0.4165129,0.39281097,0.32249174,0.2987898,0.08697044,0.0,1.7987958,1.6964341,1.3927462,1.2903845,0.0076871617,0.0072497185,0.005951907,0.005514464,Right Back,Right Wing Back,5.5572233,9.262038,15.745465,16.671669,1.1577548,4.8625703,0.4444444444444444,0.0,0.0061162079510703364,5.0941215,0.46310195,0.0,0.0,0.0,0.0,0.0,0.0,0.0,,0.1111111111111111,0.5,0.12745098039215685,26.28509641161152,22.662230567108814,25.961153030395508,22.80230712890625,0.0,0.0,,0.0,0.0,0.09313726,0.28431374,0.0,0.35301667,5,77.736664,6.3676515,0.0,0.0,0.09986966,-0.09986966,1.3893058,0.46310195,3.0101628,0.84615386,0.23155098,,0.86217034,0.87832415,-0.18137255,-0.32394293,32.64869,0.9078014,5.7355328,0.2,4.1679173,0.46310195,0.0,0.0,0.0,13.296167,8.567386,2.0839586,4,37.970135,3.9363663,1.8524078,0.2361111,0.44444445,31.987192,53.329105,2026-08-29T15:00,4.3187037,0.32584244,0.18865967,-0.020029455,0.085757636,0.071454555,,0.6946529,8.798937,0.0,0.0,0.0,3.0101628,9.070316,7.8468423,6.2824244,0.3478261,0.8586956,0.6630435,0.28070176,0.8947368,0.64912283,0.18181819,0.8484849,0.5151515,9.956692,5.0941215,0.5116279,3.2417135,0.6086956,2.0839586,0.64285713,5.325672,3.2417135,0.09339994,0.07821305,0.06522897,0.35833332,0.44230768,0.4827586,1.8524078,1.8524078,1.8524078,3.929091,3.9233334,4.2533336,0.0,0.0,0.0,0.9262039,0.9262039,0.9262039,0.0,0.0,0.0,2.5370002,2.5370002,2.5370002,0.0,0.0,0.0,2.5470607,1.3893058,0.6946529,0.46310195,0.23155098,0.23155098,388.68332,22.691996
33643,411568,Alex Szabó,1034,Honvéd,1522,NB I,351,2026/2027,103,2002-05-15,False,,,,,189.0,96.51667,,0.0,0.0,0.0,0.0,0.0,0.0,0.0,0.0,0.0,0.0,0.0,0.0,0.0,0.0,0.93248135,0.93248135,0.0,0.7129987,0.7129987,,0.0,0.93248135,0.0,0.93248135,0.4666666666666667,6.5273695,0.05263157894736842,9.324814,0.5,1.8649627,32.63685,0.5277777777777778,0.05555555555555555,0.4166666666666667,1.8649627,0.5,0.0,0.5,,0.6111111111111112,,0.0,0.0,,0.0,7.129987,0.0,0.08380777,0.08380777,0.08380777,0.08380777,0.0,0.0,0.08987607,0.08987607,0.08987607,0.08987607,0.0019538277,0.0019538277,0.0019538277,0.0019538277,Right Centre Back,,12.122258,11.189777,4.662407,5.5948887,0.0,2.7974443,,0.0,0.0,2.7974443,0.93248135,0.0,0.0,0.0,0.0,0.0,0.0,0.0,,0.3157894736842105,0.0,0.1388888888888889,29.896386040581596,26.542275168678977,39.52799987792969,,0.0,0.0,,0.0,0.0,0.055555556,0.25,0.0,,1,96.51667,,0.0,0.0,0.0,0.0,0.0,0.0,0.0,,0.0,,0.8878088,,-0.6111111,9.631614,22.379555,0.9583333,4.110255,,0.0,0.0,0.0,0.0,0.0,4.2779922,2.7974443,0.0,1,24.814703,0.0,0.0,0.0,,22.602669,31.761608,2026-08-09T13:30,1.0724075,0.31294322,-0.027310489,,0.21108355,0.12917024,,0.0,13.987221,0.0,0.0,0.0,0.0,8.373333,,,0.25,0.9166667,0.75,,,,,,,8.392333,0.93248135,0.11111111,0.0,,0.0,,0.0,0.0,0.01742121,,,0.31034482,,,0.0,0.0,0.0,2.72,,,0.0,0.0,0.0,0.0,0.0,0.0,0.0,0.0,0.0,,,,0.0,0.0,0.0,0.93248135,0.0,0.0,0.0,0.0,0.0,96.51667,6.5273695
33643,565812,Pekár István Márk,1034,Honvéd,1522,NB I,351,2026/2027,103,2004-02-10,False,,,István Pekár,,188.0,145.65,0.06932586431503296,0.12851346,1.8537592,0.0,0.0,0.0643655,0.6179197,0.0,0.0,0.0,0.6179197,0.0,5.5612774,5.5612774,0.0,0.6179197,0.6179197,0.0,0.17698334,0.17698334,0.0,0.0,0.6179197,1.2358394,0.6179197,0.4,1.2358394,0.05,1.8537592,0.3333333333333333,1.2358394,18.537592,0.24242424242424243,0.06060606060606061,0.696969696969697,4.9433575,0.25,0.125,0.625,0.3333333333333333,0.7878787878787878,0.0,0.0,0.0,,0.0,1.3899825,0.6179197,0.49929112,0.4349256,0.30641213,0.30641213,0.0,0.0,0.8080194,0.70385456,0.49587697,0.49587697,0.018364077,0.015996695,0.011269931,0.011269931,Left Defensive Midfielder,Centre Attacking Midfielder,1.8537592,3.0895984,6.7971168,7.4150367,0.6179197,1.8537592,0.0,0.0643655,0.017241379310344827,2.4716787,0.6179197,0.0,0.0,0.0,0.0,0.0,0.0,0.0,,0.24,0.4,0.15151515151515152,19.076665704900567,16.725384051983173,9.09000015258789,11.0,0.0,0.0,,0.0,0.0,0.060606062,0.15151516,0.0,0.11881188,4,36.4125,2.224511,0.0,0.6179197,0.19287895,-0.19287895,2.4716787,0.0,0.0,,0.6179197,,0.87674564,1.210121,-0.38787878,-9.986666,15.447992,0.92,5.6503673,0.5,1.2358394,0.0,0.0,0.0,0.0,2.9004037,2.4716787,0.6179197,1,34.881664,1.2358394,0.0,0.16666667,0.0,33.581192,52.338654,2026-08-14T15:30,1.6183332,0.57150936,0.52033293,-0.07029566,0.018067516,0.103404544,,0.6179197,9.268796,0.009114005,0.0,0.0,3.7075183,4.710285,4.3753333,3.1093335,0.11764706,0.5882353,0.23529412,0.11111111,0.5555556,0.11111111,0.0,0.6,0.0,4.325438,1.2358394,0.2857143,0.6179197,0.5,0.0,0.0,1.2358394,0.6179197,0.44369194,0.4448976,0.44188157,0.29166666,0.16666667,0.25,2.4716787,2.4716787,1.2358394,,,,0.0,0.0,0.0,0.6179197,0.6179197,0.6179197,0.0,0.0,0.0,3.0,3.0,3.0,0.0,0.0,0.0,0.0,0.0,0.0,0.0,0.0,0.0,145.65,8.032956
33643,484609,Milán Szekszárdi,2160,Paksi FC,1522,NB I,351,2026/2027,103,2001-02-08,False,,,,,,209.9,0.01185004971921444,0.0050810124,0.42877564,0.0,0.0,0.0,0.0,0.0,0.0,0.0,0.42877564,0.42877564,0.8575513,1.2863269,2.143878,0.8575513,3.0014296,1.5664475,0.45595318,2.0224006,0.5,0.0,0.8575513,2.143878,0.42877564,0.4166666666666667,4.287756,0.03333333333333333,2.5726538,0.5454545454545454,2.5726538,49.737972,0.296,0.032,0.672,4.7165318,0.5454545454545454,0.0,0.45454545454545453,0.0,0.832,0.0,0.0,0.0,0.0,0.0,3.5006816,0.0,0.8029376,0.7702625,0.8029376,0.7702625,0.0,0.0,1.8726289,1.7964231,1.8726289,1.7964231,0.017023899,0.01633112,0.017023899,0.01633112,Right Centre Back,Right Back,3.8589807,9.004289,8.575512,9.861839,0.0,6.002859,0.0,0.0,0.0,4.7165318,0.8575513,0.0,0.0,0.0,0.0,0.0,0.0,0.0,,0.10112359550561797,0.7058823529411765,0.136,26.87080078125,22.9891357421875,24.818233489990234,22.33916664123535,0.0,0.0,,0.0,0.0,0.04,0.16,0.0,0.2785088,3,69.96667,5.445451,0.0,0.0,0.0050810124,-0.0050810124,0.42877564,0.0,0.0,,0.0,,0.8555434,0.9001111,-0.12611765,-2.052567,34.302048,0.9875,5.1569533,0.75,0.8575513,0.0,0.0,0.0,0.0,9.935671,8.575512,0.8575513,2,34.922256,1.2863269,0.0,0.13043478,0.0,32.821655,39.56083,2026-08-21T15:30,2.3322222,0.29949683,0.13317132,-0.021696417,0.13557827,0.052443635,,0.0,15.435923,0.0,0.0,0.0,4.7165318,11.211849,8.558182,6.485,0.53125,0.875,0.796875,0.45454547,1.0,0.72727275,0.25,1.0,0.5,11.148166,6.002859,0.53846157,1.2863269,0.5,0.42877564,0.33333334,2.5726538,1.2863269,0.0757644,0.033166267,0.006595106,0.26530612,0.3,0.5,0.8575513,0.8575513,0.8575513,3.7155554,3.0266666,3.98,0.0,0.0,0.0,0.8575513,0.8575513,0.8575513,0.42877564,0.42877564,0.42877564,4.965,4.965,4.965,0.0,0.0,0.0,3.8589807,1.2863269,0.42877564,0.8575513,0.0,0.0,209.9,12.863268
33643,461565,János Galambos,2160,Paksi FC,1522,NB I,351,2026/2027,103,2008-01-09,False,,,,,,46.433334,0.09221692383289337,0.35748124,3.8765252,0.0,0.0,0.0,0.0,0.0,0.0,0.0,0.0,0.0,11.629577,11.629577,1.9382626,0.0,1.9382626,2.3944812,0.0,2.3944812,1.0,3.8765252,1.9382626,0.0,0.0,,0.0,0.0,1.9382626,0.0,0.0,9.691314,0.0,0.0,1.0,3.8765252,0.0,0.0,1.0,0.5,0.6,0.0,0.0,0.0,,0.0,2.3944812,0.0,0.35748124,0.35748124,0.20199628,0.20199628,0.0,0.0,0.18443385,0.18443385,0.10421512,0.10421512,0.016766714,0.016766714,0.009474102,0.009474102,Left Centre Forward,,1.9382626,0.0,7.7530503,13.567839,3.8765252,5.8147883,,0.0,0.11764705882352941,0.0,0.0,0.0,0.0,0.0,0.0,0.0,0.0,0.0,,0.0,1.0,0.2,7.80199966430664,8.986666361490885,5.460000038146973,5.460000038146973,0.0,0.0,,0.0,0.0,0.0,0.4,0.0,0.05940594,1,46.433334,1.1629577,0.0,0.0,0.35748124,-0.35748124,3.8765252,0.0,3.8765252,1.0,0.0,,1.1518414,1.0,0.4,-2.3419995,15.506101,0.75,2.4190745,,1.9382626,0.0,0.0,0.0,0.0,16.761368,5.8147883,0.0,1,68.83202,9.691314,0.0,0.71428573,0.0,69.52757,69.184525,2026-08-09T13:30,0.51592594,-0.5142366,-0.2044149,-0.29560286,0.0070131994,-0.021232117,,0.0,0.0,0.31284893,0.0,0.0,0.0,2.9733334,2.9733334,2.9733334,0.0,0.4,0.0,0.0,0.4,0.0,0.0,0.5,0.0,0.0,0.0,,0.0,,0.0,,0.0,0.0,,,,0.0,0.0,0.0,5.8147883,5.8147883,3.8765252,,,,0.0,0.0,0.0,1.9382626,1.9382626,1.9382626,0.0,0.0,0.0,2.02,2.02,2.02,0.0,0.0,0.0,0.0,0.0,0.0,0.0,0.0,0.0,46.433334,17.444365
33643,10810,Balázs Dzsudzsák,2206,Debrecen,1522,NB I,351,2026/2027,103,1986-12-23,False,Balázs,Dzsudzsák,,76.0,179.0,475.88336,0.07662927645903367,0.18839964,2.4585857,0.5673659,0.5673659,0.45138347,4.7280493,1.7020978,0.0,0.0,6.241025,2.4585857,2.0803418,4.538927,0.18912198,0.0,0.18912198,0.21582028,0.0,0.21582028,0.3333333333333333,0.18912198,0.5673659,0.37824395,0.7564879,0.43023255813953487,6.9975133,0.04,0.18912198,0.0,0.0,29.124783,0.17889908256880735,0.04128440366972477,0.7798165137614679,9.266976,0.24489795918367346,0.04081632653061224,0.7142857142857143,0.46153846153846156,0.6100917431192661,0.23076923076923078,0.5673659,1.3238539,0.3333333333333333,0.0,0.21582028,0.18912198,1.088059,0.6406363,0.5722831,0.3917116,0.15869685,0.0,5.753213,3.387424,3.026,2.0712116,0.027137797,0.015978415,0.014273585,0.009769866,Centre Attacking Midfielder,Right Centre Midfielder,0.5673659,15.886245,3.0259516,5.2954154,0.7564879,0.7564879,0.21212121212121213,0.29268667,0.030405405405405407,6.0519032,0.5673659,0.0,0.0,0.0,0.0,0.0,0.0,0.0,,0.8046875,0.7333333333333333,0.06880733944954129,29.721975344036696,26.365790575070488,18.14533233642578,18.824546813964844,0.0,0.0,,0.0,0.0,0.04587156,0.29816514,0.0,0.5758836,6,79.313896,10.477358,0.0,3.0259516,0.63978314,-0.072417215,7.186635,0.18912198,0.37824395,0.5,3.7824395,,0.88708067,1.037432,0.12324159,-11.576642,25.720587,0.9558824,5.0354686,0.0,1.8912197,0.5673659,0.0,0.0,0.0,6.341498,1.1347318,0.18912198,5,60.73023,3.7824395,1.5129758,0.71428573,0.8,53.27315,60.751537,2026-08-28T18:00,5.287593,0.6792043,0.5526568,0.05921826,0.0074361376,0.059893027,,0.18912198,6.241025,0.24818559,0.0,0.0,3.7824395,7.315809,7.012436,6.3275,0.24210526,0.94736844,0.70526314,0.2,0.95384616,0.6615385,0.15,0.95,0.625,8.321367,4.3498054,0.52272725,3.2150733,0.53125,2.0803418,0.33333334,6.0519032,6.241025,0.14862077,0.1465546,0.13817996,0.34375,0.43835616,0.75,1.7020978,1.5129758,1.5129758,4.41625,4.46,4.6600003,0.0,0.0,0.0,1.5129758,1.3238539,1.3238539,0.5673659,0.5673659,0.5673659,4.42125,4.468571,4.468571,0.0,0.0,0.0,1.5129758,0.94560987,0.5673659,0.5673659,0.37824395,0.18912198,475.88336,6.0519032
33643,535079,David Patai,2206,Debrecen,1522,NB I,351,2026/2027,103,2007-03-13,False,,,D.Patai,,,456.51666,0.03070484660565853,0.024213234,0.7885802,0.0,0.0,0.05029832,0.59143513,0.59143513,0.0,0.0,0.59143513,0.59143513,2.1685956,2.7600307,2.3657405,0.19714504,2.5628855,2.8902733,0.26319477,3.1534681,0.75,0.59143513,0.9857252,0.7885802,1.1828703,0.6818181818181818,2.9571757,0.02666666666666667,1.1828703,0.42857142857142855,0.59143513,32.92322,0.22093023255813954,0.0755813953488372,0.7034883720930233,10.251542,0.2692307692307692,0.1346153846153846,0.5961538461538461,0.0,0.813953488372093,0.0,0.0,0.19714504,0.14285714285714285,0.0,1.3308856,0.19714504,0.42344013,0.42344013,0.41076928,0.41076928,0.05029832,0.0,2.1478608,2.1478608,2.083589,2.083589,0.011999222,0.011999222,0.011640162,0.011640162,Right Defensive Midfielder,Left Defensive Midfielder,1.3800154,4.140046,6.9000764,11.828703,1.5771604,5.125771,0.0,0.0,0.006493506493506494,5.5200615,1.1828703,0.0,0.0,0.0,0.0,0.0,0.0,0.0,,0.7368421052631579,0.8095238095238095,0.12209302325581395,20.167091547056685,19.265070452008928,18.02857208251953,18.729413986206055,0.0,0.0,,0.0,0.0,0.09883721,0.21511628,0.0,0.20958647,6,76.08611,4.3963346,0.0,0.0,0.07451156,-0.07451156,1.3800154,0.19714504,0.7885802,0.75,0.0,,0.9552726,1.0388739,-0.004429679,-2.1385198,29.571756,0.9066667,6.6413536,0.5,3.3514657,0.3942901,0.0,0.0,0.0,15.091726,6.5057864,1.9714504,4,48.08039,5.5200615,1.7743053,0.46666667,0.5294118,46.530334,49.864742,2026-08-28T18:00,5.0724072,0.15847655,0.09485045,-0.030976444,0.036217604,0.058384947,,0.7885802,9.660108,0.0,0.0,0.0,5.322916,5.626899,5.216735,3.954,0.10869565,0.8913044,0.4673913,0.06122449,0.9183673,0.42857143,0.0,0.92,0.28,5.5200615,3.1543207,0.5714286,1.5771604,0.44444445,0.7885802,0.33333334,3.5486107,2.3657405,0.0048546465,-0.018984042,-0.021001304,0.19858156,0.25,0.33333334,4.140046,2.7600307,1.9714504,4.326667,4.502,3.6399999,0.0,0.0,0.0,3.745756,2.5628855,1.9714504,0.9857252,0.59143513,0.3942901,3.8444736,4.0738463,3.8600001,0.0,0.0,0.0,1.1828703,0.9857252,0.3942901,0.19714504,0.19714504,0.0,456.51666,15.180168
33643,404168,Bence Batik,2206,Debrecen,1522,NB I,351,2026/2027,103,1993-11-08,False,,,,87.0,190.0,287.71667,0.15026501417160035,0.2350203,1.5640386,0.0,0.0,0.07761942,0.6256154,0.6256154,0.0,0.0,0.6256154,0.6256154,4.379308,5.0049233,2.5024617,0.6256154,3.1280773,2.9798698,0.6687881,3.6486578,0.7272727272727273,0.0,1.2512308,0.9384232,0.0,0.8947368421052632,5.3177314,0.02631578947368421,3.4408848,0.7096774193548387,6.8817697,46.921158,0.20915032679738563,0.0392156862745098,0.7516339869281046,8.445808,0.2222222222222222,0.0,0.7777777777777778,0.0,0.8627450980392157,0.0,0.0,0.0,,0.0,3.8758385,0.6256154,0.5795417,0.5795417,0.5441032,0.5441032,0.07761942,0.0,1.8527089,1.8527089,1.7394173,1.7394173,0.011579431,0.011579431,0.010871358,0.010871358,Right Centre Back,Centre Defensive Midfielder,4.0665007,5.3177314,7.1945777,8.758616,0.0,4.0665007,0.0,0.0,0.0,5.0049233,0.6256154,0.0,0.0,0.0,0.0,0.0,0.0,0.0,,0.09821428571428571,0.6363636363636364,0.1437908496732026,22.821111940870097,23.414317737926137,17.345909118652344,20.60714340209961,0.0,0.0,,0.0,0.0,0.07189543,0.19607843,0.0,0.215873,3,95.905556,4.254185,0.0,0.0,0.31263968,-0.3126397,2.189654,0.0,0.0,,0.0,,1.0259937,1.1880118,-0.22638147,-5.4752035,29.403925,1.0,4.659792,0.0,1.5640386,0.3128077,0.0,0.0,0.0,10.192544,5.9433465,0.3128077,3,33.561337,1.5640386,0.3128077,0.17857143,0.2,30.689474,44.80702,2026-08-16T14:30,3.196852,-0.0648481,0.05275648,-0.1785133,0.009872906,0.051035848,,0.9384232,18.142849,0.0,0.0,0.0,4.692116,11.2974,7.4985714,4.1,0.5972222,0.9027778,0.8472222,0.2857143,0.7619048,0.71428573,0.0,0.5,0.5,6.5689626,3.7536929,0.5714286,2.189654,0.7,0.9384232,0.75,3.1280773,1.2512308,0.050453074,0.044319548,0.042234298,0.15789473,0.2631579,0.36363637,1.2512308,1.2512308,0.6256154,4.718889,5.608,9.06,0.0,0.0,0.0,0.6256154,0.6256154,0.0,0.6256154,0.6256154,0.0,4.97,4.97,,0.0,0.0,0.0,2.8152697,1.5640386,0.3128077,0.6256154,0.6256154,0.3128077,287.71667,12.512309
33643,404333,Botond Vajda,2206,Debrecen,1522,NB I,351,2026/2027,103,2004-03-15,False,,,,65.0,174.0,40.25,,0.0,0.0,0.0,0.0,0.08919809,2.2360249,0.0,0.0,0.0,6.7080746,6.7080746,2.2360249,8.944099,2.2360249,2.2360249,4.4720497,1.6239427,2.3973067,4.0212493,1.0,2.2360249,0.0,0.0,4.4720497,0.7142857142857143,11.180124,0.0,0.0,,0.0,42.48447,0.2857142857142857,0.09523809523809523,0.6190476190476191,22.360249,0.0,0.2,0.8,,0.8095238095238095,,0.0,2.2360249,1.0,0.0,0.0,0.0,0.08919809,0.0,0.0,0.0,0.0,0.0,0.039891366,0.0,0.0,0.0,0.0024932104,0.0,0.0,0.0,Left Back,Left Wing,0.0,15.652174,6.7080746,13.416149,0.0,2.2360249,0.3333333333333333,0.08919809,0.0,2.2360249,6.7080746,0.0,0.0,0.0,0.0,0.0,0.0,0.0,,0.7333333333333333,0.5,0.09523809523809523,25.656191871279763,24.140589096966913,28.525001525878906,23.170000076293945,0.0,0.0,,0.0,0.0,0.0,0.1904762,0.0,0.09615384,3,13.416667,3.3540373,0.0,2.2360249,0.08919809,-0.08919809,2.2360249,0.0,2.2360249,1.0,0.0,,0.94092643,0.8122699,-0.30952382,2.8688097,42.48447,0.8947368,7.0702705,,4.4720497,0.0,0.0,0.0,0.0,10.51702,2.2360249,0.0,0,45.364285,4.4720497,2.2360249,0.33333334,0.5,41.62092,57.38057,2026-08-23T15:30,0.44722223,0.14185129,-0.0015821076,,-0.008201252,0.15163462,,0.0,17.888199,0.0,0.0,0.0,6.7080746,3.675,4.1983333,4.1983333,0.0,0.8,0.2,0.0,0.8333333,0.33333334,0.0,0.8333333,0.33333334,8.944099,6.7080746,0.75,6.7080746,1.0,6.7080746,1.0,6.7080746,6.7080746,-0.029637296,-0.048845094,-0.048845094,0.25,0.3,0.33333334,4.4720497,4.4720497,4.4720497,2.4,2.4,2.4,0.0,0.0,0.0,4.4720497,4.4720497,4.4720497,2.2360249,2.2360249,2.2360249,5.715,5.715,5.715,0.0,0.0,0.0,6.7080746,6.7080746,6.7080746,0.0,0.0,0.0,40.25,15.652174
33643,404394,Milán Vitális,2774,Győri ETO,1522,NB I,351,2026/2027,103,2002-01-28,False,,,,73.0,179.0,99.01667,0.03286118060350418,0.05973754,1.8178757,0.0,0.0,0.18793316,3.6357515,1.8178757,0.0,0.0,2.7268136,0.0,0.0,0.0,4.544689,2.7268136,7.271503,6.8393636,4.103618,10.942982,0.8333333333333334,0.0,1.8178757,0.9089379,0.9089379,0.75,8.180441,0.14285714285714285,0.0,0.0,0.0,49.082645,0.12307692307692308,0.06153846153846154,0.8153846153846154,8.180441,0.2222222222222222,0.0,0.7777777777777778,0.0,0.9076923076923077,0.0,0.0,0.0,0.0,0.0,0.0,0.0,0.6177767,0.42643583,0.3885873,0.3885873,0.05108773,0.0,0.6796688,0.4691584,0.427518,0.427518,0.012136943,0.008377829,0.00763425,0.00763425,Right Defensive Midfielder,,0.0,10.907254,9.998317,9.089378,0.9089379,1.8178757,0.0,0.13684544,0.008130081300813009,6.362565,2.7268136,0.0,0.0,0.0,0.0,0.0,0.0,0.0,,0.15789473684210525,1.0,0.03076923076923077,24.127845177283653,23.189660023834747,25.30500030517578,25.30500030517578,0.0,0.0,,0.0,0.0,0.015384615,0.092307694,0.0,0.5483871,1,99.01667,13.90675,0.0,1.8178757,0.2476707,-0.2476707,5.453627,0.0,0.0,,2.7268136,,0.9611161,1.0,0.092307694,1.1771551,49.082645,0.962963,5.0940022,0.5,1.8178757,0.9089379,0.0,0.0,0.0,13.678727,4.544689,0.9089379,1,40.807144,3.6357515,0.0,0.4,0.0,33.90636,51.160255,2026-07-26T13:45,1.1001853,0.26478013,0.08166965,-0.11295284,0.2647723,0.031291038,,0.0,2.7268136,0.0,0.0,0.0,0.9089379,8.254,8.621667,12.715,0.32,0.9,0.8,0.29166666,1.0,0.9166667,1.0,1.0,1.0,4.544689,2.7268136,0.6,0.9089379,1.0,0.0,0.0,0.9089379,2.7268136,0.022540376,0.012892817,,0.094339624,0.05,1.0,0.9089379,0.0,0.0,9.83,4.53,,0.0,0.0,0.0,0.9089379,0.0,0.0,0.9089379,0.0,0.0,6.21,,,0.9089379,0.0,0.0,1.8178757,0.9089379,0.0,0.9089379,0.0,0.0,99.01667,15.451943
33643,433900,Hennagyij Szikszai,2484,Kisvárda,1522,NB I,351,2026/2027,103,2007-09-18,False,,,,,,105.13333,0.21121857166290284,0.90407443,4.280279,0.0,0.0,0.023763413,0.85605586,0.85605586,0.0,0.0,0.85605586,0.85605586,5.136335,5.992391,0.0,0.0,0.0,0.0,0.0,0.0,,0.0,1.7121117,0.0,2.5681674,0.3333333333333333,1.7121117,0.0,0.0,0.0,0.0,21.401396,0.16,0.2,0.64,10.27267,0.16666666666666666,0.25,0.5833333333333334,0.4,0.72,0.0,0.0,0.85605586,0.25,0.0,0.0,0.0,1.1064955,1.1064955,0.26766726,0.26766726,0.023763413,0.0,1.2925506,1.2925506,0.31267503,0.31267503,0.04787224,0.04787224,0.011580557,0.011580557,Centre Attacking Midfielder,Left Wing,0.85605586,4.280279,5.992391,9.416615,0.85605586,1.7121117,1.0,0.0,0.0784313725490196,1.7121117,0.85605586,0.0,0.0,0.0,0.0,0.0,0.0,0.0,,0.05555555555555555,0.75,0.16,28.3616015625,20.965555826822918,21.702499389648438,28.59666633605957,0.0,0.0,,0.0,0.0,0.12,0.2,0.0,0.20338984,3,35.044445,4.109068,0.0,0.0,0.92783785,-0.92783785,5.136335,0.0,0.0,,0.0,,0.73922324,1.317667,0.03,-6.659102,26.537731,0.87096775,4.256802,,2.5681674,0.85605586,0.85605586,0.0,0.0,7.226372,1.7121117,0.85605586,0,57.139286,6.848447,2.5681674,0.72727275,1.0,59.173214,67.196594,2026-08-23T15:30,1.1681482,-0.44626585,-0.0553047,-0.43894908,-0.026441796,0.07442971,,0.0,7.7045026,0.24923964,0.0,0.0,5.136335,4.6713333,4.6713333,4.659091,0.06666667,0.73333335,0.4,0.06666667,0.73333335,0.4,0.09090909,0.6363636,0.36363637,4.280279,1.7121117,0.4,0.85605586,0.33333334,0.85605586,0.5,2.5681674,1.7121117,-0.0024368323,-0.014414385,-0.010685145,0.2777778,0.21428572,0.22222222,0.0,0.0,0.0,,,,0.0,0.0,0.0,0.0,0.0,0.0,0.0,0.0,0.0,,,,0.0,0.0,0.0,0.0,0.0,0.0,0.0,0.0,0.0,105.13333,11.128726
33643,484098,Máté Rózsa,2209,Zalaegerszegi TE,1522,NB I,351,2026/2027,103,2007-05-06,False,,,,,,89.2,,0.0,0.0,0.0,0.0,0.0,0.0,0.0,0.0,0.0,0.0,0.0,0.0,0.0,1.0089687,0.0,1.0089687,0.61818665,0.0,0.61818665,1.0,0.0,0.0,0.0,0.0,0.6666666666666666,4.035875,0.0,1.0089687,,0.0,39.349777,0.17073170731707318,0.07317073170731707,0.7560975609756098,1.0089687,1.0,0.0,0.0,,0.9024390243902439,,0.0,0.0,,0.0,0.61818665,0.0,0.2240626,0.2240626,0.2240626,0.2240626,0.0,0.0,0.22207093,0.22207093,0.22207093,0.22207093,0.0069397166,0.0069397166,0.0069397166,0.0069397166,Right Centre Back,Left Centre Back,2.0179374,5.044843,8.07175,9.080718,0.0,3.026906,,0.0,0.0,1.0089687,0.0,0.0,0.0,0.0,0.0,0.0,0.0,0.0,,0.2,0.7272727272727273,0.2682926829268293,23.007316775438262,22.16486420502534,21.511817932128906,21.731250762939453,0.0,0.0,,0.0,0.0,0.2195122,0.2195122,0.0,0.36666667,2,44.6,4.439462,0.0,0.0,0.0,0.0,0.0,0.0,0.0,,0.0,,0.96338326,1.0102006,-0.1751663,-1.4954982,31.278028,1.0,4.430896,,0.0,0.0,0.0,0.0,0.0,7.216593,3.026906,0.0,0,22.024908,1.0089687,0.0,0.11111111,,19.265516,28.477606,2026-08-08T13:30,0.9911111,0.108634785,0.04370331,,0.04347426,0.021457214,,0.0,2.0179374,0.0,0.0,0.0,0.0,13.53,,,0.8333333,1.0,1.0,,,,,,,2.1951218,0.0,0.0,0.0,,0.0,,0.0,0.0,0.0007018454,,,0.1,,,0.0,0.0,0.0,,,,0.0,0.0,0.0,0.0,0.0,0.0,0.0,0.0,0.0,,,,0.0,0.0,0.0,0.0,0.0,0.0,0.0,0.0,0.0,41.0,10.089686
33643,101837,Alen Martin Skribek,2209,Zalaegerszegi TE,1522,NB I,351,2026/2027,103,2001-04-11,False,,,,60.0,174.0,249.20001,0.031195756793022156,0.05633262,1.8057785,0.0,1.083467,0.5243236,2.8892453,2.5280898,1.083467,0.7223113,0.7223113,0.0,2.166934,2.166934,0.0,0.36115566,0.36115566,0.0,0.22127707,0.22127707,0.0,0.7223113,1.083467,0.36115566,1.4446226,0.5714285714285714,2.8892453,0.0,0.36115566,,0.0,29.614765,0.13043478260869565,0.15217391304347827,0.717391304347826,9.0288925,0.2,0.2,0.6,0.2,0.6304347826086957,0.0,0.0,0.36115566,0.25,0.0,0.17099449,0.36115566,0.7343723,0.63279384,0.21503359,0.21503359,0.45074213,1.083467,2.0333955,1.7521359,0.59540415,0.59540415,0.023644134,0.020373672,0.006923304,0.006923304,Left Midfielder,Right Centre Forward,0.7223113,4.695024,11.918137,19.14125,2.166934,3.611557,0.0,0.07358149,0.0196078431372549,2.8892453,0.7223113,0.0,0.0,0.0,0.0,0.0,0.0,0.0,,0.08771929824561403,0.6666666666666666,0.16304347826086957,21.282824972401496,20.287069386449353,15.035334587097168,12.958999633789062,0.0,0.0,,0.0,0.0,0.11956522,0.26086956,0.0,0.5279503,3,83.06667,6.139647,0.0,0.36115566,0.58065623,0.50281084,4.695024,0.0,0.7223113,1.0,0.7223113,,0.9532132,0.86190295,0.036231883,-6.247491,24.19743,0.8507463,5.6002016,0.0,3.250401,0.0,0.0,0.0,0.36115566,15.811145,3.9727128,0.36115566,3,59.159317,15.529694,2.8892453,0.8113208,0.8888889,57.72078,59.834618,2026-08-08T13:30,2.768889,-0.031860907,-0.07360567,-0.04857697,-0.011190498,0.10151222,,0.7223113,4.695024,0.02289038,0.0,0.0,2.8892453,5.02424,5.496762,5.7737503,0.04,0.88,0.36,0.06666667,0.8666667,0.46666667,0.125,0.75,0.375,6.288376,2.2866824,0.36363637,1.7150116,0.375,0.5716706,0.2,4.5733647,2.8583527,-0.021687161,-0.025909487,-0.01938243,0.33333334,0.3809524,0.3846154,5.145035,2.2866824,1.7150116,7.6975,6.9866667,3.42,0.0,0.0,0.0,4.0016937,1.1433412,0.5716706,1.7150116,0.5716706,0.5716706,5.032857,5.825,8.6,0.0,0.0,0.0,2.2866824,1.7150116,0.5716706,1.7150116,1.1433412,0.0,157.43333,20.224718
33643,101841,András Mátyás Csonka,2209,Zalaegerszegi TE,1522,NB I,351,2026/2027,103,2000-05-01,False,,,András Csonka,,178.0,533.43335,0.03747688482205073,0.03793823,1.0123101,0.0,0.16871837,0.16415848,1.1810285,1.1810285,0.16871837,0.16871837,0.5061551,0.5061551,1.8559018,2.362057,2.362057,0.8435918,3.205649,2.137134,0.8454135,2.9825473,0.7,0.6748735,0.5061551,1.0123101,1.349747,0.5555555555555556,4.217959,0.02666666666666667,2.0246203,1.0,0.8435918,38.636505,0.2158273381294964,0.1079136690647482,0.6762589928057554,10.629256,0.23809523809523808,0.06349206349206349,0.6984126984126984,0.16666666666666666,0.7949640287769785,0.0,0.0,0.5061551,0.2727272727272727,0.0,1.7706375,0.5061551,0.44219375,0.43468055,0.3256661,0.3055743,0.16415848,0.16871837,2.620899,2.5763679,1.9302351,1.8111502,0.0103592845,0.010183272,0.007629388,0.007158696,Right Back,Right Wing Back,2.5307753,7.086171,7.4236073,9.27951,1.8559018,4.0492406,0.3333333333333333,0.0,0.010570824524312896,4.5553956,1.0123101,0.0,0.0,0.0,0.0,0.0,0.0,0.0,,0.125,0.696969696969697,0.11870503597122302,22.618705035971225,20.952579273897058,17.488788604736328,18.678260803222656,0.0,0.0,,0.0,0.0,0.11510792,0.28417265,0.0,0.3582888,6,88.905556,4.5216517,0.0,0.0,0.20209672,-0.033378348,2.1933386,0.8435918,1.5184653,0.44444445,0.0,,0.9263386,1.0680134,-0.097994335,-5.129917,37.96163,0.92444444,5.5690455,0.6,0.8435918,0.0,0.0,0.0,0.0,8.199169,5.905143,0.16871837,6,30.820084,1.5184653,0.16871837,0.16363636,0.2,27.615294,50.527145,2026-08-29T15:00,5.9270372,0.2538531,0.081509225,-0.01761908,0.053444393,0.13651854,,0.5061551,6.580016,0.06003206,0.0,0.0,1.8559018,8.926262,8.247551,6.7136097,0.36448598,0.90654206,0.72897196,0.2923077,0.95384616,0.72307694,0.14634146,0.9268293,0.6097561,8.036941,4.327584,0.53846157,3.5032818,0.60714287,2.2668295,0.52380955,5.7701116,4.327584,0.047555912,0.042289644,0.032918327,0.26174498,0.3783784,0.47727272,2.2668295,1.8546786,1.8546786,5.013,4.4325,4.21,0.2060754,0.2060754,0.2060754,2.2668295,1.8546786,1.8546786,1.030377,0.8243016,0.8243016,6.2772727,6.491111,6.491111,0.2060754,0.0,0.0,2.060754,1.6486032,1.030377,0.8243016,0.61822623,0.4121508,436.73334,12.147722
33643,565814,Ferenc Ujváry,1033,Ujpest,1522,NB I,351,2026/2027,103,2008-08-26,False,,,,,169.0,365.7,0.026812279596924782,0.013197184,0.49220672,0.0,0.0,0.0,0.0,0.0,0.0,0.0,0.49220672,0.24610336,0.24610336,0.49220672,2.4610336,0.73831004,3.1993437,2.4889324,0.7162175,3.2051497,0.6666666666666666,0.73831004,1.4766201,1.2305168,1.7227235,0.3333333333333333,1.4766201,0.0,1.2305168,0.14285714285714285,0.24610336,29.778507,0.3235294117647059,0.11764705882352941,0.5588235294117647,3.6915505,0.3333333333333333,0.0,0.6666666666666666,0.0,0.7529411764705882,0.0,0.0,0.24610336,0.3333333333333333,0.0,1.1276067,0.0,0.39061776,0.10726813,0.39061776,0.10726813,0.0,0.0,1.5872102,0.43586618,1.5872102,0.43586618,0.009121898,0.002504978,0.009121898,0.002504978,Left Back,Right Back,1.9688269,3.6915505,11.074652,11.812961,0.98441344,3.445447,0.5,0.0,0.00816326530612245,2.9532402,2.9532402,0.0,0.0,0.0,0.0,0.0,0.0,0.0,,0.16470588235294117,0.625,0.09411764705882353,21.944353170955882,19.536327362060547,23.255624771118164,23.755001068115234,0.0,0.0,,0.0,0.0,0.05882353,0.1882353,0.0,0.16261399,5,73.14,2.633306,0.0,0.0,0.013197184,-0.013197184,0.49220672,0.24610336,0.98441344,0.75,0.24610336,,0.8902667,1.0214734,-0.12794118,1.3112715,29.040197,0.9237288,5.368944,0.2857143,1.7227235,0.24610336,0.0,0.0,0.0,11.972707,4.675964,0.24610336,5,35.256645,3.1993437,1.4766201,0.27083334,0.85714287,32.428825,43.65063,2026-08-29T17:30,4.0633335,0.08324406,0.048695207,-0.023196982,0.0077924407,0.049953394,,0.0,11.074652,0.0,0.0,0.0,2.9532402,8.717146,8.461875,5.6533337,0.40625,0.984375,0.75,0.3125,1.0,0.8125,0.0,1.0,0.6666667,5.1681705,1.9688269,0.3809524,0.98441344,0.44444445,0.49220672,0.2857143,2.21493,1.7227235,0.021541422,0.021859594,0.019466775,0.21649484,0.33333334,0.53846157,0.73831004,0.49220672,0.24610336,4.4657145,3.9475,2.73,0.0,0.0,0.0,0.73831004,0.49220672,0.24610336,0.24610336,0.24610336,0.0,4.7,6.02,3.2,0.0,0.0,0.0,1.7227235,0.98441344,0.49220672,0.73831004,0.24610336,0.0,365.7,15.750615
33643,432700,Miron Máté Mucsányi,1033,Ujpest,1522,NB I,351,2026/2027,103,2005-10-14,False,,,Miron Mucsányi,,180.0,152.33333,0.13889027635256448,0.24617314,1.7724289,0.0,0.0,0.12374116,1.1816193,1.1816193,0.0,0.0,1.1816193,1.1816193,1.7724289,2.9540482,4.135668,1.7724289,5.9080963,4.64926,1.5175282,6.166788,1.0,0.0,4.135668,0.0,0.59080964,0.5,2.3632386,0.0,0.59080964,0.3333333333333333,0.59080964,25.995625,0.2,0.08888888888888889,0.7111111111111111,6.498906,0.18181818181818182,0.0,0.8181818181818182,0.3333333333333333,0.7555555555555555,0.0,0.0,0.59080964,0.3333333333333333,0.0,0.5947343,0.0,0.93010277,0.93010277,0.66482204,0.66482204,0.12374116,0.0,1.5742849,1.5742849,1.1252729,1.1252729,0.029153423,0.029153423,0.020838387,0.020838387,Centre Attacking Midfielder,Left Defensive Midfielder,1.1816193,4.135668,7.0897155,14.179431,2.3632386,5.317287,0.5,0.0,0.03571428571428571,2.9540482,1.7724289,0.0,0.0,0.0,0.0,0.0,0.0,0.0,,0.06060606060606061,0.875,0.17777777777777778,20.89377712673611,19.67941104664522,21.81624984741211,18.255712509155273,0.0,0.0,,0.0,0.0,0.08888889,0.2,0.0,0.22508039,4,38.083332,4.135668,0.0,0.0,0.36991426,-0.3699143,2.9540482,0.59080964,0.59080964,0.0,0.0,,0.94187903,0.83679426,0.119444445,0.9224727,23.041576,0.8974359,5.7281713,,2.9540482,0.59080964,0.0,0.0,0.0,14.129932,5.9080963,1.1816193,1,41.55357,4.726477,1.1816193,0.33333334,0.4,39.026524,49.423157,2026-08-29T17:30,1.6925925,0.10729735,0.05209229,-0.11658471,0.026803464,0.14498629,,0.59080964,7.0897155,0.20653778,0.0,0.0,2.3632386,5.606786,4.058125,4.5522223,0.10714286,0.75,0.5,0.0625,0.6875,0.25,0.11111111,0.7777778,0.33333334,6.498906,4.135668,0.6363636,1.1816193,0.4,0.59080964,0.33333334,2.9540482,1.7724289,0.06857582,0.047284182,0.04182665,0.28947368,0.2631579,0.375,4.135668,1.7724289,1.1816193,5.082,5.5,2.82,0.59080964,0.0,0.0,3.5448577,1.7724289,1.1816193,1.7724289,0.0,0.0,6.0716667,4.2366667,4.385,0.0,0.0,0.0,2.9540482,1.1816193,0.59080964,1.7724289,0.59080964,0.0,152.33333,22.450768
33643,318547,Noah Dávid Gabriel Fenyö,1033,Ujpest,1522,NB I,351,2026/2027,103,2006-01-30,False,,,Noah Fenyő,,184.0,242.76666,0.015870248898863792,0.011767039,0.7414527,0.0,0.0,0.0,0.0,0.0,0.0,0.0,0.0,0.0,0.7414527,0.7414527,0.37072635,0.37072635,0.7414527,0.33207983,0.4255034,0.75758326,0.3333333333333333,0.37072635,1.8536317,0.7414527,0.37072635,0.6666666666666666,0.7414527,0.043478260869565216,1.112179,0.6666666666666666,0.7414527,22.24358,0.2459016393442623,0.14754098360655737,0.6065573770491803,4.448716,0.4166666666666667,0.08333333333333333,0.5,0.0,0.8524590163934426,0.0,0.0,0.0,0.0,0.0,1.3572313,0.0,0.11781819,0.11781819,0.11419049,0.11419049,0.0,0.0,0.31780365,0.31780365,0.30801827,0.30801827,0.005044502,0.005044502,0.004889179,0.004889179,Right Defensive Midfielder,Left Defensive Midfielder,1.112179,1.112179,5.190169,7.414527,0.0,2.5950844,,0.0,0.008771929824561403,3.3365374,3.3365374,0.0,0.0,0.0,0.0,0.0,0.0,0.0,,0.1875,0.625,0.13114754098360656,17.128195840804302,16.268268291766827,13.94124984741211,15.555999755859375,0.0,0.0,,0.0,0.0,0.04918033,0.08196721,0.0,0.25263157,5,48.553333,3.558973,0.0,0.0,0.011767039,-0.011767039,0.7414527,0.0,0.37072635,1.0,0.0,,0.94979465,1.1158253,-0.22745901,-3.186946,20.760675,0.98214287,6.1089244,0.0,2.5950844,0.37072635,0.0,0.0,0.0,7.9854937,3.7072635,0.37072635,2,36.676357,2.5950844,2.224358,0.35,0.85714287,31.416649,45.001312,2026-08-21T15:30,2.6974072,0.06115831,-0.0471366,-0.027134767,0.069893464,0.06553622,,0.0,5.560895,0.0,0.0,0.0,2.224358,5.317037,7.015,7.51,0.037037037,0.8888889,0.5925926,0.16666667,1.0,1.0,0.0,1.0,1.0,5.024424,4.3963714,0.875,1.8841591,1.0,0.0,,1.8841591,0.0,0.017584676,0.018863449,,0.20512821,0.21428572,0.0,1.256106,0.628053,0.628053,5.95,5.26,,0.0,0.0,0.0,1.256106,0.628053,0.628053,1.256106,0.628053,0.628053,6.67,7.51,7.51,0.628053,0.0,0.0,2.512212,0.628053,0.0,1.256106,0.628053,0.0,143.3,9.6388855
33643,11268,Attila Fiola,1033,Ujpest,1522,NB I,351,2026/2027,103,1990-02-17,False,,,,70.0,183.0,158.46667,,0.0,0.0,0.0,0.0,0.0,0.0,0.0,0.0,0.0,0.0,0.0,0.0,0.0,1.7038283,0.0,1.7038283,1.6521683,0.0,1.6521683,1.0,0.0,0.0,0.0,0.56794274,0.7142857142857143,2.8397136,0.04,3.4076567,0.0,0.0,48.27513,0.2755102040816326,0.030612244897959183,0.6938775510204082,3.9755993,0.42857142857142855,0.0,0.5714285714285714,,0.8673469387755102,,0.0,0.0,,0.0,3.17838,0.0,0.23012394,0.23012394,0.23012394,0.23012394,0.0,0.0,0.40518862,0.40518862,0.40518862,0.40518862,0.0050648577,0.0050648577,0.0050648577,0.0050648577,Right Centre Back,Left Back,3.9755993,3.4076567,3.4076567,5.679427,0.56794274,2.271771,,0.0,0.0,2.271771,0.56794274,0.0,0.0,0.0,0.0,0.0,0.0,0.0,,0.0958904109589041,0.9,0.10204081632653061,21.174794722576532,21.27929256663603,19.59000015258789,21.442222595214844,0.0,0.0,,0.0,0.0,0.091836736,0.1632653,0.0,0.17748918,2,79.23334,2.3285654,0.0,0.0,0.0,0.0,0.0,0.0,0.0,,0.0,,1.004935,1.0945494,0.03265306,-1.5847954,42.027763,0.972973,2.8300166,1.0,1.1358855,0.0,0.0,0.0,0.0,5.654177,3.9755993,0.56794274,2,37.550358,2.271771,0.56794274,0.4,0.5,31.090548,40.344982,2026-08-29T17:30,1.7607409,0.16635096,0.051264253,,0.089603595,0.025483144,,0.0,5.679427,0.0,0.0,0.0,0.0,10.457857,8.497334,3.502,0.60714287,0.9464286,0.8035714,0.4,0.8,0.6,0.0,0.6,0.2,2.8397136,1.1358855,0.4,0.56794274,1.0,0.56794274,0.33333334,0.56794274,1.7038283,0.016150443,0.0028282723,0.0028282723,0.06666667,0.083333336,1.5,0.0,0.0,0.0,7.22,,,0.0,0.0,0.0,0.0,0.0,0.0,0.0,0.0,0.0,,,,0.0,0.0,0.0,0.56794274,0.0,0.0,0.56794274,0.0,0.0,158.46667,7.383256
33643,565839,Horváth Rajmund Gábor,2211,Vasas,1522,NB I,351,2026/2027,103,2003-09-23,False,,,Rajmund Horváth,,177.0,107.216675,0.07434077560901642,0.24961303,3.3576868,0.8394217,0.8394217,0.040904548,0.8394217,0.8394217,0.0,0.0,0.8394217,0.8394217,8.394217,9.233639,0.8394217,1.6788434,2.518265,0.4155865,2.2722633,2.6878498,1.0,0.8394217,2.518265,0.0,1.6788434,1.0,0.8394217,0.0,0.0,0.3333333333333333,0.8394217,26.022074,0.1935483870967742,0.25806451612903225,0.5483870967741935,14.270168,0.17647058823529413,0.29411764705882354,0.5294117647058824,0.25,0.9032258064516129,0.25,0.8394217,0.0,,0.0,0.0,0.8394217,0.377357,0.377357,0.14915746,0.14915746,0.040904548,0.0,0.44954404,0.44954404,0.17769074,0.17769074,0.01152677,0.01152677,0.004556173,0.004556173,Right Midfielder,Right Centre Midfielder,0.0,0.8394217,5.8759513,10.07306,2.518265,3.3576868,0.0,0.0,0.04054054054054054,3.3576868,3.3576868,0.0,0.0,0.0,0.0,0.0,0.0,0.0,,0.7037037037037037,0.8,0.16129032258064516,14.307742211126513,14.343214852469307,10.072000503540039,11.079999923706055,0.0,0.0,,0.0,0.0,0.09677419,0.12903225,0.0,0.16666667,4,26.804169,2.9379756,0.0,0.0,0.29051757,0.5489041,4.1971083,0.0,0.8394217,1.0,0.0,,1.0024793,1.1000794,-0.103225805,-4.235742,35.25571,0.88095236,5.276984,1.0,2.518265,0.0,0.0,0.0,0.0,11.831041,3.3576868,0.8394217,0,43.871487,6.7153735,2.518265,0.6666667,1.0,45.089333,67.164635,2026-08-29T17:30,1.1912963,0.7360458,0.47912258,0.07971822,-0.009130031,0.18633497,,3.3576868,5.03653,0.67179143,0.0,0.0,3.3576868,4.5708275,4.6643996,4.3814287,0.10344828,0.6896552,0.3448276,0.12,0.72,0.36,0.21428572,0.64285713,0.2857143,5.03653,3.3576868,0.6666667,2.518265,0.75,1.6788434,0.6666667,3.3576868,2.518265,0.6090665,0.5978469,0.59288245,0.21428572,0.1904762,0.25,8.394217,7.5547953,5.8759513,4.2425003,2.7633333,2.625,0.0,0.0,0.0,3.3576868,3.3576868,3.3576868,0.0,0.0,0.0,2.0172498,2.0349998,2.1225,0.0,0.0,0.0,3.3576868,2.518265,1.6788434,0.8394217,0.0,0.0,107.216675,13.430747
33643,565835,András Radó,2211,Vasas,1522,NB I,351,2026/2027,103,1993-09-09,False,,,,60.0,175.0,47.26667,0.03210784122347832,0.061136223,1.9040902,0.0,0.0,0.0,0.0,0.0,0.0,0.0,0.0,0.0,0.0,0.0,1.9040902,0.0,1.9040902,1.1989912,0.0,1.1989912,0.3333333333333333,0.0,0.0,3.8081803,0.0,0.5,1.9040902,0.0,1.9040902,0.5,1.9040902,5.7122703,0.6666666666666666,0.0,0.3333333333333333,0.0,,,,1.0,0.3333333333333333,0.0,0.0,0.0,,0.0,0.8200078,0.0,0.061136223,0.0,0.0,0.0,0.0,0.0,0.03210784,0.0,0.0,0.0,0.00401348,0.0,0.0,0.0,Right Centre Midfielder,Left Centre Forward,1.9040902,3.8081803,17.136812,22.849081,0.0,1.9040902,,0.0,0.0,0.0,5.7122703,0.0,0.0,0.0,0.0,0.0,0.0,0.0,,1.0,0.0,0.3333333333333333,29.313334147135418,42.5099983215332,8.359999656677246,,0.0,0.0,,0.0,0.0,0.0,0.33333334,0.0,,2,23.633335,,0.0,0.0,0.061136223,-0.061136223,1.9040902,0.0,0.0,,0.0,,1.4501932,,-0.33333334,-20.953335,7.6163607,1.0,4.008468,0.0,1.9040902,0.0,0.0,0.0,0.0,12.87196,3.8081803,0.0,0,49.29137,11.4245405,1.9040902,0.5,1.0,49.2088,59.782143,2026-08-22T13:30,0.5251852,-0.00926611,-0.023444945,-0.04116604,-0.03525046,0.09059533,,0.0,5.7122703,0.16145824,0.0,0.0,5.7122703,5.0249996,1.52,1.52,0.0,0.5,0.5,0.0,0.0,0.0,0.0,0.0,0.0,1.9040902,0.0,0.0,0.0,0.0,0.0,0.0,1.9040902,1.9040902,-0.010743013,-0.010743013,-0.010743013,0.5,1.0,1.0,1.9040902,0.0,0.0,,,,0.0,0.0,0.0,1.9040902,0.0,0.0,1.9040902,0.0,0.0,8.53,,,0.0,0.0,0.0,0.0,0.0,0.0,0.0,0.0,0.0,47.26667,24.75317
33643,565833,Áron Doktorics,2211,Vasas,1522,NB I,351,2026/2027,103,2001-11-21,False,,,,61.0,172.0,584.95,0.035131794214248654,0.027026765,0.7692965,0.0,0.1538593,0.10658214,1.538593,1.538593,0.1538593,0.0,1.538593,1.3847338,1.0770152,2.4617488,3.3849046,1.0770152,4.46192,2.618333,0.8993899,3.517723,0.88,1.2308744,1.0770152,0.46157792,1.6924523,0.5405405405405406,3.077186,0.011627906976744186,2.1540303,0.5,0.92315584,52.61988,0.2853470437017995,0.10282776349614396,0.6118251928020566,12.616462,0.3048780487804878,0.10975609756097561,0.5853658536585366,0.2,0.8406169665809768,0.0,0.0,0.7692965,0.35714285714285715,0.0,1.6194172,0.0,0.39346787,0.35500917,0.35466272,0.31056684,0.10658214,0.1538593,2.5573225,2.3073626,2.3051107,2.018512,0.008249427,0.007443105,0.007435841,0.006511329,Left Back,Left Wing Back,2.4617488,5.3850756,6.308231,9.077699,1.2308744,2.923327,0.5,0.0,0.0014705882352941176,6.4620905,0.92315584,0.0,0.0,0.0,0.0,0.0,0.0,0.0,,0.8071428571428572,0.7894736842105263,0.09768637532133675,19.231877108772494,18.24489320527523,15.53552532196045,17.286001205444336,0.0,0.0,,0.0,0.0,0.06683805,0.17480719,0.0,0.38243902,6,97.49167,6.031285,0.0,0.0,0.13360891,0.0202504,2.3078895,0.1538593,1.3847338,0.8888889,0.1538593,,0.9486798,1.1126757,-0.05114328,-3.6963515,46.31165,0.94684386,4.9975734,0.72727275,1.2308744,0.1538593,0.0,0.0,0.0,8.004507,4.154201,0.3077186,6,36.027145,2.1540303,0.7692965,0.23728813,0.625,32.3967,50.4071,2026-08-29T17:30,6.4994445,0.27327874,0.16751552,-0.02223708,0.023739986,0.10426033,,0.0,10.770151,0.009817324,0.0,0.0,5.077357,8.1710825,7.1920786,7.28725,0.30805686,0.91943127,0.7393365,0.23636363,0.90909094,0.6727273,0.25,0.9,0.7,8.462261,5.6927943,0.6727273,3.2310452,0.61764705,1.2308744,0.44444445,5.231216,2.7694676,0.07674467,0.060128357,0.053339828,0.19927536,0.27419356,0.36,2.1540303,1.8463117,1.3847338,4.98,4.2242856,3.7866669,0.1538593,0.1538593,0.1538593,1.6924523,1.538593,1.2308744,1.0770152,1.0770152,0.7692965,5.206667,5.521333,5.43475,0.1538593,0.0,0.0,2.615608,1.0770152,0.46157792,0.92315584,0.1538593,0.0,584.95,13.385758
33643,419498,Bence Zoltán Banó-Szabó,2211,Vasas,1522,NB I,351,2026/2027,103,1999-07-25,False,,,Bence Banó-Szabó,76.0,180.0,18.933332,,0.0,0.0,0.0,0.0,0.6001989,4.7535214,4.7535214,0.0,0.0,4.7535214,4.7535214,9.507043,14.260564,0.0,0.0,0.0,0.0,0.0,0.0,,0.0,0.0,0.0,0.0,1.0,4.7535214,0.0,0.0,,0.0,61.795776,0.07692307692307693,0.23076923076923078,0.6923076923076923,23.767607,0.2,0.4,0.4,,1.0,,0.0,4.7535214,1.0,0.0,0.0,4.7535214,0.7833831,0.7833831,0.1831842,0.1831842,0.6001989,0.0,0.16480058,0.16480058,0.038536526,0.038536526,0.027466765,0.027466765,0.0064227544,0.0064227544,Centre Attacking Midfielder,,0.0,4.7535214,0.0,0.0,0.0,0.0,0.0,0.0,0.0,0.0,0.0,0.0,0.0,0.0,0.0,0.0,0.0,0.0,,0.9230769230769231,1.0,0.07692307692307693,16.944615290715145,16.944615290715145,8.050000190734863,8.050000190734863,0.0,0.0,,0.0,0.0,0.07692308,0.07692308,0.0,0.17241378,1,18.933332,4.7535214,0.0,0.0,0.6001989,-0.6001989,4.7535214,0.0,0.0,,0.0,,1.0,1.0,0.0,-8.894615,47.535213,1.0,2.5570683,,0.0,0.0,0.0,0.0,0.0,0.0,0.0,0.0,0,,0.0,0.0,,,,56.550953,2026-08-08T13:30,0.21037036,0.332881,0.2711316,,,0.061749376,,4.7535214,0.0,0.0,0.0,0.0,0.0,6.8766665,6.0666666,5.455,0.083333336,1.0,0.8333333,0.0,1.0,0.6666667,0.0,1.0,0.75,9.507043,9.507043,1.0,9.507043,1.0,9.507043,1.0,9.507043,9.507043,0.42441952,0.42441952,0.42441952,0.15384616,0.2857143,0.6666667,4.7535214,4.7535214,0.0,4.4,4.4,4.4,0.0,0.0,0.0,4.7535214,4.7535214,0.0,4.7535214,4.7535214,0.0,9.79,9.79,,0.0,0.0,0.0,9.507043,9.507043,9.507043,4.7535214,4.7535214,4.7535214,18.933332,0.0
33643,396412,Csaba Milán Molnár,2211,Vasas,1522,NB I,351,2026/2027,103,2006-06-24,False,,,Csaba Molnár,,167.0,18.666666,,0.0,0.0,0.0,0.0,0.0,0.0,0.0,0.0,0.0,0.0,0.0,4.821429,4.821429,0.0,4.821429,4.821429,0.0,6.6888084,6.6888084,,0.0,4.821429,0.0,9.642858,,0.0,0.0,0.0,0.0,0.0,57.857147,0.16666666666666666,0.3333333333333333,0.5,33.75,0.14285714285714285,0.42857142857142855,0.42857142857142855,,0.8333333333333334,,0.0,0.0,0.0,0.0,0.0,0.0,0.18580112,0.18580112,0.18580112,0.18580112,0.0,0.0,0.038536526,0.038536526,0.038536526,0.038536526,0.0032113772,0.0032113772,0.0032113772,0.0032113772,Left Wing,,0.0,0.0,4.821429,24.107145,9.642858,4.821429,,0.0,0.0,4.821429,4.821429,0.0,0.0,0.0,0.0,0.0,0.0,0.0,,0.2,1.0,0.3333333333333333,16.72249984741211,18.0760009765625,15.757499694824219,15.757499694824219,0.0,0.0,,0.0,0.0,0.25,0.41666666,0.0,0.31034482,1,18.666666,8.678572,0.0,0.0,0.0,0.0,0.0,0.0,0.0,,0.0,,1.0809389,1.0,0.16666667,-0.96500015,72.321434,0.8666667,4.6749187,,9.642858,0.0,0.0,0.0,0.0,33.444042,4.821429,4.821429,0,66.17786,19.285715,9.642858,0.8,1.0,66.78809,64.14926,2026-08-08T13:30,0.2074074,-0.15969992,-0.010547005,,0.01934128,-0.1684942,,0.0,0.0,0.0,0.0,0.0,0.0,6.846667,6.53,7.4683332,0.15384616,0.7692308,0.61538464,0.1,0.8,0.6,0.14285715,0.71428573,0.71428573,9.642858,9.642858,1.0,9.642858,1.0,9.642858,1.0,9.642858,9.642858,0.21066822,0.21066822,0.21066822,0.18181819,0.25,0.33333334,14.464287,14.464287,9.642858,2.06,2.06,2.06,0.0,0.0,0.0,14.464287,14.464287,9.642858,9.642858,9.642858,9.642858,5.66,5.66,6.89,0.0,0.0,0.0,4.821429,4.821429,4.821429,0.0,0.0,0.0,18.666666,28.928574
33643,73888,Bence Pávkovics,2211,Vasas,1522,NB I,351,2026/2027,103,1997-03-27,False,,,,78.0,186.0,352.6,0.040200340251127877,0.030783016,0.76574016,0.0,0.0,0.01227393,0.25524673,0.25524673,0.0,0.0,0.51049346,0.25524673,1.0209869,1.2762337,1.5314803,0.0,1.5314803,1.1643517,0.0,1.1643517,0.6,0.0,1.0209869,1.0209869,0.51049346,0.46153846153846156,1.5314803,0.04,1.5314803,0.6666666666666666,1.5314803,27.3114,0.2846715328467153,0.1386861313868613,0.5766423357664233,3.0629606,0.16666666666666666,0.0,0.8333333333333334,0.3333333333333333,0.7226277372262774,0.0,0.0,0.25524673,0.5,0.0,1.5915406,0.0,0.18766215,0.1743026,0.18313095,0.16977139,0.01227393,0.0,0.73521864,0.68287885,0.71746635,0.66512656,0.0055279597,0.0051344275,0.005394484,0.0050009517,Right Back,Right Wing Back,2.0419738,2.807714,9.444129,10.720363,0.25524673,4.339195,0.5,0.0,0.0048543689320388345,2.2972207,0.76574016,0.0,0.0,0.0,0.0,0.0,0.0,0.0,,0.25,0.6428571428571429,0.10218978102189781,19.405476591012775,17.981314610953284,20.8992862701416,16.78555679321289,0.0,0.0,,0.0,0.0,0.08759124,0.24817519,0.0,0.17763159,4,88.15,2.7566645,0.0,0.0,0.043056946,-0.043056946,1.0209869,0.25524673,0.25524673,0.0,0.25524673,,0.9266103,0.8031641,-0.079770595,1.4938089,22.206467,0.9655172,5.2182603,0.33333334,1.2762337,0.25524673,0.0,0.0,0.0,8.971949,5.870675,0.25524673,3,36.323982,2.2972207,0.51049346,0.21428572,0.4,35.006344,48.751724,2026-08-14T15:30,3.9177778,0.18314196,0.07681848,-0.0037332522,0.068611965,0.041444756,,0.25524673,6.3811684,0.024509033,0.0,0.0,1.7867272,7.356426,6.6198864,6.1655555,0.23287672,0.84931505,0.5890411,0.15625,0.875,0.5625,0.0,0.8888889,0.6666667,5.615428,2.2972207,0.4090909,0.76574016,0.33333334,0.25524673,0.2,2.2972207,1.2762337,0.053171,0.030969353,0.008442163,0.23404256,0.2647059,0.3846154,0.76574016,0.25524673,0.0,5.522857,4.7299995,4.72,0.0,0.0,0.0,0.51049346,0.25524673,0.0,0.0,0.0,0.0,4.3,4.49,,0.0,0.0,0.0,1.7867272,0.51049346,0.25524673,0.76574016,0.0,0.0,352.6,13.272829
33643,47399,Daniel Csóka,2211,Vasas,1522,NB I,351,2026/2027,103,2000-04-04,False,,,,78.0,188.0,584.95,0.06460386514663696,0.039759625,0.6154372,0.3077186,0.3077186,0.010972497,0.1538593,0.0,0.0,0.1538593,0.0,0.0,1.2308744,1.2308744,0.6154372,0.46157792,1.0770152,0.6501585,0.24923141,0.8993899,0.6666666666666666,0.1538593,1.2308744,0.3077186,0.3077186,0.7297297297297297,4.154201,0.06976744186046512,4.9234977,0.5,1.2308744,53.389175,0.22752808988764045,0.033707865168539325,0.7387640449438202,2.1540303,0.6428571428571429,0.0,0.35714285714285715,0.5,0.9382022471910112,0.5,0.3077186,0.0,,0.0,4.56467,0.0,0.29890963,0.28396693,0.2842429,0.28027266,0.0,0.0,1.9427466,1.8456272,1.8474209,1.8216165,0.0073311194,0.006964631,0.0069713998,0.006874025,Left Centre Back,,5.846654,4.769638,5.231216,8.616121,0.0,3.3849046,,0.010972497,0.0014388489208633094,2.3078895,0.92315584,0.0,0.0,0.0,0.0,0.0,0.0,0.0,,0.8275862068965517,0.8571428571428571,0.07865168539325842,22.252723951018258,21.558411010011227,23.377145767211914,22.693750381469727,0.0,0.0,,0.0,0.0,0.04494382,0.07584269,0.0,0.24682926,6,97.49167,3.8926404,0.0,0.1538593,0.050732117,0.25698647,0.7692965,0.0,0.1538593,1.0,0.0,,0.96879876,0.97076654,-0.08105939,1.124421,45.234634,0.99319726,4.361314,0.33333334,0.92315584,0.1538593,0.0,0.0,0.0,8.368976,5.538935,0.1538593,6,29.124598,1.2308744,0.3077186,0.14285715,0.33333334,25.78666,34.903946,2026-08-29T17:30,6.4994445,0.13716516,0.0473834,0.06447011,-0.010307677,0.035619333,,0.0,8.154543,0.14482377,0.0,0.0,1.3847338,13.400382,9.059412,8.165,0.740566,0.9481132,0.8962264,0.5294118,0.8235294,0.8235294,0.5,1.0,1.0,4.769638,3.6926234,0.7741935,0.46157792,1.0,0.1538593,1.0,0.46157792,0.1538593,0.019721808,0.00089989323,0.00014776981,0.10402685,0.12,1.0,0.0,0.0,0.0,5.5886664,3.435,4.54,0.0,0.0,0.0,0.0,0.0,0.0,0.0,0.0,0.0,,,,0.1538593,0.0,0.0,2.3078895,0.3077186,0.1538593,1.0770152,0.0,0.0,584.95,10.462432
33643,565837,Barnabás Barkóczi,2211,Vasas,1522,NB I,351,2026/2027,103,2007-07-12,False,,,,,186.0,21.183334,,0.0,0.0,0.0,0.0,0.0,0.0,0.0,0.0,0.0,0.0,0.0,0.0,0.0,0.0,0.0,0.0,0.0,0.0,0.0,,0.0,0.0,0.0,0.0,,0.0,0.0,0.0,,0.0,12.74587,0.0,0.3333333333333333,0.6666666666666666,8.497246,0.0,0.0,1.0,,1.0,,0.0,0.0,,0.0,0.0,0.0,0.15566525,0.15566525,0.15566525,0.15566525,0.0,0.0,0.03663899,0.03663899,0.03663899,0.03663899,0.0091597475,0.0091597475,0.0091597475,0.0091597475,,,0.0,0.0,4.248623,16.994492,0.0,0.0,,0.0,0.0,0.0,0.0,0.0,0.0,0.0,0.0,0.0,0.0,0.0,,0.0,1.0,0.3333333333333333,10.373333613077799,10.373333613077799,12.600000381469727,12.600000381469727,0.0,0.0,,0.0,0.0,0.0,0.0,0.0,0.5833333,2,10.591667,5.948072,0.0,0.0,0.0,0.0,0.0,0.0,0.0,,0.0,,1.0,1.0,0.0,2.2266667,12.74587,1.0,1.4279257,,4.248623,0.0,0.0,0.0,0.0,12.100189,0.0,0.0,0,46.2875,4.248623,0.0,0.25,0.0,45.450714,71.46528,2026-08-29T17:30,0.23537038,-0.025775654,-0.03981149,,0.011877978,0.0021578579,,0.0,0.0,0.0,0.0,0.0,0.0,4.27,4.27,,0.0,1.0,0.0,0.0,1.0,0.0,,,,0.0,0.0,,0.0,,0.0,,0.0,0.0,,,,0.0,0.0,0.0,0.0,0.0,0.0,,,,0.0,0.0,0.0,0.0,0.0,0.0,0.0,0.0,0.0,,,,0.0,0.0,0.0,0.0,0.0,0.0,0.0,0.0,0.0,21.183334,16.994492
33643,396409,Attila Csaba Girsik,2211,Vasas,1522,NB I,351,2026/2027,103,2006-02-01,False,,,Attila Girsik,,,22.1,,0.0,0.0,0.0,0.0,0.0,0.0,0.0,0.0,0.0,4.072398,4.072398,0.0,4.072398,4.072398,4.072398,8.144796,4.0453453,4.0453453,8.090691,1.0,0.0,0.0,0.0,4.072398,1.0,4.072398,0.0,0.0,0.0,0.0,57.013573,0.26666666666666666,0.0,0.7333333333333333,16.289593,0.75,0.0,0.25,,0.8666666666666667,,0.0,4.072398,1.0,0.0,0.0,0.0,0.15693608,0.15693608,0.15693608,0.15693608,0.0,0.0,0.038536526,0.038536526,0.038536526,0.038536526,0.002752609,0.002752609,0.002752609,0.002752609,,,0.0,4.072398,32.579185,32.579185,0.0,4.072398,1.0,0.0,0.0,12.217194,0.0,0.0,0.0,0.0,0.0,0.0,0.0,0.0,,0.0,1.0,0.13333333333333333,20.115999348958333,20.520000751201923,10.065000534057617,10.065000534057617,0.0,0.0,,0.0,0.0,0.06666667,0.2,0.0,,2,11.05,,0.0,0.0,0.0,0.0,0.0,0.0,0.0,,0.0,,1.0200835,1.0,0.13333334,-10.050999,48.868774,0.9166667,4.960438,,0.0,0.0,0.0,0.0,0.0,33.967087,4.072398,0.0,0,25.570538,4.072398,0.0,0.125,,24.919445,44.166706,2026-08-29T17:30,0.24555556,0.45240554,0.40133035,,-0.030303054,0.08137825,,0.0,12.217194,0.0,0.0,0.0,4.072398,10.2825,9.417143,2.315,0.5,0.8333333,0.6666667,0.5714286,0.85714287,0.71428573,0.0,0.5,0.0,12.217194,8.144796,0.6666667,4.072398,0.5,4.072398,0.5,8.144796,8.144796,0.30637252,0.30919147,0.30919147,0.21428572,0.2857143,0.6666667,4.072398,0.0,0.0,4.3,,,0.0,0.0,0.0,0.0,0.0,0.0,0.0,0.0,0.0,,,,0.0,0.0,0.0,4.072398,0.0,0.0,0.0,0.0,0.0,22.1,36.651585
33643,404974,Gergő János Pálinkás,2211,Vasas,1522,NB I,351,2026/2027,103,1996-12-22,False,,,Gergő Pálinkás,,192.0,22.416668,,0.0,0.0,0.0,0.0,0.2217238,4.0148697,4.0148697,0.0,0.0,0.0,0.0,0.0,0.0,4.0148697,0.0,4.0148697,5.5698624,0.0,5.5698624,1.0,0.0,4.0148697,0.0,0.0,,0.0,0.0,0.0,,0.0,20.074348,0.0,0.6,0.4,8.029739,0.0,0.5,0.5,,1.0,,0.0,0.0,,0.0,0.0,0.0,0.3764429,0.3764429,0.3764429,0.3764429,0.2217238,0.0,0.093762174,0.093762174,0.093762174,0.093762174,0.018752435,0.018752435,0.018752435,0.018752435,,,0.0,0.0,16.059479,20.074348,0.0,4.0148697,,0.0,0.0,0.0,0.0,0.0,0.0,0.0,0.0,0.0,0.0,0.0,,0.75,,0.0,15.45,15.45,,,0.0,0.0,,0.0,0.0,0.0,0.0,0.0,0.2037037,2,11.208334,4.4163566,0.0,0.0,0.2217238,-0.2217238,4.0148697,0.0,0.0,,0.0,,1.0,,,,16.059479,1.0,3.8252344,,4.0148697,0.0,0.0,0.0,0.0,27.849312,4.0148697,0.0,0,78.07095,20.074348,4.0148697,1.0,1.0,72.65258,62.43786,2026-08-08T13:30,0.24907409,0.041916646,-0.024399783,,0.053924885,0.0123915505,,0.0,0.0,0.0,0.0,0.0,0.0,3.1425,3.1425,3.025,0.0,0.75,0.25,0.0,0.75,0.25,0.0,1.0,0.0,0.0,0.0,,0.0,,0.0,,0.0,0.0,,,,0.0,0.0,0.0,16.059479,16.059479,8.029739,,,,0.0,0.0,0.0,12.044608,12.044608,8.029739,4.0148697,4.0148697,0.0,3.4816666,3.4816666,3.025,0.0,0.0,0.0,0.0,0.0,0.0,0.0,0.0,0.0,22.416668,28.104086
33643,404346,Márk István Engedi,2211,Vasas,1522,NB I,351,2026/2027,103,2006-09-07,False,,,Márk Engedi,,188.0,584.95,,0.0,0.0,0.0,0.0,0.005044676,0.1538593,0.1538593,0.0,0.0,0.0,0.0,0.0,0.0,0.0,0.0,0.0,0.0,0.0,0.0,,0.0,0.0,0.0,0.0,0.4318181818181818,5.846654,0.0,0.0,,0.0,16.924522,0.4388888888888889,0.005555555555555556,0.5555555555555556,0.0,,,,,0.6833333333333333,,0.0,0.0,,0.0,0.0,0.0,0.05275201,0.05275201,0.047707334,0.047707334,0.005044676,0.0,0.34285876,0.34285876,0.31007117,0.31007117,0.001915412,0.001915412,0.0017322411,0.0017322411,Goalkeeper,,2.3078895,11.231729,0.1538593,0.1538593,0.0,0.1538593,,0.0,0.0,0.6154372,0.1538593,13.2319,0.7692965,1.4243474,1.15619,0.782608695652174,0.6732785390770953,0.3868936,0.10933015657507855,0.06060606060606061,0.6206896551724138,0.16111111111111112,39.97477484809028,30.252274676067074,36.33448028564453,26.770000457763672,3.538764,1.15619,0.26744186046511625,1.5560867,-0.05067722,0.033333335,0.2888889,16.241804,0.045853652,6,97.49167,0.72313875,0.0,0.0,0.005044676,-0.005044676,0.1538593,0.0,0.0,,0.0,,0.75678414,0.73676574,-0.06264368,-3.6402938,13.847337,1.0,4.2664037,,0.0,0.0,0.0,0.0,0.0,0.15283722,7.077528,0.0,6,3.1416667,0.0,0.0,0.0,,1.5244902,10.802314,2026-08-29T17:30,6.4994445,0.22016603,0.03263335,,,0.041527517,0.14600511,0.0,2.000171,0.0,0.3077186,0.3077186,0.0,15.728169,,,0.71428573,0.98214287,0.9464286,,,,,,,2.1540303,0.6154372,0.2857143,0.0,,0.0,,0.0,0.0,0.0037958438,,,0.20588236,,,0.0,0.0,0.0,15.48,,,0.0,0.0,0.0,0.0,0.0,0.0,0.0,0.0,0.0,,,,0.1538593,0.0,0.0,0.1538593,0.0,0.0,0.1538593,0.0,0.0,584.95,0.1538593
33643,484630,Bálint Oláh,2484,Kisvárda,1522,NB I,351,2026/2027,103,1994-12-02,False,,,,,188.0,178.68333,,0.0,0.0,0.0,0.0,0.0,0.0,0.0,0.0,0.0,0.0,0.0,0.0,0.0,1.0073687,1.0073687,2.0147374,0.8209095,0.5733368,1.3942462,1.0,0.0,1.0073687,0.0,0.0,0.5,2.0147374,0.045454545454545456,4.0294747,0.4,2.0147374,28.206326,0.35,0.03333333333333333,0.6166666666666667,0.50368434,1.0,0.0,0.0,,0.7833333333333333,,0.0,0.0,,0.0,1.5506293,0.0,0.10429991,0.10429991,0.10429991,0.10429991,0.0,0.0,0.20707396,0.20707396,0.20707396,0.20707396,0.0029165347,0.0029165347,0.0029165347,0.0029165347,Left Centre Back,,5.540528,2.5184216,5.540528,8.5626335,0.50368434,5.0368433,,0.0,0.0,0.0,0.0,0.0,0.0,0.0,0.0,0.0,0.0,0.0,,0.813953488372093,0.7142857142857143,0.23333333333333334,22.117997233072916,20.44255423038564,20.390714645385742,19.565998077392578,0.0,0.0,,0.0,0.0,0.11666667,0.23333333,0.0,0.12741312,2,89.34167,1.6621584,0.0,0.0,0.0,0.0,0.0,0.0,0.0,,0.0,,0.92424977,0.9595543,-0.06904762,-1.7272829,16.621584,1.0,3.8117511,,1.0073687,0.50368434,0.0,0.0,0.0,4.0068583,7.0515814,0.50368434,2,22.725336,0.50368434,0.50368434,0.05882353,0.5,20.094534,34.760204,2026-08-15T15:30,1.9853704,0.029062275,-0.0030234314,,0.022270912,0.009814793,,0.0,8.5626335,0.0,0.0,0.0,1.0073687,10.877932,13.57,,0.55172414,1.0,0.86206895,1.0,1.0,1.0,,,,4.5331593,2.5184216,0.5555556,0.0,,0.0,,0.0,0.0,0.01103818,,,0.1764706,0.0,0.0,0.0,0.0,0.0,5.0066667,,,0.0,0.0,0.0,0.0,0.0,0.0,0.0,0.0,0.0,,,,0.0,0.0,0.0,1.5110531,0.0,0.0,0.50368434,0.0,0.0,178.68333,10.577372
33643,405025,Gábor Jurek,2207,MTK Budapest,1522,NB I,351,2026/2027,103,2004-06-04,False,,,,,183.0,512.5333,0.11715353859795465,0.37029538,3.1607702,1.2291883,1.2291883,0.104472324,0.8779917,0.70239335,0.17559834,0.17559834,1.2291883,0.70239335,5.26795,5.9703436,0.8779917,0.35119668,1.2291883,0.8682308,0.32311717,1.1913481,0.625,0.8779917,0.70239335,0.526795,1.7559834,0.5384615384615384,2.4583766,0.0,0.70239335,0.4,0.35119668,25.110561,0.10240963855421686,0.20481927710843373,0.6927710843373494,7.37513,0.07142857142857142,0.19047619047619047,0.7380952380952381,0.7222222222222222,0.7048192771084337,0.3333333333333333,1.05359,0.70239335,0.5,0.0,0.49511182,0.526795,0.93527406,0.74030226,0.57292706,0.54027474,0.08713086,0.17559834,5.3262124,4.215884,3.2627134,3.0767646,0.030435499,0.024090767,0.018644076,0.017581511,Right Wing,Right Midfielder,1.4047867,3.8631635,5.619147,10.184704,1.4047867,3.8631635,0.14285714285714285,0.017341467,0.05128205128205128,3.1607702,1.4047867,0.0,0.0,0.0,0.0,0.0,0.0,0.0,,0.7876106194690266,0.6785714285714286,0.1686746987951807,21.78433705525226,21.379060663728634,21.040714263916016,23.237895965576172,0.0,0.0,,0.0,0.0,0.10843374,0.27108434,0.0,0.27519816,6,85.42222,4.2670393,0.0,0.17559834,0.47476774,0.75442064,4.0387616,0.35119668,1.2291883,0.71428573,0.526795,1.0,0.98139596,1.1044252,-0.026247848,-0.74362224,27.920135,0.8930818,5.1940556,0.25,2.8095734,0.17559834,0.0,0.0,0.0,10.430399,4.741155,0.70239335,6,52.625698,5.4435487,1.2291883,0.5344828,0.4375,52.07496,56.93171,2026-08-28T18:00,5.6948147,0.37175873,-0.019484272,0.3033235,-0.01384563,0.1017651,,0.8779917,5.092352,0.99877214,0.0,0.0,2.8095734,5.376923,5.2919674,4.732857,0.07692308,0.8131868,0.4945055,0.06557377,0.852459,0.4918033,0.028571429,0.74285716,0.51428574,4.702408,3.6801453,0.7826087,2.0445251,0.8333333,1.0222626,0.5555556,2.4534302,1.8400726,0.022810021,0.016950136,0.011877988,0.22772278,0.2264151,0.36,4.0890503,3.2712402,2.4534302,6.6935716,4.4014287,4.1619997,0.20445251,0.20445251,0.0,3.2712402,2.4534302,1.6356201,2.0445251,1.4311676,0.81781006,5.5314612,5.1222916,4.2803125,0.61335754,0.0,0.0,2.8623352,1.4311676,1.0222626,1.2267151,0.61335754,0.40890503,440.2,11.765089
33643,404294,István Bognár,2207,MTK Budapest,1522,NB I,351,2026/2027,103,1991-05-05,False,,,,74.0,175.0,278.53333,0.08046688636144002,0.1560033,1.9387267,0.3231211,1.2924844,0.44000632,3.2312112,2.5849688,0.96936333,0.0,3.8774533,2.5849688,3.2312112,5.8161807,0.6462422,0.3231211,0.96936333,0.5089896,0.27182078,0.7808103,0.5,0.3231211,0.96936333,0.6462422,0.96936333,0.5333333333333333,2.5849688,0.0,0.6462422,0.25,0.3231211,33.6046,0.21138211382113822,0.06504065040650407,0.7235772357723578,10.986118,0.38235294117647056,0.0,0.6176470588235294,0.3333333333333333,0.6504065040650406,0.16666666666666666,0.3231211,0.0,0.0,0.0,0.45553133,0.6462422,0.9448779,0.7258062,0.6699611,0.60520256,0.33999357,0.96936333,2.9242222,2.2462356,2.0734055,1.8729899,0.024573296,0.018875929,0.017423576,0.015739411,Centre Attacking Midfielder,Left Wing,0.96936333,4.523696,7.1086645,14.540451,2.261848,4.200575,0.0,0.10001274,0.015228426395939087,5.8161807,0.6462422,0.0,0.0,0.0,0.0,0.0,0.0,0.0,,0.16,0.3888888888888889,0.14634146341463414,19.840649612550813,19.935122680664062,15.743887901306152,14.75,0.0,0.0,,0.0,0.0,0.05691057,0.31707317,0.0,0.44045675,6,46.422222,8.724271,0.0,0.6462422,0.5960096,0.69647485,5.1699376,1.2924844,1.6156056,0.2,1.2924844,,1.0047616,0.9368715,-0.2615176,-4.0967617,27.465294,0.90588236,4.546868,0.0,3.2312112,0.0,0.0,0.0,0.0,12.817956,4.523696,1.9387267,1,58.927902,10.016754,2.5849688,0.6888889,0.8,57.235386,61.33677,2026-08-28T18:00,3.0948148,0.29442188,0.26925695,-0.008630241,0.000591266,0.033203907,,0.6462422,5.493059,0.2036399,0.0,0.0,1.9387267,5.249292,5.455252,5.7048388,0.07042254,0.85915494,0.45070422,0.0877193,0.8947368,0.50877196,0.12903225,0.9354839,0.58064514,9.873274,5.7877812,0.5862069,5.1068654,0.6,3.4045773,0.47619048,8.511443,7.149612,0.19375038,0.19414344,0.19154242,0.3152174,0.43103448,0.61764705,7.8305273,5.7877812,3.0641193,3.6841667,3.661,3.0733333,0.0,0.0,0.0,6.468697,5.1068654,2.7236617,2.7236617,2.0427463,1.0213732,4.2541866,4.1213336,4.03625,0.0,0.0,0.0,4.0854926,3.4045773,2.0427463,0.6809154,0.6809154,0.0,264.35,16.156055
33643,389883,Patrik Demjén,2207,MTK Budapest,1522,NB I,351,2026/2027,103,1998-03-22,False,,,,75.0,186.0,593.7167,,0.0,0.0,0.0,0.0,0.0,0.0,0.0,0.0,0.0,0.0,0.0,0.0,0.0,0.0,0.0,0.0,0.0,0.0,0.0,,0.0,0.15158746,0.0,0.0,0.4632352941176471,9.55001,0.0,0.15158746,,0.0,27.43733,0.5267857142857143,0.0,0.4732142857142857,1.2126997,0.875,0.0,0.125,,0.6651785714285714,,0.0,0.0,,0.0,0.12752067,0.0,0.2957274,0.28256756,0.2957274,0.28256756,0.0,0.0,1.9508698,1.8640563,1.9508698,1.8640563,0.009245829,0.00883439,0.009245829,0.00883439,Goalkeeper,,6.215086,14.552396,0.15158746,0.0,0.0,0.0,,0.0,0.0,1.0611123,0.3031749,14.097633,1.3642871,1.2639143,1.2227817,0.7,0.7311163584391276,-0.1415055,-0.031116358439127603,0.14285714285714285,0.6271186440677966,0.26339285714285715,43.355311802455354,32.888655489723156,43.21779251098633,36.416221618652344,4.5476236,1.2227817,0.3225806451612903,1.3087765,-0.049178567,0.05357143,0.3482143,21.86642,0.18504314,6,98.95278,2.925638,0.0,0.0,0.0,0.0,0.0,0.0,0.0,,0.0,,0.7585842,0.842621,-0.038059928,-0.13751768,23.647642,1.0,5.2662234,,0.0,0.0,0.0,0.0,0.0,0.0,6.669848,0.0,6,,0.0,0.0,,,2.2055533,12.909723,2026-08-28T18:00,6.596852,-0.18146843,0.09219026,,-0.10269009,0.06385733,-0.234826,0.0,3.638099,0.0,0.3031749,0.15158746,0.3031749,15.214944,,,0.76666665,0.95,0.93333334,,,,,,,5.613494,2.3540459,0.41935483,0.0,,0.0,,0.0,0.0,0.0279222,,,0.31,,,0.0,0.0,0.0,6.571429,,,0.0,0.0,0.0,0.0,0.0,0.0,0.0,0.0,0.0,,,,0.18108046,0.0,0.0,1.2675631,0.0,0.0,1.0864826,0.0,0.0,497.01666,0.15158746
33643,500146,Mikolay Timóteus,2207,MTK Budapest,1522,NB I,351,2026/2027,103,2006-02-02,False,,,,,,91.666664,,0.0,0.0,0.0,0.0,0.071819015,1.9636363,1.9636363,0.0,0.0,0.0,0.0,0.0,0.0,1.9636363,0.98181814,2.9454548,1.2883594,0.46241957,1.7507789,1.0,0.98181814,0.0,0.0,0.98181814,0.0,0.0,0.0,2.9454548,0.5,0.98181814,26.509092,0.3793103448275862,0.034482758620689655,0.5862068965517241,3.9272726,0.0,0.0,1.0,,0.6206896551724138,,0.0,0.0,,0.0,1.3872588,0.0,0.578522,0.5520491,0.50670296,0.4802301,0.071819015,0.0,0.58923537,0.56227225,0.51608634,0.48912323,0.019007592,0.018137814,0.016647946,0.015778169,Left Back,,2.9454548,0.98181814,2.9454548,8.836364,0.0,2.9454548,,0.0,0.0,0.0,0.0,0.0,0.0,0.0,0.0,0.0,0.0,0.0,,1.0,0.875,0.27586206896551724,17.494828849003234,17.36222161187066,12.423749923706055,13.467142105102539,0.0,0.0,,0.0,0.0,0.13793103,0.31034482,0.0,0.26778245,2,45.833332,6.2836366,0.0,0.0,0.071819015,-0.071819015,1.9636363,0.0,0.98181814,1.0,0.0,,0.9924202,1.0839837,0.25431034,-5.071079,19.636364,0.95,2.6928782,,0.98181814,0.0,0.0,0.0,0.0,5.2523375,3.9272726,0.0,1,30.954641,1.9636363,0.98181814,0.22222222,1.0,22.257023,45.331764,2026-08-28T18:00,1.0185184,0.02382257,0.039455708,,-0.030202884,0.014569739,,0.0,6.8727274,0.0,0.0,0.0,0.0,5.1477776,5.948,7.96,0.22222222,0.7777778,0.33333334,0.2,1.0,0.4,0.5,1.0,0.5,4.64716,2.32358,0.5,0.0,0.0,0.0,,2.32358,0.0,-0.0048071444,-0.01358124,,0.25,0.6666667,0.0,2.32358,2.32358,2.32358,,,,1.16179,1.16179,1.16179,2.32358,2.32358,2.32358,1.16179,1.16179,1.16179,7.96,7.96,7.96,0.0,0.0,0.0,0.0,0.0,0.0,0.0,0.0,0.0,77.46667,10.8
33643,404289,Dániel Zsóri,2207,MTK Budapest,1522,NB I,351,2026/2027,103,2000-10-14,False,,,,,183.0,57.083332,0.14097976684570312,0.66682404,4.729927,0.0,0.0,0.0,0.0,0.0,0.0,0.0,0.0,0.0,9.459854,9.459854,1.5766424,0.0,1.5766424,2.0879219,0.0,2.0879219,1.0,0.0,1.5766424,0.0,6.3065696,0.5,1.5766424,0.0,0.0,0.0,0.0,17.343065,0.25,0.08333333333333333,0.6666666666666666,3.1532848,0.0,0.0,1.0,0.6666666666666666,0.5833333333333334,0.0,0.0,0.0,,0.0,0.0,0.0,0.66682404,0.66682404,0.556848,0.124063075,0.0,0.0,0.4229393,0.4229393,0.35318598,0.07868815,0.021146964,0.021146964,0.0176593,0.0039344076,Centre Attacking Midfielder,Centre Forward,0.0,3.1532848,3.1532848,11.036497,1.5766424,0.0,,0.0,0.0967741935483871,1.5766424,3.1532848,0.0,0.0,0.0,0.0,0.0,0.0,0.0,,0.8571428571428571,0.5,0.16666666666666666,22.922500610351562,25.399998256138392,27.860000610351562,31.790000915527344,0.0,0.0,,0.0,0.0,0.0,0.25,0.0,0.1375,3,19.027777,1.7343066,0.0,0.0,0.66682404,-0.66682404,4.729927,0.0,0.0,,0.0,,1.1080815,1.1410625,-0.083333336,4.9375,20.496351,0.61538464,4.1250143,,0.0,0.0,0.0,0.0,0.0,10.232481,0.0,0.0,0,72.99243,9.459854,0.0,0.85714287,,69.29729,49.14694,2026-08-28T18:00,0.6342592,-0.17693506,0.00081802334,-0.09488229,-0.038790647,-0.044080157,,0.0,3.1532848,0.4249996,0.0,0.0,1.5766424,2.679091,2.798,2.1566665,0.0,0.6363636,0.09090909,0.0,0.8,0.2,0.0,0.6666667,0.0,1.5766424,1.5766424,1.0,1.5766424,1.0,0.0,,1.5766424,0.0,0.005664862,0.005664862,,0.16666667,0.5,0.0,6.3065696,3.1532848,1.5766424,,,,0.0,0.0,0.0,4.729927,3.1532848,1.5766424,1.5766424,1.5766424,0.0,3.1722221,3.7600002,2.01,0.0,0.0,0.0,0.0,0.0,0.0,0.0,0.0,0.0,57.083332,14.189781
33643,404970,Csaba Belényesi,2207,MTK Budapest,1522,NB I,351,2026/2027,103,1994-03-03,False,,,,91.0,193.0,82.26667,,0.0,0.0,0.0,0.0,0.0,0.0,0.0,0.0,0.0,0.0,0.0,0.0,0.0,0.0,1.0940032,1.0940032,0.0,1.4978102,1.4978102,,0.0,1.0940032,0.0,0.0,0.6666666666666666,2.1880064,0.11764705882352941,1.0940032,0.0,0.0,42.666122,0.07317073170731707,0.024390243902439025,0.9024390243902439,2.1880064,0.0,0.0,1.0,,0.975609756097561,,0.0,0.0,,0.0,1.4978102,0.0,0.3883521,0.3883521,0.3883521,0.3883521,0.0,0.0,0.3549826,0.3549826,0.3549826,0.3549826,0.010440665,0.010440665,0.010440665,0.010440665,Left Centre Back,,1.0940032,3.2820096,2.1880064,1.0940032,0.0,0.0,,0.0,0.0,2.1880064,0.0,0.0,0.0,0.0,0.0,0.0,0.0,0.0,,0.7948717948717948,,0.0,21.74609970464939,20.764501953125,,,0.0,0.0,,0.0,0.0,0.048780486,0.07317073,0.0,0.12195122,1,82.26667,2.1880064,0.0,0.0,0.0,0.0,0.0,0.0,0.0,,0.0,,0.954861,,,,36.102104,1.0,2.704869,,0.0,0.0,0.0,0.0,0.0,1.4978102,1.0940032,0.0,0,53.732143,1.0940032,0.0,1.0,,24.575071,36.85336,2026-08-07T15:30,0.9140741,0.122760676,0.072809875,,0.026168168,0.023782616,,0.0,3.2820096,0.0,0.0,0.0,2.1880064,13.036,12.008572,,0.75,0.90625,0.90625,0.85714287,0.85714287,0.85714287,,,,2.1880064,1.0940032,0.5,1.0940032,1.0,0.0,,1.0940032,0.0,0.02440901,0.009672886,,0.05263158,0.11111111,,0.0,0.0,0.0,4.14,4.14,,0.0,0.0,0.0,0.0,0.0,0.0,0.0,0.0,0.0,,,,0.0,0.0,0.0,1.0940032,1.0940032,0.0,0.0,0.0,0.0,82.26667,2.1880064
33643,404306,Kristóf Papp,2160,Paksi FC,1522,NB I,351,2026/2027,103,1993-05-14,False,,,,80.0,183.0,594.1,0.1093318263689677,0.099375844,0.90893793,0.0,0.30297932,0.19417404,0.90893793,0.90893793,0.30297932,0.0,0.60595864,0.60595864,2.575324,3.1812825,2.2723448,1.3634069,3.6357517,2.1559544,1.4726664,3.6286204,0.6818181818181818,0.30297932,1.0604275,1.0604275,0.30297932,0.5789473684210527,1.6663862,0.031914893617021274,0.60595864,0.625,2.2723448,26.056221,0.2768361581920904,0.12429378531073447,0.5988700564971752,6.8170347,0.2,0.06666666666666667,0.7333333333333333,0.3333333333333333,0.7401129943502824,0.0,0.0,0.0,0.0,0.0,0.3956612,0.30297932,0.58124727,0.56748295,0.46636185,0.45259753,0.19417404,0.30297932,3.8368776,3.746018,3.0785062,2.9876466,0.018446527,0.018009702,0.01480051,0.014363686,Centre Defensive Midfielder,Left Defensive Midfielder,0.90893793,2.575324,8.180441,12.573642,0.60595864,4.5446897,0.0,0.0,0.017421602787456445,2.8783033,1.3634069,0.0,0.0,0.0,0.0,0.0,0.0,0.0,,0.06422018348623854,0.6341463414634146,0.23163841807909605,18.401469257591806,18.251755576097327,16.237802505493164,15.549999237060547,0.0,0.0,,0.0,0.0,0.073446326,0.26553673,0.0,0.19775821,6,99.01666,3.741794,0.0,0.0,0.2935499,0.009429434,1.8178759,0.30297932,0.60595864,0.5,0.0,,0.991864,0.95764184,-0.10596665,-2.1636658,15.603435,0.94174755,3.8284745,0.4,3.3327725,0.30297932,0.0,0.0,0.15148966,12.220934,6.2110763,1.3634069,6,52.634647,7.1200137,2.7268138,0.56626505,0.8181818,47.200794,55.11386,2026-08-29T12:45,6.601111,0.14828841,0.030285284,0.014881222,0.07506005,0.028061837,,0.45446897,10.907255,0.13343507,0.0,0.0,6.8170347,4.534071,4.4409885,5.2026153,0.07058824,0.7411765,0.3882353,0.055555556,0.7407407,0.3888889,0.07692308,0.7692308,0.5,6.5140553,3.3327725,0.5116279,1.9693655,0.5,1.0604275,0.46666667,3.938731,2.2723448,0.00989802,-0.00041554094,-0.008396045,0.27564102,0.30232558,0.4054054,2.575324,2.2723448,1.5148965,3.7323077,2.9928572,2.6133335,0.0,0.0,0.0,1.8178759,1.8178759,1.2119173,0.60595864,0.60595864,0.45446897,3.70925,3.7305,4.311875,0.15148966,0.0,0.0,1.9693655,1.0604275,0.45446897,0.45446897,0.15148966,0.0,594.1,15.906414
33643,438574,Benjámin Oláh,2215,Nyíregyháza Spartacus,1522,NB I,351,2026/2027,103,2005-12-05,False,,,,,185.0,18.5,,0.0,0.0,0.0,0.0,0.0,0.0,0.0,0.0,0.0,0.0,0.0,4.864865,4.864865,0.0,0.0,0.0,0.0,0.0,0.0,,0.0,0.0,0.0,0.0,,0.0,0.0,0.0,1.0,4.864865,24.324324,0.4,0.2,0.4,9.72973,0.5,0.0,0.5,,0.8,,0.0,0.0,,0.0,0.0,0.0,0.0,0.0,0.0,0.0,0.0,0.0,0.0,0.0,0.0,0.0,0.0,0.0,0.0,0.0,Centre Attacking Midfielder,,0.0,0.0,4.864865,14.594594,4.864865,4.864865,,0.0,0.0,4.864865,0.0,0.0,0.0,0.0,0.0,0.0,0.0,0.0,,1.0,,0.0,14.669999694824218,16.309999465942383,,,0.0,0.0,,0.0,0.0,0.0,0.2,0.0,0.032258067,1,18.5,0.4864865,0.0,0.0,0.0,0.0,0.0,0.0,0.0,,0.0,,1.1117928,,,,19.45946,1.0,13.451761,,0.0,0.0,0.0,0.0,0.0,15.487754,4.864865,0.0,0,38.567856,4.864865,0.0,0.33333334,,38.567856,62.55179,2026-08-22T15:30,0.20555556,-0.04957854,-0.07057952,,,0.02100098,,0.0,0.0,0.0,0.0,0.0,0.0,3.078,3.078,3.1033332,0.0,0.8,0.0,0.0,0.8,0.0,0.0,0.6666667,0.0,9.72973,4.864865,0.5,4.864865,0.5,0.0,0.0,9.72973,4.864865,-0.01614258,-0.01614258,-0.06730269,0.4,0.4,0.5,9.72973,9.72973,4.864865,2.92,2.92,,0.0,0.0,0.0,4.864865,4.864865,0.0,0.0,0.0,0.0,1.97,1.97,,0.0,0.0,0.0,4.864865,4.864865,0.0,0.0,0.0,0.0,18.5,14.594594
33643,345335,Balázs Manner,2215,Nyíregyháza Spartacus,1522,NB I,351,2026/2027,103,2005-04-26,False,,,,,191.0,213.75002,0.06855540474255879,0.086596295,1.2631578,0.0,0.0,0.02297646,0.84210515,0.84210515,0.0,0.0,0.84210515,0.84210515,1.2631578,2.105263,1.2631578,0.0,1.2631578,1.3046471,0.0,1.3046471,0.6,1.2631578,2.105263,0.84210515,4.210526,0.3333333333333333,0.42105258,0.045454545454545456,0.42105258,0.14285714285714285,0.42105258,25.684208,0.140625,0.140625,0.71875,9.68421,0.21739130434782608,0.17391304347826086,0.6086956521739131,0.0,0.703125,0.0,0.0,0.0,0.0,0.0,0.44682014,0.0,0.39827287,0.39827287,0.3333531,0.3333531,0.02297646,0.0,0.9458982,0.9458982,0.79171365,0.79171365,0.011823727,0.011823727,0.009896421,0.009896421,Right Midfielder,Left Midfielder,0.42105258,1.2631578,10.105263,16.842104,3.7894735,3.7894735,0.0,0.0,0.024390243902439025,4.210526,2.5263157,0.0,0.0,0.0,0.0,0.0,0.0,0.0,,0.047619047619047616,0.6363636363636364,0.171875,14.72499942779541,13.995777723524306,9.609999656677246,9.09571361541748,0.0,0.0,,0.0,0.0,0.15625,0.296875,0.0,0.15105163,4,53.437504,3.3263154,0.0,0.0,0.10957275,-0.10957275,2.105263,0.42105258,1.6842103,0.75,0.0,,0.9504773,0.94648427,-0.06676137,-5.1150002,33.263153,0.75949365,6.2162833,0.6666667,3.7894735,0.42105258,0.0,0.0,0.0,18.400959,4.210526,2.105263,3,48.941742,8.421052,2.5263157,0.5,0.6666667,49.644295,61.663235,2026-08-29T12:45,2.3750002,-0.1275734,-0.076745756,-0.088414244,-0.07307044,0.11065705,,0.0,10.105263,0.0,0.0,0.0,7.1578946,5.1446877,5.5667334,4.811455,0.0625,0.78125,0.4375,0.08,0.88,0.44,0.18181819,0.72727275,0.18181819,4.3190126,3.085009,0.71428573,3.085009,0.71428573,2.4680073,1.0,4.3190126,2.4680073,0.04466016,0.04466016,0.045012597,0.20588236,0.29166666,0.26666668,4.3190126,3.702011,2.4680073,3.26,3.26,2.9650002,0.61700183,0.61700183,0.61700183,3.085009,2.4680073,1.2340037,1.8510056,1.2340037,0.61700183,6.1373334,5.8191667,6.175,0.0,0.0,0.0,1.8510056,1.8510056,1.2340037,0.0,0.0,0.0,145.86667,20.210526
33643,411566,Barna Benczenleitner,2215,Nyíregyháza Spartacus,1522,NB I,351,2026/2027,103,2003-09-16,False,,,,72.0,186.0,432.43332,0.08661298751831055,0.090131454,1.0406228,0.0,0.0,0.0081772525,0.41624916,0.20812458,0.0,0.0,3.7462423,2.0812457,1.8731211,3.954367,1.2487475,1.8731211,3.1218686,1.5476568,2.0563843,3.604041,0.8571428571428571,0.41624916,1.0406228,0.20812458,0.62437373,0.4878048780487805,4.1624913,0.0,1.8731211,0.8125,2.7056196,41.624916,0.30036630036630035,0.08058608058608059,0.6190476190476191,9.781855,0.44680851063829785,0.0425531914893617,0.5106382978723404,0.2,0.6813186813186813,0.0,0.0,1.8731211,0.2903225806451613,0.0,2.0297058,0.0,0.67919314,0.6018042,0.65166944,0.5686428,0.0069074985,0.0,3.2633972,2.8915577,3.1311507,2.732223,0.014005996,0.012410119,0.013438415,0.011726279,Left Back,,2.913744,7.4924846,4.1624913,6.6599865,0.20812458,2.7056196,0.5,0.0012697545,0.005037783375314861,7.0762353,2.0812457,0.0,0.0,0.0,0.0,0.0,0.0,0.0,,0.937984496124031,0.5454545454545454,0.16117216117216118,22.31611828926282,19.918387464297716,18.541135787963867,13.042916297912598,0.0,0.0,,0.0,0.0,0.0952381,0.32234433,0.0,0.39635995,5,86.486664,8.1584835,0.0,0.20812458,0.09830871,-0.09830871,1.456872,0.0,0.41624916,1.0,1.6649966,,0.8925561,0.7034583,-0.13586414,-3.7749834,32.051186,0.97402596,3.8853767,0.8,1.0406228,0.20812458,0.0,0.0,0.0,7.3496237,3.954367,0.20812458,5,39.731968,2.2893703,0.8324983,0.34375,0.8,33.981106,53.373447,2026-08-29T12:45,4.804815,0.27930114,0.25385725,-0.03839597,0.017423946,0.04641591,,0.0,8.741232,0.13099632,0.0,0.0,2.7056196,7.541321,7.633718,7.5003705,0.2264151,0.9150943,0.7169811,0.21794872,0.9102564,0.7307692,0.18518518,0.9259259,0.7777778,12.703975,7.298028,0.5744681,4.324757,0.53333336,1.621784,0.42857143,8.108919,3.7841625,0.06427469,0.040228896,0.022040589,0.3263889,0.36585367,0.46666667,1.0811893,1.0811893,0.810892,3.618421,3.536,4.86,0.0,0.0,0.0,0.810892,0.810892,0.54059464,0.54059464,0.54059464,0.27029732,6.613333,6.613333,6.42,0.0,0.0,0.0,5.135649,2.7029731,0.810892,0.810892,0.54059464,0.54059464,332.96667,8.949357
33643,404309,Zsolt Haraszti,2160,Paksi FC,1522,NB I,351,2026/2027,103,1991-11-04,False,,,,68.0,181.0,327.63336,0.03682719171047211,0.08093064,2.1975784,0.2746973,0.82409185,0.39078352,1.9228811,1.6481837,0.5493946,0.2746973,2.1975784,1.6481837,4.1204596,5.768643,1.0987892,0.2746973,1.3734865,0.82602656,0.14605439,0.9720809,0.8,1.3734865,0.82409185,0.2746973,3.2963674,0.25925925925925924,1.9228811,0.0,0.2746973,0.3333333333333333,0.5493946,26.37094,0.13076923076923078,0.11538461538461539,0.7538461538461538,14.0095625,0.13725490196078433,0.1568627450980392,0.7058823529411765,0.25,0.6538461538461539,0.125,0.2746973,0.82409185,0.23076923076923078,0.0,0.33935416,0.82409185,0.8388252,0.76089877,0.47456822,0.41456184,0.3774915,0.5493946,3.053635,2.7699537,1.7276043,1.5091588,0.023671588,0.02147251,0.013392281,0.011698905,Left Centre Forward,Right Centre Midfielder,0.82409185,6.8674326,4.9445515,14.0095625,3.0216703,3.8457623,0.25,0.013292045,0.027522935779816515,3.8457623,1.6481837,0.0,0.0,0.0,0.0,0.0,0.0,0.0,,0.13414634146341464,0.8125,0.12307692307692308,21.68446326622596,17.452353802849263,14.726248741149902,14.539229393005371,0.0,0.0,,0.0,0.0,0.06923077,0.33076924,0.0,0.49056605,5,65.52667,8.570556,0.0,0.2746973,0.47171414,0.3523777,4.1204596,0.82409185,2.1975784,0.625,0.5493946,,0.80483216,0.9873003,0.15865384,-6.9582148,32.139584,0.82051283,5.8820333,0.0,5.219249,0.0,0.0,0.0,0.0,13.125311,4.669854,1.6481837,4,69.13386,12.086681,4.669854,0.8627451,0.8947368,66.5405,69.867424,2026-08-29T12:45,3.6403706,0.004484379,-0.015218606,-0.04474947,-0.017414924,0.08186738,,1.0987892,4.395157,0.13813643,0.0,0.0,3.8457623,4.6891403,4.838664,4.3434124,0.02739726,0.75342464,0.41095892,0.030303031,0.74242425,0.43939394,0.023809524,0.6904762,0.3809524,5.219249,3.0216703,0.57894737,3.0216703,0.57894737,1.9228811,0.35,5.219249,5.493946,0.042570323,0.042570323,0.03913196,0.23170732,0.26760563,0.44444445,5.768643,5.493946,3.8457623,5.63,5.63,3.825,0.0,0.0,0.0,3.8457623,3.8457623,2.4722757,1.3734865,1.3734865,0.82409185,4.0487857,4.3069286,4.538704,0.2746973,0.2746973,0.0,1.0987892,1.0987892,0.5493946,0.5493946,0.5493946,0.2746973,327.63336,15.932444
33643,404300,Erik Silye,2160,Paksi FC,1522,NB I,351,2026/2027,103,1996-06-12,False,,,,74.0,183.0,147.53333,0.0907266636689504,0.16603841,1.830095,0.0,0.0,0.07425518,1.830095,0.61003166,0.0,0.0,3.0501585,2.4401267,3.0501585,5.490285,0.0,2.4401267,2.4401267,0.0,3.0144713,3.0144713,0.0,0.61003166,0.0,0.61003166,0.61003166,0.6666666666666666,3.66019,0.0,1.2200633,0.5,0.61003166,40.26209,0.23333333333333334,0.1111111111111111,0.6555555555555556,9.150475,0.4,0.26666666666666666,0.3333333333333333,0.3333333333333333,0.6111111111111112,0.0,0.0,0.61003166,0.25,0.0,0.8191446,0.0,0.30649644,0.28117722,0.15804695,0.15804695,0.04893596,0.0,0.5024271,0.46092236,0.2590799,0.2590799,0.006280339,0.0057615293,0.0032384987,0.0032384987,Left Wing Back,Right Wing Back,1.830095,4.8802533,2.4401267,3.66019,1.2200633,0.0,0.2,0.025319226,0.024193548387096774,6.7103486,0.0,0.0,0.0,0.0,0.0,0.0,0.0,0.0,,0.6,0.2857142857142857,0.07777777777777778,20.376557074652776,20.427452503551137,16.007143020629883,13.395000457763672,0.0,0.0,,0.0,0.0,0.055555556,0.35555556,0.0,0.2936046,4,36.88333,6.1613197,0.0,1.2200633,0.24029359,-0.24029359,3.66019,1.2200633,1.830095,0.33333334,0.61003166,,1.0024978,0.8368139,-0.32539684,-4.369414,32.94171,0.962963,5.320226,0.0,1.2200633,0.0,0.0,0.0,0.0,4.5392594,0.61003166,0.0,2,55.40871,2.4401267,1.2200633,0.6666667,1.0,44.20238,62.592495,2026-08-29T12:45,1.6392592,0.3113842,0.1846788,-0.045292713,0.09824514,0.07375303,,0.0,10.98057,0.21079604,0.0,0.0,6.100317,6.0750947,5.527477,4.759,0.17073171,0.8292683,0.46341464,0.09677419,0.8064516,0.38709676,0.0,0.8,0.4,11.590602,6.100317,0.5263158,4.2702217,0.5,1.830095,0.27272728,8.540443,6.7103486,0.10010354,0.09909094,0.04557093,0.34545454,0.4117647,0.55,3.66019,3.66019,2.4401267,3.9675002,4.3166666,2.64,0.61003166,0.61003166,0.0,2.4401267,2.4401267,1.2200633,1.830095,1.830095,1.2200633,7.503333,7.503333,5.8966665,0.0,0.0,0.0,2.4401267,1.830095,0.61003166,0.61003166,0.61003166,0.0,147.53333,3.66019
33643,29000,Bálint Vécsei,2160,Paksi FC,1522,NB I,351,2026/2027,103,1993-07-13,False,Bálint,Vécsei,,80.0,185.0,299.40002,0.05338222533464432,0.032093517,0.60120237,0.0,0.30060118,0.036592405,0.30060118,0.30060118,0.30060118,0.0,0.30060118,0.30060118,0.9018035,1.2024047,1.2024047,1.5030059,2.7054107,1.5364621,1.1512709,2.687733,0.5714285714285714,0.30060118,1.2024047,0.9018035,0.30060118,0.4074074074074074,3.306613,0.06382978723404255,3.306613,0.6153846153846154,2.4048095,39.07815,0.4027777777777778,0.0625,0.5347222222222222,5.4108214,0.5,0.05555555555555555,0.4444444444444444,0.5,0.7013888888888888,0.0,0.0,0.0,0.0,0.0,2.7277877,0.0,0.3058822,0.3058822,0.3058822,0.3058822,0.036592405,0.30060118,1.0175681,1.0175681,1.0175681,1.0175681,0.006922232,0.006922232,0.006922232,0.006922232,Left Centre Back,,3.607214,7.8156304,6.913827,9.318637,0.30060118,4.2084165,0.0,0.0,0.0045871559633027525,5.4108214,0.9018035,0.0,0.0,0.0,0.0,0.0,0.0,0.0,,0.8255813953488372,0.5,0.09722222222222222,23.21701388888889,20.101978264232674,18.869998931884766,22.047143936157227,0.0,0.0,,0.0,0.0,0.104166664,0.3263889,0.0,0.20654045,3,99.80001,3.607214,0.0,0.0,0.06868593,0.23191525,0.9018035,0.0,0.30060118,1.0,0.0,,0.86582965,1.1683701,-0.2013889,-4.3470144,25.551102,0.9882353,5.7262516,0.6,3.306613,0.0,0.0,0.0,0.0,9.127178,6.0120234,1.803607,3,42.687576,3.9078152,1.803607,0.41935483,0.54545456,37.61077,46.94465,2026-08-29T12:45,3.3266668,0.12926303,0.06005252,-0.03747984,0.03719225,0.06949809,,0.0,12.324649,0.018541574,0.0,0.0,4.5090175,7.5244846,5.6896667,5.32,0.24074075,0.7962963,0.5555556,0.12,0.84,0.52,0.25,0.75,0.5,9.619238,4.5090175,0.46875,2.1042082,0.46666667,0.30060118,0.2,4.5090175,1.5030059,0.03950566,0.015444555,0.0019516709,0.2962963,0.3488372,0.5,0.30060118,0.30060118,0.0,4.9644446,4.8433332,3.3,0.0,0.0,0.0,0.0,0.0,0.0,0.0,0.0,0.0,,,,0.0,0.0,0.0,2.7054107,1.803607,0.30060118,0.9018035,0.30060118,0.0,299.40002,11.723446
33643,404201,Milan Pető,2160,Paksi FC,1522,NB I,351,2026/2027,103,2005-01-25,False,,,,,175.0,391.48334,0.08089701334635417,0.27896708,3.4484227,0.6896845,0.6896845,0.057345618,1.379369,1.1494741,0.0,0.0,0.9195793,0.6896845,3.9082122,4.5978966,0.9195793,1.379369,2.2989483,0.6809576,1.6997739,2.3807313,0.36363636363636365,0.9195793,0.6896845,1.6092639,2.0690534,0.3333333333333333,0.9195793,0.0,0.6896845,0.26666666666666666,0.9195793,28.50696,0.22058823529411764,0.13970588235294118,0.6397058823529411,11.494742,0.28,0.12,0.6,0.4666666666666667,0.7279411764705882,0.2,0.6896845,0.22989483,0.25,0.0,0.39033633,0.0,0.9807569,0.7903804,0.79988575,0.63200307,0.03485181,0.0,4.266111,3.4380085,3.479355,2.7490964,0.026663193,0.021487553,0.021745969,0.017181853,Left Centre Midfielder,Centre Attacking Midfielder,0.9195793,2.5288434,9.425689,22.069904,1.6092639,6.207161,0.25,0.022493804,0.05737704918032787,4.368002,0.9195793,0.0,0.0,0.0,0.0,0.0,0.0,0.0,,0.08695652173913043,0.7727272727272727,0.16176470588235295,17.945881563074447,16.450504803898358,16.744544982910156,16.88529396057129,0.0,0.0,,0.0,0.0,0.080882356,0.2720588,0.0,0.3211009,6,65.24722,5.632424,0.0,0.22989483,0.3363127,0.35337183,4.8277917,0.0,0.9195793,1.0,0.22989483,,0.916673,1.0084057,0.044786096,-1.2013359,27.587381,0.875,7.1429415,0.14285715,6.4370556,0.22989483,0.0,0.0,0.0,20.167997,6.8968453,3.2185278,5,60.81126,14.713269,4.8277917,0.6666667,0.75,59.82887,61.63645,2026-08-29T12:45,4.349815,0.36495468,0.05553948,0.29999712,0.018595489,-0.009177394,,0.22989483,10.575163,0.63031423,0.0,0.0,7.8164244,4.1734967,3.877833,3.8847222,0.025974026,0.7012987,0.3116883,0.0,0.6818182,0.28787878,0.0,0.75,0.25,6.8968453,4.5978966,0.6666667,3.9082122,0.65384614,2.0690534,0.64285713,5.977266,3.2185278,0.045676265,0.04554667,0.040960133,0.28037384,0.32098764,0.35,6.207161,5.517476,2.988633,4.442222,4.442222,3.595,0.22989483,0.0,0.0,4.368002,3.9082122,2.2989483,1.1494741,0.9195793,0.22989483,3.698658,3.4397058,3.1093333,0.0,0.0,0.0,2.0690534,2.0690534,0.9195793,0.6896845,0.6896845,0.0,391.48334,23.679169
33643,404978,Barna Tóth,2160,Paksi FC,1522,NB I,351,2026/2027,103,1995-03-13,False,,,,88.0,198.0,61.05,0.10485713183879852,0.30916107,2.948403,0.0,0.0,0.09921056,2.948403,2.948403,0.0,0.0,0.0,0.0,14.742015,14.742015,0.0,0.0,0.0,0.0,0.0,0.0,,0.0,5.896806,0.0,4.4226046,0.6666666666666666,2.948403,0.0,2.948403,0.625,14.742015,33.906635,0.08695652173913043,0.08695652173913043,0.8260869565217391,8.845209,0.0,0.0,1.0,0.0,0.5217391304347826,0.0,0.0,0.0,,0.0,2.0883062,0.0,1.2084827,1.2084827,0.5481477,0.5481477,0.09921056,0.0,0.81975406,0.81975406,0.37182683,0.37182683,0.027325135,0.027325135,0.012394228,0.012394228,Centre Forward,,4.4226046,2.948403,2.948403,7.3710074,1.4742014,1.4742014,,0.0,0.046511627906976744,4.4226046,1.4742014,0.0,0.0,0.0,0.0,0.0,0.0,0.0,,0.0,0.14285714285714285,0.30434782608695654,17.527391516644023,18.6875,17.10714340209961,10.569999694824219,0.0,0.0,,0.0,0.0,0.04347826,0.47826087,0.0,0.37878785,2,30.525,7.3710074,0.0,0.0,0.40837166,-0.40837166,5.896806,0.0,0.0,,0.0,,1.0661883,0.6178705,-0.378882,-0.42024866,17.690418,0.6666667,4.282617,,0.0,0.0,0.0,0.0,0.0,5.220765,1.4742014,0.0,0,68.252144,5.896806,0.0,0.8,,66.91613,60.155357,2026-08-29T12:45,0.67833334,-1.0918036,-0.09049585,-0.32795596,-0.20157473,-0.47177696,,0.0,7.3710074,0.0,0.0,0.0,4.4226046,2.626,2.5008333,2.602857,0.0,0.53333336,0.13333334,0.0,0.5,0.083333336,0.0,0.42857143,0.14285715,4.4226046,1.4742014,0.33333334,0.0,0.0,0.0,,1.4742014,0.0,-0.004514562,-0.010492664,,0.1875,0.09090909,0.0,11.793612,11.793612,7.3710074,,,,0.0,0.0,0.0,5.896806,5.896806,2.948403,1.4742014,1.4742014,1.4742014,2.756875,2.756875,2.6083333,0.0,0.0,0.0,0.0,0.0,0.0,0.0,0.0,0.0,61.05,13.267814
33643,11046,Dániel Böde,2160,Paksi FC,1522,NB I,351,2026/2027,103,1986-10-24,False,,,,85.0,190.0,85.61667,0.08183962106704712,0.4301479,5.2559857,0.0,0.0,0.0,0.0,0.0,0.0,0.0,0.0,0.0,11.5631695,11.5631695,0.0,0.0,0.0,0.0,0.0,0.0,,2.1023943,1.0511972,0.0,3.1535914,1.0,1.0511972,0.0,0.0,0.6875,11.5631695,30.484718,0.1724137931034483,0.06896551724137931,0.7586206896551724,9.460774,0.2222222222222222,0.1111111111111111,0.6666666666666666,0.2,0.5862068965517241,0.0,0.0,0.0,,0.0,0.0,1.0511972,0.6058188,0.6058188,0.56109506,0.56109506,0.0,0.0,0.5763132,0.5763132,0.53376764,0.53376764,0.014777262,0.014777262,0.01368635,0.01368635,Left Centre Forward,Centre Forward,0.0,1.0511972,1.0511972,4.2047887,0.0,2.1023943,,0.0,0.08620689655172414,3.1535914,0.0,0.0,0.0,0.0,0.0,0.0,0.0,0.0,,0.3333333333333333,0.5,0.41379310344827586,14.69586181640625,15.02705832088695,12.25,8.789999961853027,0.0,0.0,,0.0,0.0,0.03448276,0.44827586,0.0,0.24731182,3,28.538889,4.835507,0.0,0.0,0.4301479,-0.4301479,5.2559857,0.0,2.1023943,1.0,0.0,,1.0225368,0.717551,-0.0862069,-2.4458618,21.023943,0.85,6.0561266,,2.1023943,0.0,0.0,0.0,0.0,4.454781,2.1023943,2.1023943,0,66.14202,2.1023943,0.0,0.5,0.0,66.14202,65.58308,2026-08-09T13:30,0.9512963,-0.5838295,-0.22083673,-0.46321005,0.0012893939,0.09892783,,1.0511972,3.1535914,0.14666927,0.0,0.0,3.1535914,2.0356367,1.9535544,1.6521795,0.0,0.3478261,0.04347826,0.0,0.33333334,0.04761905,0.0,0.30769232,0.07692308,8.409577,3.1535914,0.375,3.1535914,0.375,1.0511972,0.2,8.409577,5.2559857,0.014644704,0.014644704,-0.003763382,0.30769232,0.3478261,0.35714287,17.870352,17.870352,11.5631695,2.28,2.28,2.28,0.0,0.0,0.0,5.2559857,5.2559857,3.1535914,1.0511972,1.0511972,1.0511972,2.0565,2.0565,1.87,0.0,0.0,0.0,1.0511972,1.0511972,1.0511972,0.0,0.0,0.0,85.61667,5.2559857
33643,438564,Kevin Bánáti,2774,Győri ETO,1522,NB I,351,2026/2027,103,2005-05-11,False,,,,,181.0,11.366667,0.6163235306739807,4.879981,7.917888,7.917888,7.917888,0.0,0.0,0.0,0.0,0.0,0.0,0.0,7.917888,7.917888,0.0,0.0,0.0,0.0,0.0,0.0,,0.0,0.0,0.0,0.0,,0.0,0.0,0.0,,0.0,7.917888,0.0,0.0,1.0,0.0,,,,1.0,0.0,1.0,7.917888,0.0,,0.0,0.0,0.0,5.1889987,5.1889987,5.1889987,5.1889987,0.0,0.0,0.65535134,0.65535134,0.65535134,0.65535134,0.21845044,0.21845044,0.21845044,0.21845044,,,0.0,0.0,7.917888,39.589443,7.917888,0.0,,0.0,0.3333333333333333,0.0,0.0,0.0,0.0,0.0,0.0,0.0,0.0,0.0,,,0.0,1.0,4.440000057220459,,4.440000057220459,,0.0,0.0,,0.0,0.0,0.0,0.0,0.0,,1,11.366667,,0.0,0.0,4.879981,3.0379076,7.917888,7.917888,7.917888,0.0,0.0,,,,0.0,0.0,23.753664,0.6666667,1.4798083,,15.835776,0.0,0.0,0.0,0.0,18.002117,0.0,0.0,0,57.865692,23.753664,15.835776,0.6,1.0,57.865692,,2026-08-02T15:30,0.1262963,4.1499343,-0.061257713,4.3095036,,-0.09831148,,0.0,7.917888,7.4193106,0.0,0.0,7.917888,,,,,,,,,,,,,0.0,0.0,,0.0,,0.0,,0.0,0.0,,,,,,,0.0,0.0,0.0,,,,0.0,0.0,0.0,0.0,0.0,0.0,0.0,0.0,0.0,,,,0.0,0.0,0.0,0.0,0.0,0.0,0.0,0.0,0.0,11.366667,39.589443
33643,564423,Noel Csorba,2774,Győri ETO,1522,NB I,351,2026/2027,103,2007-02-19,False,,,,,184.0,38.85,0.013893399387598038,0.03218548,2.3166025,0.0,0.0,0.7673841,4.633205,4.633205,0.0,0.0,4.633205,4.633205,6.949807,11.583013,2.3166025,0.0,2.3166025,1.0534059,0.0,1.0534059,1.0,0.0,0.0,0.0,0.0,,0.0,0.0,2.3166025,1.0,2.3166025,16.216217,0.36363636363636365,0.0,0.6363636363636364,11.583013,0.0,0.0,1.0,0.0,1.0,0.0,0.0,4.633205,1.0,0.0,1.0534059,2.3166025,0.7995696,0.7995696,0.7995696,0.7995696,0.7673841,0.0,0.34514752,0.34514752,0.34514752,0.34514752,0.024653394,0.024653394,0.024653394,0.024653394,,,2.3166025,0.0,4.633205,6.949807,0.0,4.633205,0.5,0.0,0.04,6.949807,0.0,0.0,0.0,0.0,0.0,0.0,0.0,0.0,,1.0,,0.0,18.75,18.75,,,0.0,0.0,,0.0,0.0,0.09090909,0.09090909,0.0,0.25641024,1,38.85,4.633205,0.0,0.0,0.7995696,-0.7995696,6.949807,0.0,0.0,,0.0,,1.0,,,,4.633205,1.0,3.2527618,1.0,0.0,0.0,0.0,0.0,0.0,3.1602175,6.949807,0.0,0,60.19901,4.633205,0.0,0.6666667,,40.3814,65.587296,2026-08-02T15:30,0.43166664,0.43562666,0.5357484,-0.20169227,0.10506242,-0.0034919097,,2.3166025,2.3166025,0.0,0.0,0.0,2.3166025,5.511667,6.132,5.865,0.14285715,0.85714287,0.42857143,0.16666667,0.8333333,0.5,0.2,0.8,0.4,4.633205,4.633205,1.0,4.633205,1.0,2.3166025,1.0,4.633205,2.3166025,0.09787922,0.09787922,0.08762001,0.4,0.4,0.33333334,2.3166025,2.3166025,2.3166025,3.575,3.575,2.18,0.0,0.0,0.0,2.3166025,2.3166025,2.3166025,2.3166025,2.3166025,2.3166025,6.86,6.86,6.86,0.0,0.0,0.0,4.633205,4.633205,2.3166025,0.0,0.0,0.0,38.85,9.26641
33643,419500,Bence Vékony,2565,Puskas,1522,NB I,351,2026/2027,103,2005-11-12,False,,,,,177.0,8.5,,0.0,0.0,0.0,0.0,0.0,0.0,0.0,0.0,0.0,0.0,0.0,0.0,0.0,10.588235,0.0,10.588235,14.50914,0.0,14.50914,1.0,0.0,0.0,0.0,0.0,,0.0,0.0,10.588235,,0.0,63.529415,0.16666666666666666,0.16666666666666666,0.6666666666666666,21.17647,0.5,0.0,0.5,,0.8333333333333334,,0.0,0.0,,0.0,14.50914,0.0,0.0,0.0,0.0,0.0,0.0,0.0,0.0,0.0,0.0,0.0,0.0,0.0,0.0,0.0,,,10.588235,0.0,0.0,21.17647,10.588235,10.588235,,0.0,0.0,10.588235,0.0,0.0,0.0,0.0,0.0,0.0,0.0,0.0,,0.0,,0.0,17.93500010172526,16.90400085449219,,,0.0,0.0,,0.0,0.0,0.5,0.6666667,0.0,,1,8.5,,0.0,0.0,0.0,0.0,0.0,0.0,0.0,,0.0,,0.94251466,,,,42.35294,0.75,2.3584101,1.0,0.0,0.0,0.0,0.0,0.0,29.01828,10.588235,0.0,0,41.435715,0.0,0.0,0.0,,46.15,51.642143,2026-08-22T13:30,0.094444446,0.16790578,0.09446598,,0.09716104,-0.02372125,,0.0,31.764708,0.0,0.0,0.0,10.588235,5.0466666,4.075,5.35,0.0,1.0,0.6666667,0.0,1.0,0.5,0.0,1.0,1.0,0.0,0.0,,0.0,,0.0,,0.0,0.0,,,,0.0,0.0,,0.0,0.0,0.0,,,,0.0,0.0,0.0,0.0,0.0,0.0,0.0,0.0,0.0,,,,0.0,0.0,0.0,0.0,0.0,0.0,0.0,0.0,0.0,8.5,31.764708
33643,565826,Boldizsár Rab,2211,Vasas,1522,NB I,351,2026/2027,103,2005-09-29,False,,,,80.0,185.0,325.38333,0.04677455723285675,0.064688474,1.3829842,0.0,0.27659684,0.06990786,0.5531937,0.5531937,0.27659684,0.0,0.5531937,0.5531937,2.2127748,2.7659683,3.8723557,1.3829842,5.25534,3.2368908,1.8345112,5.071402,0.6086956521739131,0.8297905,3.042565,2.4893715,1.9361778,0.6666666666666666,1.659581,0.0,0.8297905,0.25,0.5531937,35.127796,0.25,0.125,0.625,11.063873,0.275,0.125,0.6,0.4,0.875,0.0,0.0,0.0,,0.0,0.6219613,0.0,0.5157882,0.5157882,0.46754733,0.46754733,0.06990786,0.27659684,1.8647654,1.8647654,1.6903569,1.6903569,0.01456848,0.01456848,0.013205913,0.013205913,Right Defensive Midfielder,Centre Attacking Midfielder,1.1063874,2.2127748,9.404292,15.212826,2.4893715,4.1489525,0.0,0.0,0.019305019305019305,7.191518,0.8297905,0.0,0.0,0.0,0.0,0.0,0.0,0.0,,0.2962962962962963,0.8333333333333334,0.140625,17.342811584472656,16.62830352783203,13.411110877990723,13.159334182739258,0.0,0.0,,0.0,0.0,0.125,0.1953125,0.0,0.33096087,5,65.07667,5.144701,0.0,0.0,0.13459633,0.14200051,1.9361778,1.1063874,1.9361778,0.42857143,0.0,,0.9588009,0.98122627,-0.041666668,-3.9317007,35.127796,0.8976378,4.545978,0.5,3.042565,0.0,0.0,0.27659684,0.0,14.663923,5.8085337,0.8297905,5,46.73569,6.914921,1.9361778,0.45454547,0.6363636,44.99675,51.577637,2026-08-22T13:30,3.6153703,0.11867648,0.025659837,-0.004725355,0.03573864,0.06200336,,0.5531937,7.468115,0.28021902,0.0,0.0,4.702146,5.4131527,4.7431903,3.3268182,0.1262136,0.79611653,0.4563107,0.06557377,0.73770493,0.39344263,0.0,0.6818182,0.09090909,6.914921,4.978743,0.72,2.7659683,0.625,1.1063874,0.5714286,4.4255495,1.9361778,0.010343389,0.005082237,-0.0042788484,0.21186441,0.23529412,0.3181818,4.1489525,3.319162,1.659581,4.9473333,4.6775,3.7175,0.0,0.0,0.0,2.4893715,1.9361778,0.8297905,0.8297905,0.5531937,0.0,3.7224076,3.8463097,3.69,0.0,0.0,0.0,4.1489525,2.2127748,1.1063874,2.2127748,1.1063874,0.27659684,325.38333,22.127747
33643,101840,Márk Kovácsréti,2211,Vasas,1522,NB I,351,2026/2027,103,2000-09-01,False,,,,,186.0,440.03333,0.05659855206807454,0.1736415,3.0679495,0.0,0.20452996,0.17491491,1.8407696,1.6362396,0.20452996,0.0,2.4543595,2.2498295,4.0905995,6.340429,1.8407696,0.6135899,2.4543595,1.7788855,0.6962833,2.4751687,0.75,0.6135899,1.6362396,0.6135899,1.2271798,0.5151515151515151,3.4770093,0.0,1.2271798,0.6666666666666666,0.4090599,39.065224,0.16346153846153846,0.16826923076923078,0.6682692307692307,10.840088,0.20754716981132076,0.1320754716981132,0.660377358490566,0.2,0.7163461538461539,0.0,0.0,1.2271798,0.4,0.0,0.9206635,0.6135899,0.5785703,0.57551324,0.38109082,0.37803373,0.16968581,0.20452996,2.8287802,2.8138335,1.8632517,1.8483049,0.01435929,0.014283419,0.00945813,0.009382258,Right Midfielder,Right Wing,2.0452998,5.931369,6.340429,10.635558,1.2271798,3.2724793,0.3333333333333333,0.0052291076,0.02981029810298103,5.931369,0.6135899,0.0,0.0,0.0,0.0,0.0,0.0,0.0,,0.7152777777777778,0.6785714285714286,0.1346153846153846,21.58312518780048,19.54073871382131,20.416784286499023,22.098421096801758,0.0,0.0,,0.0,0.0,0.072115384,0.25,0.0,0.37341774,6,73.33889,6.0336337,0.0,0.20452996,0.3485564,-0.14402646,4.908719,0.6135899,1.2271798,0.5,0.20452996,,0.9053711,1.0823654,-0.037774727,-1.1663401,34.974625,0.94152045,6.5248938,0.4,2.0452998,0.0,0.0,0.0,0.0,10.2323675,3.6815393,0.8181198,6,48.674477,4.908719,1.4317096,0.46153846,0.7,44.42072,55.557095,2026-08-29T17:30,4.8892593,0.12401825,0.11267121,-0.10496298,0.01143162,0.10487839,,0.6135899,8.181199,0.22515333,0.0,0.0,4.0905995,5.743731,5.209606,4.8408084,0.084033616,0.85714287,0.53781515,0.041666668,0.8888889,0.4722222,0.030303031,0.90909094,0.3939394,9.612908,4.7041893,0.4893617,3.6815393,0.5625,1.8407696,0.5,6.5449586,3.6815393,0.08365627,0.07584196,0.052778535,0.2955975,0.35955057,0.47368422,5.522309,4.499659,2.6588895,4.3973684,4.2778573,3.3500001,0.20452996,0.0,0.0,4.0905995,3.4770093,2.2498295,1.8407696,1.2271798,0.4090599,4.717325,4.383441,4.205091,0.0,0.0,0.0,3.8860693,2.8634193,1.2271798,1.4317096,1.0226499,0.20452996,440.03333,14.112568
33643,404961,Patrick Lyinbor,2211,Vasas,1522,NB I,351,2026/2027,103,2002-01-07,False,,,,75.0,188.0,584.9501,0.1924840211868286,0.05923091,0.30771858,0.15385929,0.15385929,0.0,0.0,0.0,0.0,0.15385929,0.0,0.0,0.7692964,0.7692964,2.1540298,0.61543715,2.769467,2.3546169,0.6454986,3.0001154,0.9333333333333333,0.0,0.46157786,0.15385929,0.15385929,0.6923076923076923,2.769467,0.10465116279069768,5.6927934,0.5238095238095238,1.6924521,48.311813,0.23510971786833856,0.02821316614420063,0.7366771159874608,2.1540298,0.5714285714285714,0.0,0.42857142857142855,0.5,0.9373040752351097,0.5,0.15385929,0.0,0.0,0.0,3.7486825,0.0,0.28799596,0.28799596,0.22876509,0.22876509,0.0,0.0,1.871814,1.871814,1.4868461,1.4868461,0.0070902044,0.0070902044,0.0056319926,0.0056319926,Right Centre Back,Centre Back,6.000512,3.692623,5.0773563,7.231386,0.0,3.3849041,,0.0,0.0,2.0001707,0.7692964,0.0,0.0,0.0,0.0,0.0,0.0,0.0,,0.09285714285714286,0.8666666666666667,0.09404388714733543,21.974483860697493,21.167055876358695,19.18166732788086,16.73961639404297,0.0,0.0,,0.0,0.0,0.06583072,0.10031348,0.0,0.17853658,6,97.49168,2.8156247,0.0,0.0,0.05923091,0.09462838,0.30771858,0.0,0.0,,0.0,,0.9632561,0.8726883,-0.070637405,-2.7928169,38.77254,0.99603176,3.3545275,0.6666667,0.61543715,0.0,0.0,0.0,0.0,7.270762,4.923497,0.30771858,6,27.015335,0.9231557,0.0,0.12765957,0.0,20.485962,34.713715,2026-08-29T17:30,6.4994454,0.20977789,0.011615331,0.07127175,0.103938304,0.022952521,,0.0,8.462261,0.11884795,0.0,0.0,1.8463115,12.765572,11.536842,1.92,0.6648936,0.89361703,0.82978725,0.68421054,0.8947368,0.84210527,0.0,0.0,0.0,3.5387635,1.8463115,0.5217391,0.0,,0.0,,0.0,0.0,0.0023563218,,,0.09126984,0.0,0.0,0.15385929,0.15385929,0.15385929,5.895,,,0.0,0.0,0.0,0.0,0.0,0.0,0.0,0.0,0.0,,,,0.0,0.0,0.0,0.9231557,0.0,0.0,0.46157786,0.0,0.0,584.9501,9.846994
33643,432865,Milán László Tóth,2211,Vasas,1522,NB I,351,2026/2027,103,2002-02-06,False,,,,,,512.1667,0.10159087181091309,0.19637154,1.9329644,0.17572404,0.17572404,0.09199436,1.2300682,1.2300682,0.0,0.0,0.52717215,0.52717215,5.2717214,5.7988935,0.52717215,0.17572404,0.7028962,0.47511482,0.30111757,0.77623236,1.0,1.4057924,0.7028962,0.0,2.6358607,0.375,0.52717215,0.04285714285714286,0.87862015,0.625,0.87862015,27.588673,0.16455696202531644,0.17088607594936708,0.6645569620253164,10.016271,0.14035087719298245,0.21052631578947367,0.6491228070175439,0.2727272727272727,0.7658227848101266,0.09090909090909091,0.17572404,0.7028962,0.6666666666666666,0.0,0.74372596,1.2300682,0.54118586,0.54118586,0.40587682,0.40587682,0.09199436,0.0,3.0797484,3.0797484,2.3097398,2.3097398,0.017205298,0.017205298,0.012903575,0.012903575,Left Midfielder,Left Centre Midfielder,1.0543443,1.2300682,4.7445493,7.3804097,4.0416527,1.9329644,0.0,0.0,0.029154518950437316,3.1630328,2.4601364,0.0,0.0,0.0,0.0,0.0,0.0,0.0,,0.09401709401709402,0.6571428571428571,0.22151898734177214,13.727342822883703,13.786199396306818,13.050857543945312,13.593913078308105,0.0,0.0,,0.0,0.0,0.08227848,0.18987341,0.0,0.23542857,6,85.361115,3.6199152,0.0,0.0,0.2883659,-0.11264186,3.1630328,0.7028962,2.1086886,0.6666667,0.0,0.0,1.0042876,1.0416107,-0.10867993,-0.6764857,32.1575,0.84153,6.0962915,,1.4057924,0.0,0.0,0.0,0.0,6.418504,2.8115847,0.7028962,6,60.226723,5.0959973,1.2300682,0.6904762,0.875,52.950516,61.056625,2026-08-29T17:30,5.690741,-0.011727552,-1.953788e-05,-0.13518277,0.04641679,0.077057935,,1.2300682,6.3260655,0.09975082,0.0,0.0,2.8115847,4.0019526,3.844653,3.3967252,0.06870229,0.7099237,0.27480915,0.05154639,0.69072163,0.2783505,0.01754386,0.6315789,0.24561404,3.5144806,2.2844126,0.65,1.7572403,0.6666667,1.0543443,0.6666667,2.6358607,1.5815164,0.039077565,0.03931573,0.029783906,0.15503876,0.18072289,0.20930232,8.083305,7.2046857,4.5688252,4.4,4.21,4.2325,0.17572404,0.17572404,0.0,4.920273,4.3931007,2.4601364,1.7572403,1.5815164,0.87862015,3.4442856,3.6079867,2.949091,0.0,0.0,0.0,1.7572403,1.2300682,0.7028962,0.52717215,0.3514481,0.17572404,512.1667,8.610478
33643,565824,Sándor Hidi,2211,Vasas,1522,NB I,351,2026/2027,103,2001-02-20,False,,,,,181.0,479.38336,0.03379589691758156,0.006344882,0.18774118,0.0,0.0,0.006913834,0.56322354,0.56322354,0.0,0.0,0.0,0.0,0.37548235,0.37548235,3.0038588,1.5019294,4.5057883,2.8323243,1.061335,3.8936589,0.7272727272727273,0.56322354,1.8774118,1.1264471,1.3141882,0.5882352941176471,1.8774118,0.0,1.5019294,0.4,0.37548235,34.91986,0.18421052631578946,0.14210526315789473,0.6736842105263158,4.1303062,0.22727272727272727,0.09090909090909091,0.6818181818181818,0.0,0.8631578947368421,0.0,0.0,0.0,,0.0,1.2583659,0.0,0.22991781,0.22991781,0.2249369,0.2237267,0.006913834,0.0,1.224653,1.224653,1.1981223,1.1916761,0.006584156,0.006584156,0.0064415177,0.006406861,Left Defensive Midfielder,Right Defensive Midfielder,1.6896707,3.0038588,11.827694,18.774118,0.56322354,7.321906,,0.0,0.0,3.1916,1.3141882,0.0,0.0,0.0,0.0,0.0,0.0,0.0,,0.19333333333333333,0.8260869565217391,0.12105263157894737,17.791475637335527,17.570124928544207,16.719131469726562,18.573684692382812,0.0,0.0,,0.0,0.0,0.036842104,0.11578947,0.0,0.21871048,5,95.87667,3.2479224,0.0,0.0,0.013258716,-0.013258714,0.7509647,0.0,0.56322354,1.0,0.0,,0.9875586,1.110924,-0.037070937,-1.0723448,27.597954,0.9319728,5.1239223,0.4,4.881271,0.18774118,0.18774118,0.0,0.0,15.179216,9.011577,1.5019294,5,43.651703,7.134165,2.4406354,0.38,0.5,41.827118,45.260403,2026-08-29T17:30,5.326482,0.13376158,5.96552e-05,-0.0039345473,0.09009901,0.047537483,,0.18774118,10.325765,0.0,0.0,0.0,5.256753,6.1018696,6.148345,3.5933332,0.13043478,0.7826087,0.48913044,0.13793103,0.6551724,0.44827586,0.0,0.6666667,0.16666667,4.3180475,3.0038588,0.6956522,1.3141882,0.7777778,0.37548235,0.5,1.6896707,0.7509647,0.022759762,0.014719576,0.0065829176,0.1446541,0.1764706,0.30769232,2.6283765,0.9387059,0.37548235,5.6545453,4.2075,4.79,0.0,0.0,0.0,1.8774118,0.37548235,0.18774118,0.9387059,0.18774118,0.0,5.2134,3.9450002,4.55,0.0,0.0,0.0,2.0651531,0.7509647,0.18774118,1.1264471,0.18774118,0.0,479.38336,23.655388
33643,311946,Márk Koszta,2211,Vasas,1522,NB I,351,2026/2027,103,1996-09-26,False,,,,82.0,186.0,499.50003,0.11950307422214085,0.38757753,3.243243,0.36036035,0.36036035,0.02506198,0.7207207,0.7207207,0.0,0.0,0.36036035,0.36036035,6.846846,7.2072067,0.7207207,0.36036035,1.081081,0.53022397,0.42894867,0.9591728,1.0,0.36036035,1.4414414,0.0,1.6216215,0.6,0.5405405,0.015151515151515152,0.18018018,0.4583333333333333,1.9819818,17.837837,0.13861386138613863,0.13861386138613863,0.7227722772277227,5.585585,0.16129032258064516,0.12903225806451613,0.7096774193548387,0.5555555555555556,0.7722772277227723,0.1111111111111111,0.36036035,0.0,0.0,0.0,0.11345809,0.36036035,0.5344341,0.52979404,0.3504766,0.3504766,0.02506198,0.0,2.9661093,2.940357,1.9451451,1.9451451,0.021338915,0.021153647,0.01399385,0.01399385,Centre Forward,Right Centre Forward,0.36036035,0.7207207,9.72973,16.936935,1.6216215,5.405405,0.0,0.0,0.06382978723404255,1.9819818,1.6216215,0.0,0.0,0.0,0.0,0.0,0.0,0.0,,0.7,0.65,0.19801980198019803,16.364654238861387,15.947564540765224,16.275999069213867,17.000770568847656,0.0,0.0,,0.0,0.0,0.07920792,0.22772278,0.0,0.16187051,6,83.25001,2.4324324,0.0,0.0,0.4126395,-0.05227918,3.9639635,0.36036035,0.7207207,0.5,0.0,,0.97451276,1.04453,-0.12227723,-0.08865479,17.297297,0.8333333,4.6371393,1.0,2.8828828,0.36036035,0.0,0.0,0.0,16.162663,5.585585,0.90090084,6,62.902767,11.711712,2.162162,0.69148934,0.75,62.379982,56.14696,2026-08-29T17:30,5.55,0.18870619,-0.005139605,0.2164558,0.008958606,-0.03156863,,0.36036035,3.243243,0.6871008,0.0,0.0,1.6216215,4.316649,4.49403,3.6224391,0.034883723,0.74418604,0.3604651,0.04477612,0.76119405,0.40298507,0.024390243,0.70731705,0.2682927,2.5225224,0.90090084,0.35714287,0.5405405,0.3,0.0,0.0,1.8018017,0.7207207,-0.005579151,-0.006507449,-0.006100858,0.16666667,0.2173913,0.22222222,6.306306,5.045045,3.9639635,5.4633336,4.955,,0.18018018,0.18018018,0.18018018,3.7837834,3.063063,2.3423421,1.8018017,1.2612612,0.90090084,3.8387065,3.7074316,3.8641922,0.0,0.0,0.0,0.5405405,0.36036035,0.0,0.36036035,0.18018018,0.0,499.50003,19.099098
33643,40492,Szabolcs Mezei,2211,Vasas,1522,NB I,351,2026/2027,103,2000-10-18,False,,,,65.0,172.0,120.066666,0.0688844546675682,0.051634654,0.74958354,0.0,0.0,0.0,0.0,0.0,0.0,0.0,0.0,0.0,0.74958354,0.74958354,0.74958354,0.74958354,1.4991671,1.284473,0.7446041,2.029077,1.0,0.74958354,0.0,0.0,2.2487507,0.6666666666666666,4.4975014,0.0,1.4991671,0.0,0.0,51.721268,0.30434782608695654,0.13043478260869565,0.5652173913043478,13.492504,0.3333333333333333,0.1111111111111111,0.5555555555555556,0.0,0.8840579710144928,0.0,0.0,0.0,,0.0,2.029077,0.0,0.33141688,0.33141688,0.33141688,0.33141688,0.0,0.0,0.44213465,0.44213465,0.44213465,0.44213465,0.0077567482,0.0077567482,0.0077567482,0.0077567482,Right Defensive Midfielder,Centre Attacking Midfielder,2.2487507,5.9966683,4.4975014,10.49417,2.9983342,5.247085,,0.0,0.007462686567164179,6.746252,0.74958354,0.0,0.0,0.0,0.0,0.0,0.0,0.0,,0.8448275862068966,0.9,0.14492753623188406,19.182028065557066,18.62048940189549,18.128999710083008,14.45888900756836,0.0,0.0,,0.0,0.0,0.08695652,0.14492753,0.0,0.176,2,60.033333,3.298168,0.0,0.0,0.051634654,-0.051634654,0.74958354,0.0,0.74958354,1.0,0.0,,0.9707258,0.7975558,0.01594203,-1.0530287,41.97668,0.89285713,3.1227853,,4.4975014,0.0,0.0,0.0,0.0,11.504195,5.247085,1.4991671,1,57.700714,6.746252,4.4975014,0.64285713,1.0,53.8299,48.37838,2026-08-29T17:30,1.334074,0.2375978,0.15053914,-0.005562633,0.096930444,-0.0043091704,,0.0,9.744587,0.0,0.0,0.0,4.4975014,7.2801247,6.7000003,4.805714,0.15,0.875,0.75,0.05263158,0.7894737,0.68421054,0.0,0.71428573,0.5714286,15.741255,13.492504,0.85714287,5.9966683,0.8888889,1.4991671,0.6666667,6.746252,2.2487507,0.10621503,0.040530052,0.017204255,0.3888889,0.39130434,0.5,5.9966683,4.4975014,1.4991671,6.037,5.756,2.86,0.0,0.0,0.0,4.4975014,3.7479177,1.4991671,2.9983342,2.9983342,0.74958354,6.085,7.248,5.6,0.74958354,0.74958354,0.0,7.4958353,3.7479177,0.74958354,4.4975014,1.4991671,0.0,120.066666,11.243753
33643,452080,Barnabás Bíró,2774,Győri ETO,1522,NB I,351,2026/2027,103,2005-01-06,False,,,,,,204.05,0.035804376006126404,0.015792178,0.44106835,0.0,0.0,0.070855014,1.323205,1.323205,0.0,0.0,1.7642734,1.7642734,2.2053418,3.9696155,2.2053418,0.8821367,3.0874784,2.5076997,1.12361,3.6313093,0.8333333333333334,1.323205,1.323205,0.44106835,1.7642734,0.4444444444444444,1.7642734,0.0,1.7642734,,0.0,33.962265,0.1590909090909091,0.2727272727272727,0.5681818181818182,10.58564,0.125,0.25,0.625,0.0,0.75,0.0,0.0,1.323205,0.6,0.0,2.1467783,0.44106835,1.1974134,1.1306158,0.9810448,0.9142472,0.070855014,0.0,2.7148025,2.5633574,2.2242467,2.0728016,0.03156747,0.029806482,0.025863335,0.024102343,Right Wing Back,,1.7642734,3.9696155,7.0570936,12.349914,2.64641,3.0874784,0.5,0.0,0.006097560975609756,4.4106836,0.0,0.0,0.0,0.0,0.0,0.0,0.0,0.0,,0.19298245614035087,0.8,0.056818181818181816,20.455793900923297,19.061971028645832,15.685999870300293,17.977500915527344,0.0,0.0,,0.0,0.0,0.056818184,0.23863636,0.0,0.28268552,3,68.01667,3.5285468,0.0,0.0,0.0866472,-0.0866472,1.7642734,0.44106835,1.7642734,0.75,0.0,,0.9318617,1.1460857,0.05,-4.769794,35.28547,0.9,5.2479258,0.6666667,3.0874784,0.44106835,0.0,0.0,0.0,14.729167,3.5285468,0.44106835,2,33.44122,1.7642734,1.323205,0.14285715,0.42857143,31.994,52.60064,2026-08-23T15:30,2.2672222,0.30548316,0.08547025,-0.00654796,0.093923226,0.13263762,,0.44106835,3.9696155,0.0,0.0,0.0,0.0,7.597924,8.106451,8.049444,0.26415095,0.8679245,0.6603774,0.29032257,0.9354839,0.7419355,0.2777778,0.9444444,0.7777778,7.939231,3.0874784,0.3888889,2.64641,0.5,1.323205,0.6,5.29282,2.2053418,0.06211239,0.054946356,0.04057937,0.2769231,0.375,0.41666666,2.2053418,2.2053418,2.2053418,3.31,3.31,,0.8821367,0.8821367,0.8821367,2.2053418,2.2053418,2.2053418,1.7642734,1.7642734,1.7642734,8.892,8.892,8.892,0.0,0.0,0.0,0.44106835,0.44106835,0.0,0.0,0.0,0.0,204.05,15.878462
33643,449365,Ádám Décsy,2774,Győri ETO,1522,NB I,351,2026/2027,103,2007-04-22,False,,,,,183.0,223.86667,0.21584245562553406,0.086774066,0.40202498,0.0,0.0,0.0,0.0,0.0,0.0,0.0,0.0,0.0,0.40202498,0.40202498,1.2060751,0.80404997,2.0101252,1.2043464,0.36561778,1.5699642,0.6,0.0,2.0101252,0.80404997,0.0,1.0,2.8141751,0.022222222222222223,1.2060751,0.6,1.2060751,29.347828,0.16883116883116883,0.11688311688311688,0.7142857142857143,4.422275,0.18181818181818182,0.18181818181818182,0.6363636363636364,0.0,0.8181818181818182,0.0,0.0,0.0,,0.0,1.5336115,0.0,0.61523414,0.61523414,0.61523414,0.61523414,0.0,0.0,1.530338,1.530338,1.530338,1.530338,0.021254696,0.021254696,0.021254696,0.021254696,Right Defensive Midfielder,Left Defensive Midfielder,1.6080999,2.4121501,6.4323997,10.050626,0.0,2.0101252,,0.0,0.007462686567164179,2.8141751,2.4121501,0.0,0.0,0.0,0.0,0.0,0.0,0.0,,0.2459016393442623,0.5384615384615384,0.16883116883116883,19.385063666801948,20.400634765625,19.532306671142578,24.322858810424805,0.0,0.0,,0.0,0.0,0.051948052,0.19480519,0.0,0.23934425,5,44.773335,2.9347825,0.0,0.0,0.086774066,-0.086774066,0.40202498,0.0,0.0,,0.0,,1.0523894,1.245263,-0.27972028,0.14724389,21.307325,1.0,4.893488,0.0,2.4121501,0.0,0.0,0.0,0.0,9.080552,3.2161999,0.40202498,2,36.221905,1.2060751,0.80404997,0.12,0.33333334,33.944977,45.923637,2026-08-30T14:30,2.4874074,0.011700924,-0.019824898,-0.03604895,0.054784663,0.012790098,,0.0,6.4323997,0.0,0.0,0.0,3.618225,6.216923,6.414118,4.48,0.07692308,0.8974359,0.5897436,0.05882353,0.88235295,0.5882353,0.0,1.0,0.0,2.7765875,1.8510584,0.6666667,0.4627646,0.5,0.0,,0.9255292,0.0,-6.892368e-05,-0.009276772,,0.11320755,0.1,0.0,0.9255292,0.4627646,0.0,5.1,8.12,,0.4627646,0.0,0.0,0.9255292,0.4627646,0.0,0.9255292,0.4627646,0.0,8.755,6.82,,0.0,0.0,0.0,1.8510584,0.4627646,0.0,0.9255292,0.4627646,0.0,194.48334,13.266826
33643,444417,Márton Szép,2774,Győri ETO,1522,NB I,351,2026/2027,103,2007-07-26,False,,,,,186.0,370.9167,0.24131505489349364,0.29276595,1.2132105,0.0,0.0,0.020440375,0.4852842,0.4852842,0.0,0.0,0.7279263,0.7279263,2.669063,3.396989,1.6984946,0.9705684,2.669063,1.8541963,0.7835374,2.6377337,0.7,0.2426421,2.1837788,0.7279263,1.6984946,0.9375,3.6396313,0.02666666666666667,2.1837788,0.45454545454545453,1.2132105,31.543472,0.14814814814814814,0.1037037037037037,0.7481481481481481,7.2792625,0.2,0.1,0.7,0.0,0.8666666666666667,0.0,0.0,0.0,0.0,0.0,2.2183373,0.2426421,0.89522517,0.89522517,0.6894988,0.6894988,0.020440375,0.0,3.6894884,3.6894884,2.841629,2.841629,0.02509856,0.02509856,0.019330809,0.019330809,Right Defensive Midfielder,Left Defensive Midfielder,2.1837788,3.8822737,8.735115,15.771736,2.426421,3.1543472,0.0,0.0,0.014925373134328358,3.396989,1.6984946,0.0,0.0,0.0,0.0,0.0,0.0,0.0,,0.125,0.75,0.11851851851851852,18.92081344039352,19.509486010950855,14.870624542236328,16.615833282470703,0.0,0.0,,0.0,0.0,0.074074075,0.17037037,0.0,0.23360655,5,74.183334,2.7661197,0.0,0.0,0.31320632,-0.31320632,1.6984946,0.7279263,0.9705684,0.25,0.0,,1.0311124,1.1173595,-0.11666667,-4.050189,29.602333,0.8770492,5.9988027,0.6666667,4.1249156,0.4852842,0.0,0.0,0.0,16.440388,5.095484,0.7279263,3,36.811157,3.8822737,1.4558526,0.24615385,0.3529412,33.66156,46.739094,2026-08-30T14:30,4.1212964,-0.23940752,0.009611319,-0.270641,-0.03454632,0.056168452,,0.4852842,9.220399,0.0,0.0,0.0,3.6396313,6.407581,6.6176925,5.3675,0.12903225,0.91935486,0.6451613,0.15384616,0.9230769,0.6923077,0.0,0.8333333,0.5833333,3.8965366,2.098135,0.53846157,0.8992007,0.5,0.59946716,0.4,1.7984014,1.4986678,0.04812649,0.0020926548,0.0011212932,0.15853658,0.2,0.33333334,2.098135,1.1989343,0.8992007,4.572,6.3050003,9.6,0.29973358,0.0,0.0,1.7984014,0.8992007,0.59946716,1.1989343,0.59946716,0.29973358,7.7366667,4.2516665,3.5475001,0.0,0.0,0.0,1.4986678,0.59946716,0.29973358,0.29973358,0.29973358,0.29973358,300.26666,19.654009
33643,396420,Ádám Umathum,2774,Győri ETO,1522,NB I,351,2026/2027,103,2006-04-08,False,,,,,190.0,387.41666,0.020332923159003258,0.0047235014,0.23230803,0.0,0.0,0.0,0.0,0.0,0.0,0.0,0.0,0.0,0.23230803,0.23230803,2.3230803,2.0907722,4.4138527,2.5800686,2.5265334,5.106602,0.8333333333333334,0.0,0.9292321,0.46461606,0.0,0.7241379310344828,4.8784685,0.012658227848101266,3.0200045,0.25,0.6969241,42.28006,0.29591836734693877,0.05102040816326531,0.6530612244897959,3.7169285,0.625,0.0,0.375,0.0,0.8520408163265306,0.0,0.0,0.0,,0.23230803,2.7153196,0.0,0.522641,0.5164986,0.5179176,0.51177514,0.0,0.0,2.249776,2.2233353,2.229443,2.2030022,0.0122938575,0.012149373,0.012182749,0.0120382635,Right Centre Back,Left Defensive Midfielder,3.4846203,6.272317,4.4138527,4.8784685,0.6969241,2.3230803,,0.0,0.002857142857142857,3.7169285,0.9292321,0.0,0.0,0.0,0.0,0.0,0.0,0.0,,0.1069182389937107,0.3333333333333333,0.061224489795918366,22.514745595503825,22.449519905501496,22.344167709350586,27.607500076293945,0.0,0.0,,0.0,0.0,0.06122449,0.13265306,0.0,0.19486405,4,96.854164,2.9967735,0.0,0.0,0.0047235014,-0.0047235014,0.23230803,0.23230803,0.23230803,0.0,0.0,,0.997103,1.2355573,-0.51870745,-0.17057852,34.14928,0.97959185,3.8307872,0.5,1.1615402,0.23230803,0.0,0.0,0.0,5.2649703,3.9492366,0.46461606,4,31.930187,1.1615402,0.23230803,0.23809524,0.2,24.340755,37.295387,2026-08-23T15:30,4.3046293,0.24727564,0.044180598,-0.0076291733,0.036464293,0.17425993,,0.0,6.5046253,0.0,0.0,0.0,1.1615402,12.454246,11.142265,4.84,0.67,0.96,0.94,0.5483871,0.9032258,0.87096775,0.0,0.5,0.5,6.040009,3.2523127,0.53846157,0.9292321,0.5714286,0.0,0.0,1.6261563,0.46461606,0.02333621,0.008865353,0.00017063406,0.17333333,0.25,0.5,0.0,0.0,0.0,6.1,,,0.0,0.0,0.0,0.0,0.0,0.0,0.0,0.0,0.0,,,,0.23230803,0.0,0.0,1.6261563,0.0,0.0,0.46461606,0.0,0.0,387.41666,8.130781
33643,404991,Varga Ádám Gábor,1476,Ferencvaros,1522,NB I,351,2026/2027,103,1999-02-12,False,,,Ádám Varga,83.0,191.0,97.333336,,0.0,0.0,0.0,0.0,0.0,0.0,0.0,0.0,0.0,0.0,0.0,0.0,0.0,0.0,0.0,0.0,0.0,0.0,0.0,,0.0,0.0,0.0,0.0,0.2608695652173913,5.547945,0.0,0.0,,0.0,26.815067,0.625,0.0,0.375,0.0,,,,,0.4375,,0.0,0.0,,0.0,0.0,0.0,0.057859823,0.057859823,0.057859823,0.057859823,0.0,0.0,0.06257433,0.06257433,0.06257433,0.06257433,0.0018404213,0.0018404213,0.0018404213,0.0018404213,Goalkeeper,,5.547945,15.719177,0.0,0.9246575,0.0,0.9246575,,0.0,0.0,0.0,0.0,15.719177,3.69863,2.2860816,2.720907,0.4285714285714286,0.5796270711081368,-0.9777231,-0.15105564253670828,0.2727272727272727,0.2857142857142857,0.21875,47.586875915527344,34.430716378348215,51.37571334838867,32.56500244140625,6.472603,2.720907,0.4117647058823529,1.2341738,0.0023545388,0.0625,0.5625,22.767336,0.08461539,1,97.333336,1.0171232,0.0,0.0,0.0,0.0,0.0,0.0,0.0,,0.0,,0.72353387,0.6338599,-0.15178572,3.788839,24.965752,1.0,2.4164243,,0.0,0.0,0.0,0.0,0.0,1.357682,10.171232,0.0,1,6.6075,0.0,0.0,0.0,,2.2707813,13.455638,2026-07-26T18:00,1.0814815,-1.233022,0.13645725,,,0.040561717,-1.4100409,0.0,2.7739725,0.0,0.0,0.0,0.0,12.841875,,,0.5,1.0,1.0,,,,,,,7.39726,1.849315,0.25,0.0,,0.0,,0.0,0.0,0.054462355,,,0.3478261,,,0.0,0.0,0.0,5.73,,,0.0,0.0,0.0,0.0,0.0,0.0,0.0,0.0,0.0,,,,0.0,0.0,0.0,0.9246575,0.0,0.0,0.9246575,0.0,0.0,97.333336,0.9246575
33643,404962,Olivér Zoltán Nagy,1476,Ferencvaros,1522,NB I,351,2026/2027,103,2003-03-12,False,,,,,177.0,97.333336,,0.0,0.0,0.0,0.9246575,0.34308362,0.9246575,0.9246575,0.9246575,0.0,0.0,0.0,0.0,0.0,0.9246575,0.0,0.9246575,1.357682,0.0,1.357682,0.3333333333333333,0.0,1.849315,1.849315,1.849315,0.46153846153846156,5.547945,0.0,0.9246575,0.3333333333333333,0.9246575,53.630135,0.4375,0.09375,0.46875,8.321918,0.4444444444444444,0.1111111111111111,0.4444444444444444,,0.71875,,0.0,0.0,,0.0,1.357682,0.0,1.0900905,1.0900905,1.0900905,1.0900905,0.34308362,0.9246575,1.1789128,1.1789128,1.1789128,1.1789128,0.01932644,0.01932644,0.01932644,0.01932644,Right Back,Right Defensive Midfielder,1.849315,11.09589,4.6232877,8.321918,1.849315,4.6232877,,0.0,0.0,6.472603,0.0,0.0,0.0,0.0,0.0,0.0,0.0,0.0,,0.125,0.8,0.078125,25.037813186645508,21.205001167629074,16.588001251220703,19.427501678466797,0.0,0.0,,0.0,0.0,0.140625,0.34375,0.0,0.42307693,1,97.333336,5.085616,0.0,0.0,0.34308362,0.5815739,0.9246575,0.9246575,0.9246575,0.0,0.0,,0.84691906,1.171178,0.08125,-8.449813,41.60959,0.93333334,4.257364,0.0,2.7739725,0.0,0.0,0.0,0.0,12.219137,6.472603,1.849315,1,39.65479,4.6232877,0.9246575,0.5555556,0.33333334,32.765068,42.45714,2026-07-26T18:00,1.0814815,0.19809058,0.092756696,,-0.024371661,0.12970556,,0.0,15.719177,0.0,0.0,0.0,1.849315,7.6272726,6.668,4.6066666,0.2777778,0.8888889,0.5833333,0.15384616,0.6923077,0.46153846,0.0,0.6,0.2,15.719177,6.472603,0.4117647,1.849315,0.4,0.0,0.0,4.6232877,0.9246575,0.03831863,0.00348573,-0.008970628,0.34,0.35714287,0.33333334,2.7739725,1.849315,0.9246575,4.1766667,4.505,,0.0,0.0,0.0,1.849315,0.9246575,0.9246575,0.9246575,0.0,0.0,5.345,3.41,3.41,0.0,0.0,0.0,2.7739725,1.849315,0.0,0.0,0.0,0.0,97.333336,11.09589
33643,404304,Attila Osváth,1476,Ferencvaros,1522,NB I,351,2026/2027,103,1995-12-10,False,,,,73.0,177.0,291.43335,0.01733170449733734,0.021409402,1.2352738,0.0,0.0,0.082566485,1.2352738,1.2352738,0.0,0.0,1.2352738,0.9264554,0.6176369,1.5440924,1.8529108,0.30881846,2.161729,2.2962604,0.2807777,2.577038,0.75,0.6176369,1.2352738,0.6176369,1.8529108,0.40540540540540543,4.632277,0.045454545454545456,0.9264554,0.6666666666666666,0.6176369,48.175682,0.30456852791878175,0.17258883248730963,0.5228426395939086,17.602652,0.3333333333333333,0.21052631578947367,0.45614035087719296,0.25,0.7309644670050761,0.0,0.0,0.6176369,0.15384615384615385,0.0,1.0461978,0.0,0.8549553,0.6036038,0.8019122,0.5268092,0.082566485,0.0,2.768472,1.9545586,2.5967107,1.7058862,0.017195478,0.012140116,0.016128637,0.010595567,Right Back,,2.4705477,9.882191,5.2499137,8.955735,0.6176369,2.4705477,0.5,0.0,0.013245033112582781,8.338099,0.9264554,0.0,0.0,0.0,0.0,0.0,0.0,0.0,,0.18181818181818182,0.64,0.12690355329949238,22.433350848667512,19.52617730034722,24.543197631835938,22.904376983642578,0.0,0.0,,0.0,0.0,0.12690355,0.3147208,0.0,0.35897434,3,97.14445,6.0528417,0.0,0.0,0.103975885,-0.103975885,2.4705477,0.6176369,1.2352738,0.5,0.30881846,,0.8704084,0.9332271,-0.09096447,2.1098473,43.852222,0.943662,3.5782015,0.5,1.8529108,0.0,0.0,0.0,0.0,12.3488865,3.397003,0.6176369,3,43.39069,3.397003,1.2352738,0.37931034,0.6666667,38.560753,57.68721,2026-08-30T17:00,3.2381482,0.20121753,0.11806094,-0.008044899,0.01866513,0.072536394,,0.0,10.1910095,0.06679343,0.0,0.0,4.323458,8.180864,8.153277,8.470012,0.2970297,0.9405941,0.75247526,0.32,0.92,0.70666665,0.34042552,0.9361702,0.78723407,11.117465,4.632277,0.41666666,3.397003,0.5,1.2352738,0.30769232,6.794006,4.01464,0.06583306,0.054323886,0.029361315,0.27480915,0.29333332,0.31707317,1.2352738,1.2352738,0.9264554,3.5257144,2.924,3.115,0.0,0.0,0.0,0.9264554,0.9264554,0.6176369,0.0,0.0,0.0,3.4099998,3.4099998,3.84,0.0,0.0,0.0,2.161729,1.5440924,0.6176369,0.30881846,0.0,0.0,291.43335,12.0439205
33643,345334,Varga Zétény István,1476,Ferencvaros,1522,NB I,351,2026/2027,103,2006-07-19,False,,,Zétény Varga,,184.0,161.18333,0.1476540962855021,0.49467403,3.350222,0.0,0.0,0.0,0.0,0.0,0.0,0.0,0.55837035,0.55837035,7.258815,7.8171854,3.350222,2.2334814,5.5837035,4.1292877,2.399286,6.528574,0.6,0.55837035,2.2334814,2.2334814,1.1167407,0.3333333333333333,1.1167407,0.0,1.1167407,0.5,1.1167407,24.568296,0.20833333333333334,0.16666666666666666,0.625,9.492297,0.11764705882352941,0.35294117647058826,0.5294117647058824,0.16666666666666666,0.6458333333333334,0.0,0.0,0.0,0.0,0.0,1.7300017,0.0,1.2382871,1.2382871,0.91126263,0.91126263,0.0,0.0,2.2176805,2.2176805,1.6320039,1.6320039,0.03823587,0.03823587,0.028137999,0.028137999,Right Wing,,1.1167407,3.350222,14.51763,18.984594,2.7918518,5.5837035,0.0,0.0,0.06315789473684211,0.55837035,1.675111,0.0,0.0,0.0,0.0,0.0,0.0,0.0,,0.6296296296296297,0.45454545454545453,0.22916666666666666,17.043123881022137,15.562579739478327,11.149091720581055,12.222000122070312,0.0,0.0,,0.0,0.0,0.125,0.35416666,0.0,0.18678162,3,53.72778,3.6294074,0.0,0.0,0.49467403,-0.49467403,3.350222,1.1167407,1.675111,0.33333334,0.0,,0.9131295,1.0962328,-0.19128788,-5.8940325,22.893185,0.902439,3.7642152,0.2,2.7918518,0.0,0.0,0.0,0.0,23.692738,8.375556,1.1167407,2,57.306698,10.609037,1.675111,0.5588235,0.6,58.54993,65.55224,2026-08-30T17:00,1.790926,0.164027,0.13935313,-0.16973409,0.05929473,0.13511328,,0.0,6.700444,0.15197815,0.0,0.0,5.0253334,5.922903,5.2972,4.514,0.12903225,0.87096775,0.4516129,0.08,0.88,0.4,0.05,0.85,0.35,6.142074,1.675111,0.27272728,0.55837035,0.14285715,0.55837035,0.2,3.9085927,2.7918518,0.14217056,0.14167115,0.14499226,0.28947368,0.25,0.2631579,6.700444,6.142074,5.0253334,3.5,2.12,2.12,0.0,0.0,0.0,5.0253334,4.466963,3.350222,1.675111,1.675111,1.1167407,3.7895925,3.891,3.4745834,0.0,0.0,0.0,1.675111,0.55837035,0.55837035,0.55837035,0.0,0.0,161.18333,24.568296
33643,7162,Ádám Nagy,1476,Ferencvaros,1522,NB I,351,2026/2027,103,1995-06-17,False,Ádám,Nagy,,70.0,178.0,189.66666,,0.0,0.0,0.0,0.0,0.023081737,0.94903344,0.94903344,0.0,0.0,0.94903344,0.94903344,0.0,0.94903344,0.94903344,0.47451672,1.4235501,1.1569479,0.43143052,1.5883783,0.3333333333333333,0.0,0.47451672,1.8980669,0.0,0.5,1.4235501,0.0,0.47451672,0.6666666666666666,0.94903344,54.569424,0.2288135593220339,0.06779661016949153,0.7033898305084746,17.082602,0.25,0.05555555555555555,0.6944444444444444,,0.8813559322033898,,0.0,0.0,0.0,0.0,0.43143052,0.0,0.40203097,0.40203097,0.40203097,0.40203097,0.023081737,0.0,0.847243,0.847243,0.847243,0.847243,0.0095195845,0.0095195845,0.0095195845,0.0095195845,Right Defensive Midfielder,,0.47451672,2.8471003,9.4903345,13.2864685,0.47451672,6.1687174,0.0,0.0,0.0,9.4903345,0.0,0.0,0.0,0.0,0.0,0.0,0.0,0.0,,0.20388349514563106,0.8888888888888888,0.15254237288135594,17.951101529396187,17.13384540264423,9.59999942779541,9.438124656677246,0.0,0.0,,0.0,0.0,0.15254237,0.18644068,0.0,0.22588831,2,94.83333,4.223199,0.0,0.0,0.023081737,-0.023081737,0.94903344,0.0,0.0,,0.0,,0.9544732,0.983138,0.0075329565,-8.351102,43.655537,1.0,4.9390917,0.0,3.3216171,0.0,0.0,0.0,0.0,16.197271,8.541301,2.3725836,2,53.332146,8.541301,2.8471003,0.64285713,0.85714287,51.554615,54.03925,2026-08-30T17:00,2.1074073,0.2597304,0.17596251,,0.033958472,0.049809396,,0.0,10.913884,0.0,0.0,0.0,8.066785,8.324932,7.83075,7.6176925,0.369863,0.94520545,0.79452056,0.3,0.95,0.775,0.15384616,0.9230769,0.6923077,13.760984,10.439368,0.7586207,6.1687174,0.7647059,1.8980669,0.6666667,8.066785,2.8471003,0.14908056,0.12857474,0.04984205,0.2735849,0.28333333,0.26086956,2.3725836,0.94903344,0.0,3.897143,4.1157146,5.225,0.0,0.0,0.0,1.4235501,0.47451672,0.0,1.4235501,0.47451672,0.0,6.135,3.555,,0.0,0.0,0.0,6.6432343,3.3216171,0.94903344,0.94903344,0.47451672,0.47451672,189.66666,14.710019
33643,404190,Zsombor Gruber,1476,Ferencvaros,1522,NB I,351,2026/2027,103,2004-09-07,False,,,,66.0,180.0,108.76667,0.058212582021951675,0.09633709,1.6549188,0.0,0.8274594,0.36884823,2.482378,1.6549188,0.8274594,0.8274594,2.482378,1.6549188,1.6549188,3.3098376,0.8274594,0.8274594,1.6549188,1.2149651,1.2149651,2.4299302,1.0,0.0,0.8274594,0.0,2.482378,0.6666666666666666,3.3098376,0.0,1.6549188,,0.0,18.204105,0.15384615384615385,0.11538461538461539,0.7307692307692307,9.102053,0.09090909090909091,0.18181818181818182,0.7272727272727273,0.0,0.6538461538461539,0.0,0.0,2.482378,0.6,0.0,2.4299302,0.0,0.952854,0.8027792,0.5341701,0.43390396,0.3190395,0.8274594,1.1515417,0.97017354,0.6455545,0.524381,0.03198727,0.026949264,0.017932069,0.014566138,Right Wing,Left Wing,1.6549188,4.964756,4.964756,17.376646,4.964756,7.4471345,0.6666666666666666,0.049808748,0.03773584905660377,4.1372967,1.6549188,0.0,0.0,0.0,0.0,0.0,0.0,0.0,,0.8125,0.5,0.15384615384615385,24.90423114483173,24.211178050321692,13.985000610351562,12.414999961853027,0.0,0.0,,0.0,0.0,0.0,0.30769232,0.0,0.28019324,2,54.383335,4.7992644,0.0,0.8274594,0.4651853,0.36227402,4.1372967,3.3098376,3.3098376,0.0,0.8274594,,0.97217125,0.8877368,-0.15384616,-10.91923,24.82378,0.73333335,6.1713457,,4.964756,0.0,0.0,0.0,0.0,26.517506,8.274593,2.482378,1,61.89051,10.756971,4.1372967,0.61904764,0.8333333,56.417366,64.873695,2026-08-02T15:30,1.2085185,0.26631987,0.2384277,-0.08503372,0.044536937,0.06838902,,0.0,4.1372967,0.0,0.0,0.0,0.8274594,5.7344446,5.1186666,4.5458336,0.16666667,0.8888889,0.44444445,0.13333334,0.8666667,0.4,0.083333336,0.9166667,0.33333334,7.4471345,4.1372967,0.5555556,4.1372967,0.71428573,2.482378,0.6,5.792216,4.1372967,0.17518328,0.17467947,0.14352924,0.45,0.46666667,0.45454547,2.482378,2.482378,2.482378,2.865,2.865,2.865,0.8274594,0.8274594,0.8274594,2.482378,2.482378,2.482378,0.8274594,0.8274594,0.8274594,5.6766667,5.6766667,5.6766667,0.0,0.0,0.0,3.3098376,3.3098376,1.6549188,0.0,0.0,0.0,108.76667,19.031567
33643,396414,Szabó Szilárd,1476,Ferencvaros,1522,NB I,351,2026/2027,103,2006-10-01,False,,,,,,59.15,0.021060869097709656,0.03204528,1.5215553,0.0,0.0,0.0,0.0,0.0,0.0,0.0,0.0,0.0,4.5646663,4.5646663,1.5215553,0.0,1.5215553,2.2341118,0.0,2.2341118,1.0,0.0,0.0,0.0,1.5215553,1.0,1.5215553,0.0,1.5215553,0.2,1.5215553,18.258665,0.21428571428571427,0.14285714285714285,0.6428571428571429,6.086221,0.25,0.0,0.75,0.0,0.7142857142857143,0.0,0.0,0.0,0.0,0.0,2.2341118,0.0,0.67829794,0.123684525,0.64625263,0.09163924,0.0,0.0,0.4457925,0.08128822,0.4247316,0.06022735,0.022289624,0.004064411,0.02123658,0.0030113675,Left Wing,Right Wing,1.5215553,1.5215553,3.0431106,7.6077766,3.0431106,1.5215553,,0.0,0.03571428571428571,0.0,0.0,0.0,0.0,0.0,0.0,0.0,0.0,0.0,,0.0,0.6666666666666666,0.21428571428571427,16.079999651227677,14.851998901367187,11.15000057220459,8.800000190734863,0.0,0.0,,0.0,0.0,0.14285715,0.42857143,0.0,0.11363636,1,59.15,1.5215553,0.0,0.0,0.03204528,-0.03204528,1.5215553,1.5215553,1.5215553,0.0,0.0,,0.9236318,0.7892376,-0.04761905,-4.9299994,15.215553,0.8,3.2070835,,4.5646663,0.0,0.0,0.0,0.0,11.170559,1.5215553,1.5215553,1,65.219284,6.086221,4.5646663,0.8,1.0,55.54058,61.68749,2026-07-26T18:00,0.6572222,-0.1918811,-0.101883635,-0.05834613,0.005876318,-0.037527673,,0.0,1.5215553,0.0,0.0,0.0,0.0,5.274286,6.097,5.31125,0.14285715,0.71428573,0.5,0.2,0.9,0.6,0.25,0.875,0.5,6.086221,1.5215553,0.25,0.0,0.0,0.0,0.0,3.0431106,4.5646663,-0.09176782,-0.103739314,-0.103739314,0.4,0.5,0.75,7.6077766,7.6077766,7.6077766,2.93,,,1.5215553,1.5215553,1.5215553,6.086221,6.086221,6.086221,1.5215553,1.5215553,1.5215553,3.944,3.944,3.944,0.0,0.0,0.0,1.5215553,0.0,0.0,0.0,0.0,0.0,59.15,9.129333
33643,101832,Norbert Szendrei,2209,Zalaegerszegi TE,1522,NB I,351,2026/2027,103,2000-03-27,False,,,,73.0,183.0,395.10004,0.08264509269169398,0.13178031,1.5945328,0.0,0.0,0.018080542,0.45558083,0.45558083,0.0,0.22779042,1.3667425,1.3667425,2.5056946,3.872437,2.0501137,1.138952,3.1890657,1.4869183,0.91564345,2.4025617,0.9,0.68337125,2.0501137,0.22779042,2.0501137,0.8,4.555808,0.03389830508474576,1.3667425,0.7142857142857143,1.138952,51.708424,0.21008403361344538,0.08403361344537816,0.7058823529411765,13.667425,0.26666666666666666,0.06666666666666667,0.6666666666666666,0.5714285714285714,0.865546218487395,0.0,0.0,0.0,0.0,0.0,0.64710444,0.0,0.69112766,0.69112766,0.60232145,0.60232145,0.018080542,0.0,3.0340507,3.0340507,2.6441913,2.6441913,0.015559235,0.015559235,0.013559955,0.013559955,Left Defensive Midfielder,,1.8223233,5.239179,10.250568,12.756263,1.5945328,4.3280177,0.0,0.0,0.010964912280701754,8.883826,2.0501137,0.0,0.0,0.0,0.0,0.0,0.0,0.0,,0.10891089108910891,0.8461538461538461,0.1638655462184874,20.85693359375,20.703883495145632,16.524871826171875,17.434846878051758,0.0,0.0,,0.0,0.0,0.10084034,0.15546219,0.0,0.47484913,4,98.77501,5.375854,0.0,0.0,0.14986087,-0.14986086,2.0501137,0.45558083,1.138952,0.6,0.0,,0.9926619,1.055067,-0.019392373,-4.3320627,49.430523,0.9308756,4.7175994,0.75,3.1890657,0.22779042,0.0,0.0,0.0,10.871885,5.9225507,0.91116166,4,36.452267,2.9612753,1.3667425,0.23214285,0.42857143,33.97991,47.56109,2026-08-17T15:30,4.3900003,0.024168665,0.015665267,-0.10961722,0.03615043,0.08197019,,0.22779042,8.883826,0.09908575,0.0,0.0,4.3280177,6.606098,7.059649,5.5864706,0.15686275,0.8627451,0.6372549,0.15789473,0.9122807,0.7719298,0.05882353,0.88235295,0.5882353,9.349866,6.6353884,0.7096774,4.22252,0.7,1.5080428,0.5,6.0321712,3.0160856,0.04165067,0.031391807,0.012546888,0.2421875,0.30769232,0.4347826,4.22252,2.11126,1.5080428,4.772778,4.266923,3.446,0.0,0.0,0.0,2.11126,0.9048257,0.9048257,0.6032171,0.30160856,0.30160856,3.4374285,3.3427777,3.3427777,0.0,0.0,0.0,5.428954,3.920911,1.5080428,1.5080428,0.6032171,0.0,298.40002,16.85649
33643,541674,Zétény Péter Garai,2209,Zalaegerszegi TE,1522,NB I,351,2026/2027,103,2007-11-21,False,,,Zétény Garai,,,144.21666,0.16593623161315918,0.20710868,1.2481221,0.62406105,0.62406105,0.0,0.0,0.0,0.0,0.0,0.0,0.0,1.2481221,1.2481221,1.2481221,0.62406105,1.8721832,1.3614516,0.29547092,1.6569226,0.6666666666666666,1.2481221,1.2481221,0.62406105,1.2481221,0.4,1.2481221,0.0,3.7443664,,0.0,32.451176,0.21666666666666667,0.16666666666666666,0.6166666666666667,11.233099,0.2222222222222222,0.3888888888888889,0.3888888888888889,1.0,0.8,0.5,0.62406105,0.0,0.0,0.0,2.3318524,0.0,0.36429307,0.3200333,0.15718436,0.112924635,0.0,0.0,0.58374584,0.5128237,0.25187337,0.18095127,0.0092658065,0.008140059,0.00399799,0.0028722424,Left Back,Left Wing,4.3684273,2.4962442,4.9924884,14.353404,0.62406105,6.2406106,,0.0,0.017391304347826087,2.4962442,1.8721832,0.0,0.0,0.0,0.0,0.0,0.0,0.0,,0.9302325581395349,0.6666666666666666,0.05,20.389664713541666,18.071666717529297,28.696664810180664,19.55500030517578,0.0,0.0,,0.0,0.0,0.11666667,0.3,0.0,0.21686746,3,48.07222,2.2466197,0.0,0.0,0.20710868,0.41695237,1.2481221,0.0,1.2481221,1.0,0.0,,0.88631505,0.6814381,-0.13333334,8.307001,33.699295,0.962963,3.7301652,0.0,2.4962442,0.0,0.0,0.0,0.0,12.536944,9.984977,1.8721832,3,30.825548,2.4962442,0.62406105,0.17391305,0.25,27.306643,55.937325,2026-08-17T15:30,1.6024073,-0.09914291,0.031227037,0.21944843,-0.44332904,0.09351066,,0.0,4.9924884,0.5195811,0.0,0.0,1.2481221,7.5958333,7.9768,8.99,0.26190478,0.88095236,0.5714286,0.32,0.84,0.56,0.4,0.73333335,0.53333336,5.6165495,2.4962442,0.44444445,1.2481221,0.6666667,0.62406105,0.5,1.8721832,1.2481221,0.025030045,0.021505332,0.016419329,0.2,0.14285715,0.18181819,3.7443664,3.7443664,2.4962442,3.12,3.41,,0.0,0.0,0.0,1.8721832,1.8721832,0.62406105,1.8721832,1.8721832,0.62406105,7.0166664,7.0166664,9.48,0.0,0.0,0.0,1.2481221,0.62406105,0.0,0.0,0.0,0.0,144.21666,16.849648
33643,438538,Bence Babos,2209,Zalaegerszegi TE,1522,NB I,351,2026/2027,103,2004-02-12,False,,,,,188.0,229.84999,0.09835661649703979,0.19256245,1.9577987,0.39155972,0.39155972,0.019143626,0.39155972,0.39155972,0.0,0.0,1.1746793,1.1746793,5.4818363,6.656515,1.5662389,1.1746793,2.7409182,1.6153258,1.1486553,2.7639813,0.8,1.1746793,0.78311944,0.39155972,2.7409182,0.0,0.0,0.0,0.0,0.3333333333333333,0.39155972,14.879271,0.23809523809523808,0.2619047619047619,0.5,5.873396,0.2,0.26666666666666666,0.5333333333333333,0.4,0.7380952380952381,0.2,0.39155972,0.0,0.0,0.0,0.0,0.39155972,0.33532313,0.33532313,0.22877473,0.22877473,0.019143626,0.0,0.85637796,0.85637796,0.5842652,0.5842652,0.01451488,0.01451488,0.0099027995,0.0099027995,Left Centre Forward,Right Midfielder,0.0,0.78311944,8.614314,14.879271,3.1324778,4.698717,0.0,0.0,0.05154639175257732,1.1746793,1.1746793,0.0,0.0,0.0,0.0,0.0,0.0,0.0,,0.25,0.8,0.11904761904761904,16.165238153366815,14.940968175088205,13.233999252319336,15.530000686645508,0.0,0.0,,0.0,0.0,0.071428575,0.30952382,0.0,0.14722222,6,38.30833,2.0752666,0.0,0.0,0.21170609,0.17985363,2.3493586,0.0,1.1746793,1.0,0.0,,0.92426527,1.1734927,0.061904762,-2.9312384,17.620188,0.75555557,7.94879,0.5,1.9577987,0.0,0.0,0.0,0.0,13.159693,5.4818363,0.39155972,2,55.311604,8.614314,0.78311944,0.57894737,0.4,54.797215,62.41722,2026-08-29T15:00,2.5538888,-0.1193372,-0.05706184,-0.111985736,0.019993681,0.029716702,,0.78311944,2.7409182,0.05181913,0.0,0.0,0.78311944,3.806,3.5417392,3.2805882,0.06666667,0.6666667,0.2,0.04347826,0.6956522,0.17391305,0.0,0.7058824,0.1764706,2.4062383,1.604159,0.6666667,0.8020795,0.6666667,0.8020795,1.0,1.2031192,0.8020795,0.014141915,0.011584605,0.012708775,0.22222222,0.15789473,0.15384616,8.020795,5.213516,4.411437,5.6866665,2.31,2.31,0.40103975,0.0,0.0,4.8124766,3.208318,2.4062383,1.2031192,0.40103975,0.40103975,4.0800595,2.79125,2.8247223,0.0,0.0,0.0,1.2031192,0.40103975,0.40103975,0.8020795,0.0,0.0,224.41667,17.228628
33643,404968,Bence András Kiss,2209,Zalaegerszegi TE,1522,NB I,351,2026/2027,103,1999-07-01,False,,,Bence Kiss,75.0,178.0,417.69998,0.037014578779538475,0.023926111,0.64639693,0.0,0.0,0.15600583,1.2927939,1.2927939,0.0,0.43093133,1.0773283,1.0773283,0.86186266,1.9391909,2.3701222,0.21546566,2.5855877,2.3060982,0.20555145,2.5116496,0.6875,1.9391909,0.86186266,1.0773283,3.8783817,0.9411764705882353,3.4474506,0.03125,0.21546566,0.2,0.21546566,38.783817,0.18716577540106952,0.12299465240641712,0.6898395721925134,13.789803,0.21875,0.078125,0.703125,0.0,0.839572192513369,0.0,0.0,0.0,0.0,0.0,0.10201539,0.21546566,0.5707325,0.5707325,0.51299363,0.5075676,0.15600583,0.0,2.6488326,2.6488326,2.3808603,2.3556776,0.016250506,0.016250506,0.014606505,0.014452009,Right Midfielder,Right Centre Forward,0.43093133,3.4474506,8.618627,14.220733,1.9391909,4.3093133,0.0,0.0,0.005376344086021506,7.1103663,0.64639693,0.0,0.0,0.0,0.0,0.0,0.0,0.0,,0.12162162162162163,0.72,0.13368983957219252,17.198128603358956,17.166242660230893,15.998798370361328,16.872777938842773,0.0,0.0,,0.0,0.0,0.069518715,0.171123,0.0,0.41706926,6,69.61666,5.5805597,0.0,0.0,0.17993197,-0.17993195,1.9391909,0.86186266,2.8010535,0.6923077,0.0,,0.99814594,1.0546278,-0.11957219,-1.1993297,42.015804,0.8717949,5.9636874,0.5,3.2319849,0.0,0.0,0.0,0.0,13.628013,5.3866415,0.64639693,5,46.945934,6.4639697,2.1546566,0.45454547,0.6666667,46.177723,55.746292,2026-08-29T15:00,4.641111,-0.0029811885,0.061412893,-0.015384961,-0.10925983,0.060250707,,0.43093133,4.95571,0.0,0.0,0.0,2.1546566,5.2752934,4.7164793,4.243704,0.08421053,0.7894737,0.4526316,0.033333335,0.75,0.4,0.0,0.7777778,0.33333334,6.789037,3.801861,0.56,2.9871764,0.64705884,0.54312295,0.6666667,4.616545,0.81468445,0.061610702,0.062285073,0.02899101,0.21186441,0.25373134,0.12,5.974353,4.3449836,2.9871764,4.118,4.377143,2.06,0.27156147,0.0,0.0,3.2587378,2.1724918,1.6293689,2.1724918,1.0862459,0.81468445,5.2806945,3.89625,4.1794443,0.0,0.0,0.0,2.715615,1.9009305,0.27156147,0.81468445,0.54312295,0.0,331.41666,17.452719
33643,438528,Bence Gundel-Takács,2209,Zalaegerszegi TE,1522,NB I,351,2026/2027,103,1998-04-06,False,,,,80.0,200.0,586.7,,0.0,0.0,0.0,0.15340038,0.038384877,0.15340038,0.15340038,0.15340038,0.15340038,0.0,0.0,0.0,0.0,0.0,0.0,0.0,0.0,0.0,0.0,,0.0,0.0,0.0,0.0,0.45652173913043476,6.442816,0.0,0.15340038,,0.0,22.856655,0.4481132075471698,0.0,0.5518867924528302,0.4602011,1.0,0.0,0.0,,0.75,,0.0,0.0,,0.0,0.177755,0.0,0.17619415,0.13182275,0.13780926,0.09343788,0.038384877,0.15340038,1.1485901,0.8593379,0.8983633,0.6091112,0.005317547,0.0039784163,0.004159089,0.0028199593,Goalkeeper,,1.9942048,12.27203,0.0,0.15340038,0.0,0.15340038,,0.0,0.0,0.9204022,0.15340038,13.345833,2.1476052,1.4136233,1.9768132,0.5483870967741935,0.5843023792389901,-0.17079194,-0.0359152824647965,0.5984251968503937,0.6896551724137931,0.13679245283018868,39.015468381485846,30.196350481525158,34.65793228149414,24.4945011138916,4.7554116,1.9768132,0.3563218390804598,1.9582986,-0.018889438,0.0754717,0.28301886,14.20609,0.074455895,6,97.78333,0.9971024,0.0,0.0,0.038384877,0.1150155,0.15340038,0.0,0.0,,0.0,,0.77395844,0.7067502,-0.060344826,-4.357537,20.555649,1.0,5.4208903,,0.0,0.0,0.0,0.0,0.15340038,0.14634196,9.204022,0.0,6,16.3125,0.0,0.0,0.0,,3.0785728,10.337989,2026-08-29T15:00,6.518889,-0.082679115,0.08534951,,-0.00040930888,0.09324486,-0.2608642,0.0,4.7554116,0.0,0.30680075,0.15340038,0.0,14.034116,,,0.71153843,0.9807692,0.9423077,,,,,,,4.0408163,1.1020408,0.27272728,0.0,,0.0,,0.0,0.0,0.020805825,,,0.33333334,,,0.0,0.0,0.0,6.355,,,0.0,0.0,0.0,0.0,0.0,0.0,0.0,0.0,0.0,,,,0.18367346,0.0,0.0,0.7346938,0.0,0.0,0.3673469,0.0,0.0,490.0,0.15340038
33643,567244,Tamás Somogyi,1034,Honvéd,1522,NB I,351,2026/2027,103,2009-08-19,False,,,,,,404.8,0.052818481411252706,0.08220267,1.5563241,0.22233202,0.44466403,0.09239787,1.5563241,1.5563241,0.22233202,0.0,1.7786561,1.5563241,1.5563241,3.1126482,3.5573123,0.22233202,3.7796443,2.6246607,0.0636799,2.6883404,0.8,0.88932806,1.1116601,0.88932806,1.7786561,0.6363636363636364,1.5563241,0.017241379310344827,0.66699606,0.3333333333333333,0.44466403,27.569172,0.17692307692307693,0.11538461538461539,0.7076923076923077,9.560277,0.20930232558139536,0.06976744186046512,0.7209302325581395,0.5714285714285714,0.7769230769230769,0.14285714285714285,0.22233202,0.44466403,0.5,0.0,0.4582858,0.22233202,0.3478062,0.3478062,0.26460707,0.26460707,0.09239787,0.22233202,1.5643549,1.5643549,1.1901437,1.1901437,0.010224542,0.010224542,0.007778717,0.007778717,Centre Attacking Midfielder,Right Wing,1.1116601,2.0009882,13.562253,20.232214,2.2233202,6.892293,0.125,0.0,0.029535864978902954,5.3359685,1.1116601,0.0,0.0,0.0,0.0,0.0,0.0,0.0,,0.13541666666666666,0.7916666666666666,0.18461538461538463,19.191847581129807,19.14881217125619,17.8266658782959,16.14789390563965,0.0,0.0,,0.0,0.0,0.07692308,0.21538462,0.0,0.2792297,5,80.96,4.51334,0.0,0.0,0.17460054,0.2700635,3.1126482,0.44466403,1.3339921,0.6666667,0.22233202,,0.9977576,0.90582806,0.01474359,-1.3651811,25.34585,0.8596491,4.853696,0.2,4.0019765,0.0,0.0,0.0,0.0,16.319069,8.003953,2.2233202,5,44.664696,8.003953,2.0009882,0.3956044,0.5,43.251705,58.180626,2026-08-29T15:00,4.4977775,0.27620363,0.102939606,0.103115454,0.05283565,0.01731293,,0.22233202,10.227273,0.2860198,0.0,0.0,5.7806325,3.9725897,3.6561863,3.3404286,0.027027028,0.6756757,0.27027026,0.0,0.66071427,0.21428572,0.0,0.625,0.20833333,4.8913045,2.8903162,0.59090906,2.0009882,0.5625,0.88932806,0.5714286,3.5573123,1.5563241,0.058676723,0.050780028,0.03647495,0.19298245,0.22857143,0.29166666,5.3359685,4.4466405,2.0009882,5.5933332,7.37,9.8,0.0,0.0,0.0,3.3349802,2.8903162,1.3339921,0.66699606,0.66699606,0.44466403,3.2689588,3.7020514,3.7036111,0.0,0.0,0.0,0.66699606,0.44466403,0.22233202,0.22233202,0.22233202,0.22233202,404.8,24.901186
33643,565815,Zoltán Medgyes,1034,Honvéd,1522,NB I,351,2026/2027,103,1995-07-23,False,,,,,170.0,98.066666,0.036286644637584686,0.06660363,1.835486,0.0,0.0,0.033633176,0.917743,0.917743,0.0,0.0,2.7532291,2.7532291,2.7532291,5.5064583,1.835486,0.917743,2.7532291,0.96458757,0.26285815,1.2274457,1.0,0.917743,1.835486,0.0,2.7532291,0.8,3.670972,0.0,1.835486,0.75,2.7532291,28.450035,0.1935483870967742,0.12903225806451613,0.6774193548387096,11.93066,0.07692307692307693,0.07692307692307693,0.8461538461538461,0.0,0.6451612903225806,0.0,0.0,0.917743,0.3333333333333333,0.0,1.8015634,0.0,0.24300222,0.24300222,0.24300222,0.24300222,0.033633176,0.0,0.26478243,0.26478243,0.26478243,0.26478243,0.0075652124,0.0075652124,0.0075652124,0.0075652124,Left Wing,Centre Attacking Midfielder,1.835486,4.588715,5.5064583,12.848402,3.670972,3.670972,0.3333333333333333,0.0,0.03225806451612903,3.670972,2.7532291,0.0,0.0,0.0,0.0,0.0,0.0,0.0,,0.21052631578947367,0.5,0.45161290322580644,18.496454054309474,21.2375,15.308571815490723,19.977142333984375,0.0,0.0,,0.0,0.0,0.09677419,0.41935483,0.0,0.18971062,4,24.516666,5.414684,0.0,0.0,0.10023681,-0.10023681,2.7532291,0.917743,1.835486,0.5,0.0,,1.148193,1.3049644,-0.14516129,-3.1878822,27.532291,0.8,7.7125354,,4.588715,0.0,0.0,0.0,0.0,10.773738,3.670972,1.835486,0,52.572372,7.341944,4.588715,0.5714286,1.0,47.572845,70.83671,2026-08-14T15:30,1.0896297,-0.04893164,-0.0073935715,-0.08198095,0.0008392282,0.039603643,,0.917743,5.5064583,0.0,0.0,0.0,2.7532291,2.9372222,3.2210884,3.3926668,0.0,0.5185185,0.22222222,0.0,0.52380955,0.2857143,0.0,0.6,0.33333334,4.588715,2.7532291,0.6,1.835486,0.5,1.835486,0.6666667,3.670972,2.7532291,-0.006670465,-0.006210201,-0.00218181,0.20833333,0.22222222,0.23076923,17.437117,13.766146,9.17743,,,,0.0,0.0,0.0,7.341944,5.5064583,3.670972,1.835486,1.835486,0.917743,2.5370834,2.7274444,2.48225,0.0,0.0,0.0,0.0,0.0,0.0,0.0,0.0,0.0,98.066666,14.683888
33643,565811,Ádám Somogyi,1034,Honvéd,1522,NB I,351,2026/2027,103,2007-11-23,False,,,,,188.0,480.73334,0.04164663950602213,0.0701715,1.6849258,0.18721397,0.18721397,0.046252776,0.9360699,0.9360699,0.0,0.18721397,0.9360699,0.9360699,1.6849258,2.6209955,3.5570655,0.18721397,3.7442796,2.6874535,0.12650351,2.8139567,0.6551724137931034,0.56164193,0.7488559,1.8721398,1.4977118,0.6666666666666666,4.8675632,0.014492753623188406,2.4337816,0.4444444444444444,0.7488559,35.945084,0.24242424242424243,0.050505050505050504,0.7070707070707071,7.862987,0.30952380952380953,0.0,0.6904761904761905,0.4444444444444444,0.7878787878787878,0.1111111111111111,0.18721397,0.37442794,1.0,0.0,2.044371,0.37442794,0.45548767,0.44370157,0.42011234,0.4083263,0.046252776,0.0,2.4329789,2.3700237,2.2440224,2.1810675,0.011422436,0.011126872,0.010535317,0.010239753,Right Defensive Midfielder,Left Defensive Midfielder,3.3698516,6.365275,11.232839,19.28304,1.3104978,6.739703,0.2,0.0,0.019178082191780823,5.803633,0.37442794,0.0,0.0,0.0,0.0,0.0,0.0,0.0,,0.0763888888888889,0.76,0.12626262626262627,22.93252594302399,22.26019287109375,23.123201370239258,23.509475708007812,0.0,0.0,,0.0,0.0,0.1010101,0.26262626,0.0,0.27604166,5,96.14667,4.96117,0.0,0.0,0.11642427,0.0707897,2.6209955,0.56164193,1.1232839,0.5,0.0,,0.97068214,1.016705,-0.027878787,0.19067474,32.575233,0.9195402,4.7283716,0.09090909,5.241991,0.0,0.0,0.0,0.0,16.56914,8.986271,2.2465677,5,41.853058,6.739703,3.1826375,0.34951457,0.60714287,39.95532,48.568916,2026-08-29T15:00,5.3414817,0.12936215,0.04643823,-0.038234066,0.08728764,0.033870377,,0.37442794,9.7351265,0.021199176,0.0,0.0,4.1187077,6.3739195,5.668107,4.438261,0.14516129,0.86290324,0.57258064,0.10344828,0.82758623,0.5344828,0.04347826,0.73913044,0.39130434,11.607266,7.301345,0.62903225,4.3059216,0.7419355,1.1232839,0.6666667,5.803633,1.6849258,0.05800746,0.048859026,0.014746694,0.3502825,0.46268657,0.5,1.8721398,0.9360699,0.56164193,5.1412,4.3945456,3.27,0.0,0.0,0.0,1.3104978,0.56164193,0.18721397,0.37442794,0.18721397,0.18721397,4.2842855,4.78,7.94,0.56164193,0.18721397,0.0,4.6803493,2.0593538,0.56164193,1.6849258,0.56164193,0.18721397,480.73334,23.58896
33643,57127,Dominik Zoltán Csontos,1034,Honvéd,1522,NB I,351,2026/2027,103,2002-11-08,False,,,,68.0,185.0,491.33334,0.02021167054772377,0.0148090925,0.7327001,0.36635005,0.18317503,0.22150178,3.1139755,0.91587514,0.18317503,0.18317503,4.762551,1.0990502,0.7327001,1.8317503,0.7327001,0.91587514,1.6485753,0.41375148,0.6414074,1.0551589,0.6666666666666666,0.18317503,0.7327001,0.36635005,0.5495251,0.6538461538461539,9.341927,0.02857142857142857,3.8466756,0.5555555555555556,0.91587514,44.145184,0.18275862068965518,0.07586206896551724,0.7413793103448276,6.7774763,0.1891891891891892,0.02702702702702703,0.7837837837837838,0.5,0.8241379310344827,0.0,0.0,0.7327001,0.4444444444444444,0.0,2.381629,0.0,0.98334527,0.39776078,0.5390391,0.38504598,0.07244063,0.18317503,5.3683367,2.1714792,2.9427543,2.1020658,0.021135183,0.0085491305,0.011585646,0.00827585,Left Defensive Midfielder,Left Centre Back,4.5793757,13.554953,4.5793757,6.227951,0.5495251,1.8317503,0.11538461538461539,0.14906117,0.006342494714587738,4.5793757,0.91587514,0.0,0.0,0.0,0.0,0.0,0.0,0.0,,0.8427947598253275,0.78125,0.1103448275862069,26.81992860991379,24.761967998169457,20.939998626708984,20.072399139404297,0.0,0.0,,0.0,0.0,0.062068965,0.17586207,0.0,0.49587628,5,98.26667,8.810719,0.0,2.1981003,0.23631088,-0.053135853,3.8466756,0.0,0.18317503,1.0,3.6635005,1.0,0.9232675,0.9585674,-0.04288793,-5.87993,37.73406,0.97572815,3.7452867,0.0,2.1981003,0.36635005,0.0,0.0,0.18317503,5.0136585,2.7476254,0.5495251,5,45.6863,2.5644505,1.0990502,0.4117647,0.5,33.2696,49.61967,2026-08-29T15:00,5.4592595,0.14257589,0.2882399,-0.021083409,-0.16179177,0.03721108,,0.0,11.173677,0.0021310207,0.0,0.0,4.3962007,8.1383,6.3814197,4.705,0.35664335,0.86013985,0.6083916,0.19298245,0.84210527,0.4385965,0.125,0.8125,0.25,7.6933513,4.945726,0.64285713,1.8317503,0.71428573,1.0990502,0.42857143,2.5644505,2.5644505,0.10181165,0.071854115,0.0592227,0.1971831,0.24561404,0.7368421,1.8317503,1.0990502,0.5495251,5.3711767,5.31875,6.132,0.0,0.0,0.0,0.91587514,0.5495251,0.36635005,0.18317503,0.0,0.0,3.6866667,3.7333333,3.26,0.0,0.0,0.0,3.1139755,1.4654002,0.91587514,1.4654002,0.7327001,0.5495251,491.33334,7.6933513
33643,477848,Ádám Gábor Zubor,2207,MTK Budapest,1522,NB I,351,2026/2027,103,2008-03-14,False,,,,,,121.183334,0.0715436115860939,0.05313375,0.7426764,0.0,0.0,0.0098450435,0.7426764,0.7426764,0.0,0.0,0.7426764,0.7426764,2.9707055,3.713382,0.7426764,0.7426764,1.4853528,0.69722617,0.82009697,1.5173231,0.5,0.7426764,1.4853528,0.7426764,1.4853528,0.5,0.7426764,0.0,0.0,0.3333333333333333,0.7426764,21.537615,0.10344827586206896,0.10344827586206896,0.7931034482758621,8.16944,0.0,0.18181818181818182,0.8181818181818182,1.0,0.7241379310344828,0.0,0.0,0.0,,0.0,0.0,0.0,0.16584489,0.16584489,0.10286609,0.10286609,0.0098450435,0.0,0.22330707,0.22330707,0.13850729,0.13850729,0.0063802022,0.0063802022,0.003957351,0.003957351,Centre Attacking Midfielder,Centre Forward,0.0,1.4853528,10.3974695,17.824234,2.9707055,5.1987348,0.0,0.0,0.017543859649122806,0.7426764,0.0,0.0,0.0,0.0,0.0,0.0,0.0,0.0,,0.6666666666666666,0.4,0.3448275862068966,12.995517073006466,13.314286004929315,7.461999416351318,6.662500381469727,0.0,0.0,,0.0,0.0,0.06896552,0.27586207,0.0,0.097087376,3,40.394444,1.4853528,0.0,0.0,0.0629788,-0.0629788,1.4853528,0.0,0.7426764,1.0,0.0,,1.0245291,0.89285725,-0.32413793,-5.5335174,20.052261,0.8518519,3.3394969,0.0,4.4560585,0.7426764,0.0,0.0,0.0,17.021519,5.941411,2.9707055,2,59.69618,12.625499,2.9707055,0.7083333,0.6666667,59.5515,63.141922,2026-08-28T18:00,1.3464814,-0.15163699,-0.06864466,-0.023330357,0.019026281,-0.07868825,,0.7426764,5.1987348,0.024780415,0.0,0.0,2.9707055,3.3018181,3.2370589,3.4233334,0.0,0.6363636,0.27272728,0.0,0.64705884,0.23529412,0.0,0.6666667,0.22222222,4.4560585,2.2280293,0.5,2.2280293,0.6,1.4853528,0.5,3.713382,2.9707055,-0.00661995,-0.0033531717,0.0013769302,0.22222222,0.25,0.5,5.941411,5.941411,3.713382,2.56,2.56,2.56,0.0,0.0,0.0,2.9707055,2.9707055,2.2280293,2.2280293,2.2280293,1.4853528,3.51,3.51,3.8666666,0.0,0.0,0.0,1.4853528,1.4853528,1.4853528,0.0,0.0,0.0,121.183334,20.052261
33643,404290,Patrik Kovács,2207,MTK Budapest,1522,NB I,351,2026/2027,103,2005-02-09,False,,,,,188.0,497.4,0.05188474804162979,0.03755229,0.7237636,0.0,0.0,0.11125275,1.2665863,1.0856454,0.0,0.3618818,2.7141135,2.5331726,2.5331726,5.066345,1.0856454,0.3618818,1.4475272,1.4222208,0.4175956,1.8398166,0.8571428571428571,1.2665863,1.0856454,0.1809409,1.2665863,0.5471698113207547,5.247286,0.027777777777777776,1.2665863,0.5,0.9047045,40.53076,0.2779783393501805,0.12274368231046931,0.5992779783393501,9.770808,0.2777777777777778,0.1111111111111111,0.6111111111111112,0.25,0.7545126353790613,0.0,0.0,1.0856454,0.42857142857142855,0.0,1.4408745,0.3618818,0.7342422,0.72698796,0.65080196,0.65080196,0.10399845,0.0,4.057912,4.01782,3.5967653,3.5967653,0.017491,0.01731819,0.0155032985,0.0155032985,Left Back,Left Wing Back,2.7141135,8.142341,3.7997587,6.8757544,1.809409,3.0759952,0.26666666666666666,0.007254294,0.0091324200913242,4.885404,1.4475272,0.0,0.0,0.0,0.0,0.0,0.0,0.0,,0.779874213836478,0.75,0.1588447653429603,21.190218157716608,19.953732431220097,19.521818161010742,20.125152587890625,0.0,0.0,,0.0,0.0,0.11191336,0.28158844,0.0,0.38385096,5,99.479996,5.5910735,0.0,0.1809409,0.14880502,-0.14880502,1.9903498,0.7237636,1.9903498,0.6363636,0.1809409,,0.9416483,1.0309056,-0.0045126355,-1.6684009,36.007236,0.919598,4.7079725,0.0,2.3522315,0.3618818,0.0,0.0,0.0,7.622135,4.704463,1.2665863,5,38.27316,2.1712909,1.2665863,0.31578946,0.53846157,35.80247,50.72144,2026-08-22T15:30,5.5266666,0.2232071,0.20114891,-0.02464438,-0.011217039,0.0579196,,0.1809409,9.589868,0.008754347,0.0,0.0,3.618818,7.061531,6.548923,5.6123686,0.22727273,0.8454546,0.6454545,0.2,0.8153846,0.61538464,0.13157895,0.7631579,0.5,8.535064,4.716746,0.55263156,2.91989,0.5652174,1.5722486,0.4375,5.1659594,3.593711,0.082109645,0.0768994,0.058004044,0.26206896,0.2987013,0.43243244,2.91989,2.91989,2.2460692,4.509286,4.571111,5.2625,0.22460693,0.22460693,0.0,1.5722486,1.5722486,1.1230346,1.1230346,1.1230346,0.6738208,6.4115953,6.4115953,3.8646667,0.0,0.0,0.0,3.1444972,2.0214624,0.8984277,1.3476416,0.8984277,0.44921386,400.7,9.047045
33643,484091,Krisztián László,2207,MTK Budapest,1522,NB I,351,2026/2027,103,2007-03-23,False,,,,,173.0,159.85,0.03894339129328728,0.043852426,1.1260556,0.0,0.0,0.0,0.0,0.0,0.0,0.0,0.5630278,0.5630278,2.815139,3.378167,1.6890835,0.0,1.6890835,1.7181242,0.0,1.7181242,0.75,1.1260556,1.1260556,0.5630278,1.6890835,0.75,1.6890835,0.0,0.5630278,0.6666666666666666,1.1260556,16.327806,0.06451612903225806,0.3225806451612903,0.6129032258064516,4.5042224,0.0,0.25,0.75,0.0,0.7419354838709677,0.0,0.0,0.0,0.0,0.0,0.7708467,0.0,0.5541507,0.5541507,0.5541507,0.5379219,0.0,0.0,0.98423326,0.98423326,0.98423326,0.9554091,0.025900876,0.025900876,0.025900876,0.025142346,Centre Attacking Midfielder,Left Wing,1.6890835,1.1260556,11.823584,18.579918,2.2521112,4.5042224,0.0,0.0,0.015625,1.6890835,2.2521112,0.0,0.0,0.0,0.0,0.0,0.0,0.0,,0.19047619047619047,0.5555555555555556,0.2903225806451613,19.38612808719758,18.8565209430197,22.123332977294922,21.645999908447266,0.0,0.0,,0.0,0.0,0.06451613,0.22580644,0.0,0.31791908,3,53.283337,3.096653,0.0,0.0,0.043852426,-0.043852426,1.1260556,1.6890835,2.815139,0.4,0.0,,0.9726811,0.978424,-0.18637992,2.7372053,18.01689,0.78125,4.932211,0.5,3.9411948,0.5630278,0.0,0.0,0.0,21.518112,6.193306,1.6890835,3,55.18155,11.823584,1.1260556,0.6363636,0.2857143,53.40858,61.276703,2026-08-07T15:30,1.7761111,-0.069232486,-0.011047439,-0.06194273,0.01810926,-0.0143515775,,0.5630278,3.9411948,0.0,0.0,0.0,2.815139,4.1494117,4.1925,5.7033334,0.0,0.7647059,0.3529412,0.0,0.6666667,0.41666666,0.0,0.6666667,0.6666667,0.8928571,0.0,0.0,0.0,0.0,0.0,,0.8928571,0.0,0.018660447,0.018660447,,0.0625,0.11111111,0.0,7.1428566,5.3571424,0.0,,,,0.0,0.0,0.0,4.4642854,2.6785712,0.0,2.6785712,1.7857141,0.0,4.3910003,3.7655556,,0.0,0.0,0.0,0.0,0.0,0.0,0.0,0.0,0.0,100.8,21.395058
33643,404232,Milán Gábor Klausz,2207,MTK Budapest,1522,NB I,351,2026/2027,103,2005-02-24,False,,,Milán Gábor,,188.0,151.01666,0.20037617683410644,0.59708166,2.9798038,0.59596074,0.59596074,0.24385986,1.7878822,1.7878822,0.0,0.0,0.0,0.0,8.343451,8.343451,1.1919215,0.0,1.1919215,1.5784421,0.0,1.5784421,1.0,0.0,1.1919215,0.0,1.1919215,,0.0,0.0,0.0,0.8571428571428571,3.5757644,25.03035,0.046511627906976744,0.11627906976744186,0.8372093023255814,7.7474895,0.07692307692307693,0.15384615384615385,0.7692307692307693,0.2,0.6511627906976745,0.2,0.59596074,0.59596074,0.5,0.0,0.0,1.7878822,1.0356299,1.0356299,0.6950823,0.6950823,0.24385986,0.0,1.7377484,1.7377484,1.1663224,1.1663224,0.03475497,0.03475497,0.023326447,0.023326447,Centre Forward,Right Centre Forward,0.0,0.0,9.535372,22.646507,1.1919215,4.767686,,0.0,0.03488372093023256,1.7878822,2.383843,0.0,0.0,0.0,0.0,0.0,0.0,0.0,,0.6923076923076923,0.6363636363636364,0.2558139534883721,14.821161314498546,15.441429138183594,17.029998779296875,20.369998931884766,0.0,0.0,,0.0,0.0,0.11627907,0.39534885,0.0,0.25179857,4,37.754166,4.1717253,0.0,0.0,0.8409416,-0.24498081,4.767686,0.59596074,0.59596074,0.0,0.0,,1.0418502,1.1961246,-0.014799154,2.2088375,20.262665,0.88235295,4.0414424,,5.3636465,0.0,0.0,0.0,0.0,27.06905,5.3636465,1.7878822,1,71.58615,20.262665,5.3636465,0.8947368,1.0,70.36942,63.85772,2026-08-15T14:30,1.6779629,-0.016818224,-0.20701905,-0.03574022,0.028260598,0.19768041,,1.7878822,2.9798038,0.40801743,0.0,0.0,2.9798038,2.6905947,2.8466935,3.0259376,0.0,0.5135135,0.10810811,0.0,0.5483871,0.12903225,0.0,0.6875,0.125,4.2732787,2.1366394,0.5,1.4244263,0.4,0.71221316,0.33333334,3.5610657,2.1366394,-0.04613932,-0.04918782,-0.05245142,0.15384616,0.1724138,0.1875,18.517542,16.380901,9.258771,4.1949997,4.1949997,2.31,0.0,0.0,0.0,9.9709835,9.258771,6.4099183,1.4244263,1.4244263,0.71221316,2.6152678,2.7638242,2.9212964,0.0,0.0,0.0,1.4244263,1.4244263,0.71221316,0.71221316,0.71221316,0.0,126.36667,24.434391
33643,404969,Soma Szuhodovszki,2207,MTK Budapest,1522,NB I,351,2026/2027,103,1999-12-30,False,,,,,182.0,19.3,0.029035594314336777,0.13539915,4.6632123,0.0,0.0,0.0,0.0,0.0,0.0,0.0,0.0,0.0,0.0,0.0,9.326425,4.6632123,13.989637,4.392587,2.1962936,6.5888805,1.0,4.6632123,4.6632123,0.0,4.6632123,1.0,9.326425,0.0,0.0,,0.0,37.3057,0.125,0.125,0.75,13.989637,0.0,0.0,1.0,0.0,0.75,0.0,0.0,0.0,,0.0,0.0,0.0,0.8276131,0.8276131,0.8276131,0.8276131,0.0,0.0,0.17747703,0.17747703,0.17747703,0.17747703,0.016134275,0.016134275,0.016134275,0.016134275,Right Defensive Midfielder,,0.0,9.326425,4.6632123,13.989637,0.0,0.0,,0.0,0.0,9.326425,0.0,0.0,0.0,0.0,0.0,0.0,0.0,0.0,,0.8333333333333334,1.0,0.125,20.099998474121094,22.214998881022137,9.279999732971191,9.279999732971191,0.0,0.0,,0.0,0.0,0.125,0.125,0.0,0.45454544,1,19.3,9.326425,0.0,0.0,0.13539915,-0.13539915,4.6632123,0.0,4.6632123,1.0,0.0,,1.1052239,1.0,0.25,-10.819999,41.968914,0.8888889,5.5170035,,4.6632123,0.0,0.0,0.0,0.0,6.5888805,0.0,0.0,0,61.065475,9.326425,0.0,0.6666667,0.0,57.833572,54.020237,2026-08-28T18:00,0.21444443,0.04125873,-0.035589196,-0.087591015,0.023474628,0.14096431,,0.0,9.326425,0.0,0.0,0.0,4.6632123,4.1,4.1,4.1,0.0,1.0,0.0,0.0,1.0,0.0,0.0,1.0,0.0,9.326425,9.326425,1.0,4.6632123,1.0,4.6632123,1.0,4.6632123,4.6632123,0.05575139,0.040700063,0.040700063,0.2857143,0.33333334,1.0,0.0,0.0,0.0,5.02,,,0.0,0.0,0.0,0.0,0.0,0.0,0.0,0.0,0.0,,,,0.0,0.0,0.0,4.6632123,0.0,0.0,4.6632123,0.0,0.0,19.3,27.979275
33643,40500,Mihály Kata,2207,MTK Budapest,1522,NB I,351,2026/2027,103,2002-04-13,False,,,,75.0,176.0,593.7167,0.032274484634399414,0.014677221,0.45476237,0.0,0.0,0.035935853,1.0611123,1.0611123,0.0,0.0,0.7579373,0.6063498,1.0611123,1.667462,4.092861,1.0611123,5.1539736,4.001458,1.100547,5.102005,0.84375,0.45476237,2.1222246,0.7579373,0.45476237,0.8260869565217391,5.7603235,0.03225806451612903,1.0611123,0.8333333333333334,0.7579373,47.295284,0.15088757396449703,0.12721893491124261,0.7218934911242604,9.701597,0.171875,0.03125,0.796875,0.6666666666666666,0.8846153846153846,0.0,0.0,0.15158746,1.0,0.0,1.0296459,0.0,0.8519045,0.7115444,0.69941217,0.6778208,0.035935853,0.0,5.619888,4.693953,4.6139183,4.4714837,0.019050468,0.015911706,0.0156404,0.015157572,Right Defensive Midfielder,Left Defensive Midfielder,2.4253993,5.6087356,11.36906,14.552396,0.90952474,6.215086,0.2,0.0,0.004942339373970346,6.669848,3.0317492,0.0,0.0,0.0,0.0,0.0,0.0,0.0,,0.17770034843205576,0.8059701492537313,0.19822485207100593,20.943667078864646,20.93652180445234,21.11850929260254,20.739625930786133,0.0,0.0,,0.0,0.0,0.09171598,0.17159763,0.0,0.379674,6,98.95278,6.002863,0.0,0.0,0.05061308,-0.05061308,1.5158746,0.3031749,0.7579373,0.6,0.15158746,0.0,0.9996588,0.9820592,-0.07864524,0.17484133,41.0802,0.9778598,5.583786,0.16666667,4.244449,0.15158746,0.0,0.0,0.0,14.21712,8.33731,2.4253993,6,42.03923,5.4571486,1.3642871,0.375,0.32142857,39.23598,46.186146,2026-08-28T18:00,6.596852,0.10115769,-0.008116882,-0.024692673,0.047995888,0.08597134,,0.3031749,9.853185,0.002334632,0.0,0.0,5.002386,6.2805767,5.272857,5.6544447,0.16783217,0.8881119,0.5314685,0.040816326,0.877551,0.48979592,0.055555556,0.9444444,0.44444445,7.9675393,5.7945747,0.72727275,2.3540459,0.65,0.72432184,0.5,3.6216087,1.4486437,0.04204752,0.027272077,0.015523822,0.20091324,0.25974026,0.2962963,3.0783677,1.2675631,0.72432184,4.8577275,5.252,2.185,0.36216092,0.0,0.0,2.5351262,0.9054022,0.72432184,1.0864826,0.5432413,0.36216092,4.4692144,4.731,4.9700003,0.18108046,0.0,0.0,3.9837697,1.8108044,0.36216092,1.4486437,0.9054022,0.0,497.01666,20.615894
33643,40491,Benedek Varju,2207,MTK Budapest,1522,NB I,351,2026/2027,103,2001-05-21,False,,,,78.0,181.0,528.8833,0.05562793016433716,0.047330987,0.85084933,0.0,0.0,0.15533039,1.5315288,1.191189,0.0,0.0,1.0210191,0.85084933,1.0210191,1.8718686,1.361359,1.361359,2.722718,1.6027086,1.5416645,3.1443732,0.8888888888888888,0.51050955,1.5315288,0.17016988,0.6806795,0.6333333333333333,3.2332273,0.03614457831325301,1.5315288,0.45454545454545453,0.85084933,33.353294,0.29069767441860467,0.06976744186046512,0.6395348837209303,7.997984,0.40425531914893614,0.02127659574468085,0.574468085106383,0.6,0.8023255813953488,0.0,0.0,0.17016988,0.3333333333333333,0.0,0.96015,0.0,0.59311104,0.4851425,0.5726905,0.47847217,0.14158012,0.0,3.485406,2.8509307,3.3654048,2.8117328,0.014110955,0.01154223,0.013625121,0.0113835335,Right Back,Right Wing Back,2.2122083,4.4244165,5.105096,7.1471343,0.51050955,2.552548,0.16666666666666666,0.013750254,0.00966183574879227,4.764756,2.382378,0.0,0.0,0.0,0.0,0.0,0.0,0.0,,0.24050632911392406,0.8974358974358975,0.1511627906976744,20.885891699975776,19.766232403004228,20.277179718017578,18.874284744262695,0.0,0.0,,0.0,0.0,0.13178295,0.2635659,0.0,0.3304253,6,88.14722,5.156147,0.0,0.34033975,0.20266137,-0.20266137,2.382378,0.0,0.51050955,1.0,0.17016988,,0.9463916,0.9308141,0.09511032,-0.60871226,26.5465,0.96794873,4.4644327,1.0,1.191189,0.0,0.0,0.0,0.0,7.523743,3.9139068,0.6806795,6,32.71834,1.5315288,0.34033975,0.21428572,0.2857143,30.952375,48.28672,2026-08-28T18:00,5.876481,0.24064523,0.1801376,-0.01981514,0.008716523,0.071606226,,0.0,10.040022,0.054866534,0.0,0.0,4.0840764,7.0901318,6.77575,3.8823078,0.22340426,0.87234044,0.5744681,0.175,0.9,0.525,0.0,0.7692308,0.30769232,9.282511,5.8520184,0.6304348,2.2197309,0.73333335,0.40358746,0.2857143,3.0269058,1.412556,0.052833706,0.026214015,0.003388902,0.32857144,0.29411766,0.33333334,1.8161435,1.0089686,0.8071749,5.356842,4.9125,4.12,0.0,0.0,0.0,1.6143498,1.0089686,0.8071749,0.40358746,0.20179373,0.20179373,4.0412498,3.576,3.5275,0.20179373,0.20179373,0.0,3.8340807,1.6143498,0.20179373,1.2107623,0.20179373,0.0,446.0,10.040022
33643,411565,Zalán Márk Kerezsi,2207,MTK Budapest,1522,NB I,351,2026/2027,103,2003-07-17,False,,,Zalán Kerezsi,,180.0,508.53333,0.1613459454642402,0.5139888,3.1856318,0.70791817,1.0618774,0.13524844,0.70791817,0.70791817,0.35395908,0.0,0.70791817,0.70791817,5.840325,6.548243,1.2388569,0.0,1.2388569,1.3314447,0.0,1.3314447,0.7777777777777778,0.35395908,0.5309387,0.35395908,1.2388569,0.625,0.8848977,0.012048192771084338,0.5309387,0.3076923076923077,0.70791817,15.043262,0.15555555555555556,0.2222222222222222,0.6222222222222222,4.2475095,0.16666666666666666,0.20833333333333334,0.625,0.5,0.6888888888888889,0.2222222222222222,0.70791817,0.5309387,0.375,0.17697954,0.5959488,0.5309387,0.85961133,0.85961133,0.31201535,0.31201535,0.13524844,0.35395908,4.8571224,4.8571224,1.7630022,1.7630022,0.03824506,0.03824506,0.013881907,0.013881907,Centre Forward,Left Wing,0.70791817,1.2388569,8.671998,16.813057,2.4777138,3.7165709,0.25,0.0,0.09045226130653267,1.5928159,2.4777138,0.0,0.0,0.0,0.0,0.0,0.0,0.0,,0.75,0.5416666666666666,0.26666666666666666,16.643888346354167,15.078225412676412,16.464582443237305,16.508460998535156,0.0,0.0,,0.0,0.0,0.08888889,0.3,0.0,0.15747127,6,84.755554,2.4246202,0.0,0.0,0.6492373,0.41264,3.8935502,0.5309387,0.8848977,0.4,0.0,,0.90593165,1.002665,-0.14722222,-0.17930527,15.92816,0.8333333,7.592667,0.6,3.1856318,0.0,0.0,0.0,0.0,16.100277,4.424489,1.4158363,6,62.272015,12.388568,2.8316727,0.7368421,0.8888889,60.7479,60.900185,2026-08-28T18:00,5.65037,0.39246798,0.031238735,0.22585066,-0.01532975,0.15070833,,0.8848977,3.8935502,0.5267245,0.0,0.0,2.4777138,3.920619,4.1223354,3.6706479,0.042857144,0.64285713,0.25714287,0.05172414,0.6896552,0.25862068,0.02631579,0.65789473,0.23684211,2.1144133,0.634324,0.3,0.634324,0.33333334,0.634324,0.5,1.902972,1.268648,0.024886077,0.025673492,0.028020576,0.1369863,0.19148937,0.18181819,8.03477,6.7661223,4.651709,4.465,4.465,4.465,0.42288265,0.42288265,0.21144132,5.286033,4.8631506,2.9601789,1.4800894,1.268648,0.634324,3.575911,3.7161422,3.1743367,0.0,0.0,0.0,0.42288265,0.42288265,0.42288265,0.21144132,0.21144132,0.21144132,425.65,18.582851
33643,419499,Ákos Markgráf,1033,Ujpest,1522,NB I,351,2026/2027,103,2005-06-30,False,,,,,186.0,99.46667,,0.0,0.0,0.0,0.0,0.0,0.0,0.0,0.0,0.0,0.0,0.0,0.0,0.0,0.0,0.9048257,0.9048257,0.0,1.0385193,1.0385193,0.0,0.0,0.9048257,0.9048257,0.9048257,0.6363636363636364,6.3337803,0.0,0.0,1.0,1.8096514,48.860588,0.2028985507246377,0.057971014492753624,0.7391304347826086,4.5241284,0.8,0.0,0.2,,0.7681159420289855,,0.0,0.0,,0.0,0.0,0.0,0.24487476,0.19578572,0.24487476,0.19578572,0.0,0.0,0.27063197,0.21637946,0.27063197,0.21637946,0.0049205814,0.003934172,0.0049205814,0.003934172,Left Back,,4.5241284,5.428954,4.5241284,7.2386055,0.9048257,4.5241284,,0.0,0.0,5.428954,4.5241284,0.0,0.0,0.0,0.0,0.0,0.0,0.0,,0.7631578947368421,0.5625,0.2318840579710145,22.602319689764492,22.67660349719929,23.22249984741211,23.904443740844727,0.0,0.0,,0.0,0.0,0.2753623,0.3188406,0.0,0.43137255,1,99.46667,3.9812334,0.0,0.0,0.0,0.0,0.0,0.9048257,0.9048257,0.0,0.0,,1.0032866,1.0293657,-0.20561594,0.62018013,42.52681,0.9574468,4.9452863,1.0,3.6193027,0.0,0.0,0.0,0.0,8.308154,7.2386055,1.8096514,1,37.7625,1.8096514,1.8096514,0.25,0.5,29.563787,42.512737,2026-07-24T18:00,1.1051852,0.1590988,0.0763322,,0.011151388,0.07161522,,0.0,14.477211,0.0,0.0,0.0,4.5241284,,,,,,,,,,,,,,,,,,,,,,,,,,,,,,,,,,,,,,,,,,,,,,,,,,,,,,,0.0,8.143432
33643,101832,Norbert Szendrei,1033,Ujpest,1522,NB I,351,2026/2027,103,2000-03-27,False,,,,73.0,183.0,41.383335,,0.0,0.0,0.0,0.0,0.0,0.0,0.0,0.0,0.0,0.0,0.0,2.1747885,2.1747885,0.0,0.0,0.0,0.0,0.0,0.0,,0.0,0.0,0.0,0.0,0.75,6.5243654,0.0,0.0,1.0,2.1747885,69.59323,0.21212121212121213,0.15151515151515152,0.6363636363636364,21.747885,0.4,0.3,0.3,,0.9393939393939394,,0.0,0.0,,0.0,0.0,0.0,0.0,0.0,0.0,0.0,0.0,0.0,0.0,0.0,0.0,0.0,0.0,0.0,0.0,0.0,,,0.0,8.699154,10.873942,15.223519,0.0,2.1747885,,0.0,0.0,10.873942,0.0,0.0,0.0,0.0,0.0,0.0,0.0,0.0,,0.06896551724137931,0.8333333333333334,0.18181818181818182,21.837574351917613,21.30806412235383,18.681665420532227,18.510000228881836,0.0,0.0,,0.0,0.0,0.09090909,0.121212125,0.0,0.050632913,1,41.383335,0.8699154,0.0,0.0,0.0,0.0,0.0,0.0,0.0,,0.0,,0.97575235,0.99081105,-0.10606061,-3.1559083,58.71929,1.0,5.0784364,,6.5243654,0.0,0.0,0.0,0.0,15.324647,2.1747885,0.0,0,53.833164,8.699154,6.5243654,0.5714286,1.0,60.428394,50.670128,2026-08-29T17:30,0.45981485,0.12670584,0.094937794,,-0.010458627,0.04222662,,0.0,6.5243654,0.0,0.0,0.0,2.1747885,6.8105264,6.615,3.6033332,0.31578946,0.94736844,0.5263158,0.2,1.0,0.6,0.0,1.0,0.33333334,17.398308,15.223519,0.875,13.048731,1.0,2.1747885,1.0,13.048731,2.1747885,0.08842652,0.10412823,0.02639547,0.2962963,0.46153846,0.5,4.349577,0.0,0.0,4.134,4.134,2.43,0.0,0.0,0.0,4.349577,0.0,0.0,0.0,0.0,0.0,2.355,,,0.0,0.0,0.0,10.873942,10.873942,2.1747885,2.1747885,2.1747885,0.0,41.383335,15.223519
33643,40039,Krisztofer Horváth,1033,Ujpest,1522,NB I,351,2026/2027,103,2002-01-08,False,,,,65.0,183.0,507.45,0.08362020944294177,0.28178254,3.3697898,0.35471472,0.5320721,0.17726834,1.9509311,1.4188589,0.17735736,0.35471472,1.9509311,1.7735736,5.143364,6.916938,1.2415016,0.17735736,1.4188589,1.196531,0.24218032,1.4387114,0.5384615384615384,1.2415016,0.5320721,1.0641443,2.8377178,0.5,2.3056457,0.0,0.17735736,0.4,0.70942944,32.811115,0.17587939698492464,0.12562814070351758,0.6984924623115578,10.641442,0.23333333333333334,0.06666666666666667,0.7,0.47368421052631576,0.6733668341708543,0.10526315789473684,0.35471472,0.5320721,0.21428571428571427,0.0,0.2196782,0.8867868,0.747056,0.72736907,0.2701747,0.2701747,0.16090493,0.17735736,4.2121506,4.1011496,1.5233352,1.5233352,0.019146139,0.01864159,0.006924251,0.006924251,Left Wing,Left Midfielder,0.8867868,3.9018621,5.143364,8.867868,2.8377178,2.1282885,0.09090909090909091,0.016363414,0.03768844221105527,5.320721,4.0792193,0.0,0.0,0.0,0.0,0.0,0.0,0.0,,0.1774193548387097,0.6666666666666666,0.19597989949748743,18.291957836055275,17.87238733092351,15.832051277160645,15.781922340393066,0.0,0.0,,0.0,0.0,0.09045226,0.2964824,0.0,0.29697624,6,84.575005,4.877327,0.0,0.5320721,0.4590509,0.07302121,5.320721,1.4188589,2.6603606,0.46666667,0.17735736,,0.9770626,0.9968337,-0.0067001674,-2.4599063,38.663906,0.8669725,5.6800075,0.5555556,2.6603606,0.0,0.0,0.0,0.0,9.4446945,2.4830031,0.70942944,5,54.482887,5.4980783,2.3056457,0.62,0.8666667,54.439774,61.87801,2026-08-29T17:30,5.6383333,0.3543231,0.01946109,0.16809669,0.005755668,0.16100967,,1.2415016,5.6754355,0.42551386,0.0,0.0,4.0792193,4.701078,4.763034,4.642217,0.072463766,0.8115942,0.39130434,0.082474224,0.7938144,0.41237113,0.019607844,0.8039216,0.4117647,8.500286,3.8637667,0.45454547,3.47739,0.47368422,2.1250715,0.44,7.3411565,4.829708,0.09377519,0.093816146,0.0878369,0.30769232,0.35849056,0.390625,6.95478,4.829708,2.7046366,4.1738462,4.0366664,4.21,0.38637665,0.38637665,0.0,4.829708,3.2842016,1.9318833,1.3523183,1.3523183,0.7727533,3.7545335,3.985972,3.6978333,0.0,0.0,0.0,2.5114484,2.3182602,1.5455066,0.57956505,0.38637665,0.38637665,465.86664,10.641442
33643,158733,Péter Szappanos,1033,Ujpest,1522,NB I,351,2026/2027,103,1990-11-14,False,,,,93.0,194.0,596.61664,,0.0,0.0,0.0,0.0,0.0,0.0,0.0,0.0,0.0,0.15085064,0.0,0.0,0.0,0.0,0.0,0.0,0.0,0.0,0.0,,0.0,0.0,0.0,0.0,0.42748091603053434,8.447636,0.0,0.0,0.0,0.0,24.136103,0.4911504424778761,0.0,0.5088495575221239,0.4525519,1.0,0.0,0.0,,0.6592920353982301,,0.0,0.0,,0.0,0.0,0.0,0.20555685,0.12718154,0.20555685,0.12718154,0.0,0.0,1.3626515,0.8430959,1.3626515,0.8430959,0.0059765414,0.003697789,0.0059765414,0.003697789,Goalkeeper,,3.1678636,16.59357,0.0,0.0,0.0,0.0,0.0,0.0,0.0,1.2068051,0.30170128,13.878259,1.3576558,1.1614311,1.2410526,0.6896551724137931,0.7163093172270676,-0.11660305,-0.026654144813274515,0.22131147540983606,0.6486486486486487,0.16371681415929204,45.59097587112832,33.12664180473993,42.00459289550781,34.72624969482422,4.3746686,1.2410526,0.31521739130434784,1.3767049,-0.036276147,0.053097345,0.27876106,24.757273,0.14796904,6,99.436104,2.3080146,0.0,0.0,0.0,0.0,0.0,0.0,0.0,,0.15085064,,0.72660524,0.82672507,-0.010643387,-3.5863833,21.57164,1.0,5.0351963,,0.0,0.0,0.0,0.0,0.30170128,0.0,9.352739,0.0,6,,0.0,0.0,,,2.3088799,11.051989,2026-08-29T17:30,6.6290736,0.09266568,0.1269997,,,0.06669742,-0.10103151,0.0,4.223818,0.0,0.15085064,0.0,0.0,17.271439,,,0.85294116,0.9705882,0.9558824,0.0,0.0,0.0,0.0,0.0,0.0,5.249924,1.2672231,0.2413793,0.0,,0.0,,0.0,0.0,0.03356064,,,0.31868133,,,0.18103187,0.18103187,0.18103187,7.536,,,0.0,0.0,0.0,0.0,0.0,0.0,0.0,0.0,0.0,,,,0.18103187,0.0,0.0,0.90515935,0.0,0.0,0.5430956,0.0,0.0,497.15002,0.0
33643,445486,Kristóf Sarkadi,1033,Ujpest,1522,NB I,351,2026/2027,103,2006-04-06,False,,,K.Sarkadi,,,180.81667,0.022595549002289772,0.022493495,0.99548346,0.0,0.0,0.046603173,0.49774173,0.49774173,0.0,0.0,0.49774173,0.49774173,0.0,0.49774173,2.4887085,0.0,2.4887085,3.0496352,0.0,3.0496352,0.5,0.49774173,0.49774173,2.4887085,1.4932251,0.5,1.9909669,0.0,1.4932251,,0.0,20.407412,0.2909090909090909,0.10909090909090909,0.6,2.4887085,0.2,0.2,0.6,0.0,0.7636363636363637,0.0,0.0,0.49774173,0.3333333333333333,0.0,1.3416287,0.0,0.5576967,0.14176117,0.5576967,0.14176117,0.046603173,0.0,1.120454,0.2848087,1.120454,0.2848087,0.018990746,0.004827266,0.018990746,0.004827266,Right Back,Left Back,1.9909669,3.4841921,9.954834,10.950318,0.0,3.9819338,1.0,0.0,0.0,1.9909669,0.99548346,0.0,0.0,0.0,0.0,0.0,0.0,0.0,,0.1724137931034483,0.0,0.05454545454545454,18.675636985085227,17.497857956659224,18.336668014526367,,0.0,0.0,,0.0,0.0,0.07272727,0.21818182,0.0,0.13661203,3,60.27222,2.4887085,0.0,0.0,0.06909666,-0.06909666,1.4932251,0.0,0.49774173,1.0,0.0,,0.936935,,-0.76363635,-0.33896962,18.914186,0.92105263,5.250291,0.42857143,0.49774173,0.0,0.0,0.0,0.49774173,10.53055,5.9729004,0.0,1,25.17106,0.99548346,0.0,0.09090909,0.0,23.68998,49.42931,2026-08-21T15:30,2.009074,0.11073949,0.046495594,-0.035918076,0.034088656,0.06607334,,0.0,8.46161,0.0,0.0,0.0,2.9864502,10.337143,10.636363,5.915,0.52380955,0.95238096,0.9047619,0.54545456,1.0,1.0,0.0,1.0,1.0,4.977417,2.9864502,0.6,1.4932251,0.5,0.0,0.0,2.9864502,0.49774173,0.012505744,0.00980043,-0.0066724042,0.27027026,0.375,0.25,0.0,0.0,0.0,3.565,3.5466666,,0.0,0.0,0.0,0.0,0.0,0.0,0.0,0.0,0.0,,,,0.0,0.0,0.0,1.9909669,1.4932251,0.0,0.0,0.0,0.0,180.81667,13.936769
33643,446356,Ábel György Krajcsovics,1033,Ujpest,1522,NB I,351,2026/2027,103,2004-08-17,False,,,,,181.0,320.81668,0.12017679214477539,0.20228209,1.6832042,0.0,0.0,0.08492803,0.8416021,0.8416021,0.0,0.0,0.56106806,0.56106806,5.330147,5.8912144,3.0858743,0.28053403,3.3664083,3.2339725,0.25128964,3.4852624,0.9166666666666666,1.1221361,2.5248065,0.28053403,1.4026701,0.5,1.1221361,0.018518518518518517,1.4026701,0.16666666666666666,0.28053403,24.967531,0.2,0.13333333333333333,0.6666666666666666,7.854953,0.17857142857142858,0.10714285714285714,0.7142857142857143,0.5,0.6444444444444445,0.0,0.0,0.28053403,0.3333333333333333,0.0,1.561058,1.1221361,0.44940162,0.44940162,0.24771634,0.24771634,0.08492803,0.0,1.6019503,1.6019503,0.883017,0.883017,0.013809917,0.013809917,0.0076122154,0.0076122154,Right Wing,Left Midfielder,1.9637382,1.6832042,6.1717486,9.257624,3.0858743,2.2442722,0.0,0.0,0.022099447513812154,2.8053403,2.8053403,0.0,0.0,0.0,0.0,0.0,0.0,0.0,,0.23214285714285715,0.5,0.15555555555555556,16.377113172743055,16.26672258048222,14.763571739196777,17.427143096923828,0.0,0.0,,0.0,0.0,0.07777778,0.2777778,0.0,0.33807832,6,53.469448,5.330147,0.0,0.0,0.28721014,-0.28721014,2.5248065,0.8416021,1.9637382,0.5714286,0.0,,0.99325943,1.1804152,-0.14444445,-1.6135416,27.211802,0.8556701,7.250202,0.5,3.0858743,0.28053403,0.0,0.0,0.0,9.596273,2.5248065,1.9637382,4,53.008682,4.4885445,1.9637382,0.4848485,0.6363636,47.80712,57.192883,2026-08-29T17:30,3.5646298,0.17525291,0.028125579,0.030690873,0.061542656,0.05489378,,0.28053403,5.8912144,0.07343878,0.0,0.0,3.0858743,4.4987097,4.757317,3.9576924,0.06451613,0.83870965,0.32258064,0.07317073,0.902439,0.34146342,0.0,0.88461536,0.23076923,6.1612573,3.0806286,0.5,1.7114604,0.45454547,1.3691683,0.5,3.7652125,2.7383366,0.059065636,0.058431223,0.03812945,0.25714287,0.2682927,0.2962963,7.530425,5.476673,3.7652125,3.762,3.79,2.58,0.68458414,0.68458414,0.0,7.1881337,5.476673,3.7652125,2.7383366,1.7114604,0.34229207,4.9306803,5.249375,3.6672728,0.0,0.0,0.0,1.7114604,0.68458414,0.34229207,0.68458414,0.34229207,0.0,262.93335,14.58777
33643,247192,Gergő János Bodnár,1033,Ujpest,1522,NB I,351,2026/2027,103,2005-04-18,False,,,,,173.0,412.08334,0.05348449945449829,0.02336229,0.43680486,0.21840243,0.21840243,0.101579994,1.3104146,1.0920122,0.0,0.21840243,1.0920122,0.8736097,0.6552073,1.5288169,1.0920122,0.8736097,1.9656218,1.4080062,0.96001434,2.3680205,0.625,0.0,1.7472194,0.6552073,0.6552073,0.5172413793103449,3.2760363,0.031746031746031744,3.9312437,0.3,0.6552073,30.576338,0.23118279569892472,0.0967741935483871,0.6720430107526881,4.3680487,0.25,0.0,0.75,1.0,0.7688172043010753,0.5,0.21840243,0.21840243,0.25,0.0,4.5479894,0.0,0.3488159,0.30528685,0.26597026,0.26597026,0.058050968,0.0,1.5971246,1.3978181,1.2177991,1.2177991,0.008495344,0.0074352026,0.0064776544,0.0064776544,Right Back,,4.5864506,5.678463,8.517694,11.356926,0.21840243,3.2760363,0.2,0.043529026,0.006825938566552901,2.8392315,0.21840243,0.0,0.0,0.0,0.0,0.0,0.0,0.0,,0.06666666666666667,0.6875,0.08602150537634409,21.865806661626344,19.829929591892483,20.93000030517578,22.351818084716797,0.0,0.0,,0.0,0.0,0.06989247,0.19892474,0.0,0.2036011,6,68.68056,3.2105157,0.0,0.21840243,0.12494228,0.093460135,1.7472194,0.0,0.0,,0.21840243,,0.9068922,1.067932,-0.0813172,-0.93580633,24.242668,0.972973,4.7380958,0.71428573,1.9656218,0.21840243,0.0,0.0,0.0,12.641318,4.8048534,0.43680486,4,30.047411,1.3104146,0.8736097,0.115384616,0.44444445,26.873377,43.52181,2026-08-29T17:30,4.578704,0.23229332,0.09889939,-0.0125041,0.036784004,0.109114,,0.0,7.8624873,0.1348016,0.0,0.0,3.2760363,8.521387,8.676204,7.7916484,0.30985916,0.90140843,0.74647886,0.33333334,0.8888889,0.7037037,0.23076923,0.84615386,0.61538464,8.348884,4.6062803,0.55172414,2.5910327,0.64285713,1.1515701,0.5,4.030495,2.3031402,0.0675224,0.0695036,0.040170424,0.29591838,0.4,0.61538464,1.1515701,1.1515701,1.1515701,4.539,3.326,2.9933333,0.28789252,0.28789252,0.28789252,1.1515701,1.1515701,1.1515701,0.57578504,0.57578504,0.57578504,7.6375,7.6375,7.6375,0.0,0.0,0.0,2.8789253,1.4394627,0.86367756,0.86367756,0.0,0.0,312.61667,14.196157
33643,478165,Mátyás Molnár,2215,Nyíregyháza Spartacus,1522,NB I,351,2026/2027,103,2006-12-30,False,,,,,,344.11667,,0.0,0.0,0.0,0.0,0.0,0.0,0.0,0.0,0.0,0.0,0.0,0.0,0.0,0.0,0.2615392,0.2615392,0.0,0.22289522,0.22289522,,0.0,0.0,0.0,0.0,0.3333333333333333,5.4923234,0.0,0.0,0.0,0.0,15.953892,0.6966292134831461,0.0,0.30337078651685395,1.0461568,0.75,0.0,0.25,,0.5168539325842697,,0.0,0.0,,0.0,0.0,0.0,0.23423642,0.18953021,0.23423642,0.18953021,0.0,0.0,0.89560723,0.7246723,0.89560723,0.7246723,0.010063003,0.008142386,0.010063003,0.008142386,Goalkeeper,,3.923088,12.553883,0.0,0.0,0.2615392,0.0,,0.0,0.0,1.8307744,0.2615392,10.461568,1.0461568,0.7305524,1.0106163,0.6666666666666667,0.6779908339182537,-0.035540562,-0.011324167251586914,0.15,0.3684210526315789,0.21348314606741572,49.971120084269664,38.09652046535326,50.3326301574707,40.35857391357422,3.1384706,1.0106163,0.3,1.6644561,-0.0261609,0.02247191,0.48314607,36.800476,0.10645932,4,86.02917,2.3276987,0.0,0.0,0.0,0.0,0.0,0.0,0.0,,0.0,,0.76237077,0.80183715,-0.14843288,0.3615119,13.338499,1.0,7.0911074,,0.0,0.0,0.0,0.0,0.0,0.0,4.4461665,0.0,3,,0.0,0.0,,,2.5918558,14.920132,2026-08-29T12:45,3.8235185,0.0899435,0.15143423,,,0.020600265,-0.08209096,0.0,2.3538527,0.0,0.0,0.0,0.2615392,15.063226,,,0.7419355,1.0,0.9354839,,,,,,,3.3894434,0.61626244,0.18181819,0.0,,0.0,,0.0,0.0,0.01773378,,,0.33333334,,,0.0,0.0,0.0,,,,0.0,0.0,0.0,0.0,0.0,0.0,0.0,0.0,0.0,,,,0.0,0.0,0.0,0.0,0.0,0.0,0.0,0.0,0.0,292.08334,0.0
33643,438572,Milán Kovács,2215,Nyíregyháza Spartacus,1522,NB I,351,2026/2027,103,1999-09-24,False,,,,,192.0,532.11664,0.030016880143772472,0.055846237,1.8604944,0.0,0.3382717,0.11698997,2.0296302,2.0296302,0.3382717,0.0,1.3530868,1.3530868,1.8604944,3.213581,2.5370378,1.0148151,3.551853,2.7662559,1.0527705,3.819026,0.8333333333333334,0.16913585,2.5370378,0.50740755,0.8456792,0.5675675675675675,3.551853,0.037037037037037035,1.5222226,0.5625,1.5222226,45.835815,0.21328671328671328,0.14685314685314685,0.6398601398601399,11.839509,0.3,0.08571428571428572,0.6142857142857143,0.0,0.8181818181818182,0.0,0.0,0.50740755,0.5,0.0,1.7229716,0.3382717,0.6000773,0.5959129,0.5529511,0.5487867,0.11698997,0.3382717,3.5479012,3.5232794,3.2692719,3.2446504,0.012762235,0.012673667,0.01175997,0.011671404,Right Defensive Midfielder,Left Defensive Midfielder,3.0444453,4.7358036,7.9493847,11.670373,1.5222226,4.7358036,0.125,0.0,0.012320328542094456,5.4123473,1.0148151,0.0,0.0,0.0,0.0,0.0,0.0,0.0,,0.2037914691943128,0.8301886792452831,0.1853146853146853,19.4771327305507,18.32089676816239,19.004528045654297,17.548181533813477,0.0,0.0,,0.0,0.0,0.115384616,0.21678321,0.0,0.31986246,6,88.686104,6.2918534,0.0,0.0,0.1728362,0.1654355,3.8901243,0.50740755,0.6765434,0.25,0.0,,0.9406362,0.92336845,0.012006861,-0.4726046,35.01112,0.9468599,4.638086,0.25,2.5370378,0.0,0.0,0.0,0.0,13.177623,5.9197545,1.1839509,6,42.346687,4.397532,1.3530868,0.3768116,0.53333336,39.32696,51.45476,2026-08-29T12:45,5.912407,0.15063488,0.120185636,-0.07657622,0.0064593544,0.100566104,,0.8456792,15.053091,0.0,0.0,0.0,7.7802486,5.01809,4.725333,3.8713887,0.08,0.848,0.4,0.026666667,0.85333335,0.4,0.0,0.8055556,0.2777778,12.481221,8.528834,0.68333334,5.408529,0.7647059,2.4962442,0.6,7.0726914,4.160407,0.10281131,0.07962156,0.050858308,0.29126215,0.34,0.45454547,2.7042644,2.4962442,1.6641626,5.326522,4.4792857,4.3114285,0.0,0.0,0.0,1.2481221,1.2481221,1.0401018,0.41604066,0.41604066,0.20802033,2.8743334,3.0898333,2.9146667,0.41604066,0.20802033,0.20802033,4.7844677,2.9122849,1.4561424,1.8721831,0.62406105,0.20802033,432.65,16.74445
33643,405771,Attila Temesvári,2215,Nyíregyháza Spartacus,1522,NB I,351,2026/2027,103,2000-06-03,False,,,,73.0,200.0,482.65,0.06988955040772755,0.078194045,1.1188232,0.0,0.0,0.0858341,0.5594116,0.5594116,0.0,0.0,0.0,0.0,4.4752927,4.4752927,1.4917642,1.3052938,2.797058,1.7685643,1.4488178,3.2173822,0.8888888888888888,0.37294105,1.3052938,0.18647052,0.37294105,0.37777777777777777,3.169999,0.08163265306122448,5.594116,0.6470588235294118,6.1535273,35.80234,0.40865384615384615,0.014423076923076924,0.5769230769230769,4.1023517,0.4090909090909091,0.045454545454545456,0.5454545454545454,0.3333333333333333,0.6875,0.0,0.0,0.0,,0.0,5.907008,0.37294105,0.32633543,0.3161282,0.23309788,0.22289063,0.0858341,0.0,1.7500645,1.6953253,1.2500521,1.1953129,0.0073224455,0.007093411,0.0052303434,0.005001309,Right Centre Back,Centre Attacking Midfielder,7.08588,6.8994093,3.3564694,3.915881,0.18647052,1.1188232,,0.0,0.006134969325153374,2.797058,0.0,0.0,0.0,0.0,0.0,0.0,0.0,0.0,,0.20512820512820512,0.4878048780487805,0.1971153846153846,24.959376408503605,21.490978747814687,22.086339950561523,17.476001739501953,0.0,0.0,,0.0,0.0,0.09134615,0.3125,0.0,0.1352459,5,96.53,2.461411,0.0,0.0,0.16402815,-0.16402814,1.6782347,0.0,0.37294105,1.0,0.0,,0.86103827,0.7912584,-0.19969513,-2.8730369,15.849996,0.9882353,3.3220448,0.75,0.9323526,0.18647052,0.18647052,0.0,0.18647052,4.6490164,3.54294,0.37294105,5,27.514456,0.5594116,0.37294105,0.14285715,0.4,25.852316,40.021915,2026-08-29T12:45,5.3627777,0.12862214,0.12883632,-0.09032606,0.069555685,0.020556208,,0.37294105,13.798819,0.026153455,0.0,0.0,2.797058,9.544483,7.72,1.5733333,0.46551725,0.8965517,0.8103448,0.375,0.6875,0.625,0.0,0.16666667,0.0,9.39498,4.69749,0.5,0.9394981,0.5,0.23487453,0.5,1.8789963,0.46974906,0.070449114,0.044002656,0.03579912,0.32520324,0.27586207,0.2,0.7046236,0.7046236,0.7046236,3.7244444,4.69,,0.0,0.0,0.0,0.23487453,0.23487453,0.23487453,0.0,0.0,0.0,3.91,3.91,3.91,0.0,0.0,0.0,2.1138706,0.46974906,0.0,0.46974906,0.23487453,0.0,383.18332,6.712939
33643,404992,Bálint Lajos Katona,2215,Nyíregyháza Spartacus,1522,NB I,351,2026/2027,103,2002-09-07,False,,,Bálint Katona,,178.0,448.01666,0.041836710770924886,0.12606575,3.0132809,0.0,0.0,0.36302418,2.8123953,1.4061977,0.0,0.20088539,3.2141662,1.4061977,3.0132809,4.4194784,1.4061977,0.80354154,2.2097392,1.4851545,0.8150728,2.3002272,0.875,1.004427,2.4106245,0.20088539,1.8079685,0.42857142857142855,2.4106245,0.045454545454545456,0.20088539,0.0,0.0,28.123955,0.18823529411764706,0.17647058823529413,0.6352941176470588,9.642498,0.3333333333333333,0.20833333333333334,0.4583333333333333,0.26666666666666666,0.7058823529411765,0.0,0.0,0.40177077,0.16666666666666666,0.0,0.17120336,0.40177077,0.72346,0.5105418,0.38619712,0.34450716,0.2167714,0.0,3.601357,2.5414581,1.922475,1.7149439,0.019362135,0.013663753,0.010335887,0.009220129,Left Midfielder,Right Midfielder,0.6026561,5.22302,12.454894,20.289423,2.008854,7.6336446,0.125,0.14625277,0.037037037037037035,4.218593,2.2097392,0.0,0.0,0.0,0.0,0.0,0.0,0.0,,0.1694915254237288,0.7631578947368421,0.2235294117647059,19.838706341911763,17.30491739908854,12.474737167358398,13.105173110961914,0.0,0.0,,0.0,0.0,0.08235294,0.2529412,0.0,0.37254903,6,74.66944,7.6336446,0.0,1.4061977,0.4890899,-0.48908997,5.825676,0.6026561,1.6070831,0.625,1.8079685,,0.87228054,1.050537,0.05727554,-7.3639693,29.329266,0.86986303,5.8785334,0.0,6.4283323,0.0,0.0,0.0,0.0,23.436697,7.83453,1.4061977,6,54.81958,13.05755,5.6247907,0.64356434,0.875,54.122307,61.818073,2026-08-29T12:45,4.977963,0.27441618,0.24492668,-0.101691164,0.00073322165,0.13044743,,0.40177077,7.4327593,0.044630233,0.0,0.0,5.022135,4.1743846,4.3682537,4.6490626,0.03846154,0.71794873,0.32051283,0.04761905,0.7619048,0.36507937,0.0625,0.8125,0.375,6.798561,4.3705034,0.64285713,2.6708632,0.64705884,1.9424459,0.5,4.127698,3.8848917,0.25373235,0.22980155,0.22889297,0.26923078,0.24637681,0.5,5.5845323,4.856115,1.9424459,5.853,5.3519998,4.52,0.24280573,0.24280573,0.24280573,3.1564746,2.9136689,1.2140287,0.48561147,0.48561147,0.24280573,3.3063142,3.4948611,4.2805,0.48561147,0.24280573,0.0,2.4280574,1.2140287,0.7284172,0.97122294,0.48561147,0.24280573,370.6667,24.106247
33643,404971,Levente Katona,2215,Nyíregyháza Spartacus,1522,NB I,351,2026/2027,103,2001-12-31,False,,,,,189.0,585.6,0.33840887546539306,0.26004782,0.76844263,0.0,0.0,0.0025215966,0.30737707,0.15368854,0.0,0.0,0.76844263,0.15368854,2.1516395,2.305328,1.3831967,0.61475414,1.9979508,1.4893237,0.6393035,2.1286273,0.5625,0.15368854,1.3831967,1.0758197,0.46106562,0.5714285714285714,3.688525,0.015625,2.7663934,0.6666666666666666,1.8442625,40.112705,0.33774834437086093,0.023178807947019868,0.6390728476821192,4.303279,0.5,0.03571428571428571,0.4642857142857143,0.2,0.8311258278145696,0.0,0.0,0.0,0.0,0.0,3.1249328,0.15368854,0.5914156,0.4836678,0.33683679,0.23023096,0.0013796777,0.0,3.8481438,3.147065,2.1916845,1.498036,0.015150173,0.012390019,0.008628679,0.0058977795,Left Centre Back,Left Back,3.688525,5.532787,4.610656,6.30123,0.61475414,3.0737705,0.0,0.0011419189,0.0020491803278688526,4.303279,0.76844263,0.0,0.0,0.0,0.0,0.0,0.0,0.0,,0.9065420560747663,0.6976744186046512,0.1423841059602649,23.27903818294702,21.964581128610558,23.345815658569336,20.930667877197266,0.0,0.0,,0.0,0.0,0.11589404,0.23178808,0.0,0.16843705,6,97.6,3.4118855,0.0,0.15368854,0.26256943,-0.26256943,1.0758197,0.15368854,0.30737707,0.5,0.61475414,,0.94353473,0.896549,-0.1334514,0.06677707,29.815575,0.96907216,6.2931433,0.5,1.2295083,0.46106562,0.0,0.0,0.15368854,7.2398057,4.303279,1.0758197,6,27.843882,0.92213124,0.0,0.14634146,0.0,24.912197,40.833023,2026-08-29T12:45,6.506666,0.01772171,0.09964698,-0.10527006,0.038254313,-0.014909529,,0.61475414,10.297132,0.110604465,0.0,0.0,1.8442625,10.207232,9.507436,5.3554544,0.5123967,0.9504132,0.8016529,0.46153846,0.9230769,0.7692308,0.18181819,0.8181818,0.45454547,7.9607787,4.62836,0.5813953,1.481075,0.5714286,0.5554032,0.42857143,2.5918815,1.2959408,0.023743412,0.0067148395,0.00491093,0.21827412,0.24561404,0.5,1.1108063,1.1108063,0.7405375,5.0782356,4.27,3.8233335,0.18513438,0.18513438,0.0,0.925672,0.925672,0.5554032,0.5554032,0.5554032,0.18513438,6.46,6.46,3.5766666,0.37026876,0.0,0.0,3.1472845,1.2959408,0.5554032,1.1108063,0.18513438,0.0,486.13333,8.913935
33643,396417,Dominik Kaczvinszki,2215,Nyíregyháza Spartacus,1522,NB I,351,2026/2027,103,2006-03-01,False,,,,,194.0,49.05,,0.0,0.0,0.0,0.0,0.0,0.0,0.0,0.0,0.0,0.0,0.0,0.0,0.0,0.0,7.33945,7.33945,0.0,11.341503,11.341503,,0.0,0.0,0.0,0.0,0.6,5.504587,0.0,1.8348625,,0.0,49.541286,0.21875,0.09375,0.6875,12.844037,0.14285714285714285,0.2857142857142857,0.5714285714285714,,0.75,,0.0,1.8348625,0.3333333333333333,0.0,2.8353758,0.0,1.169536,1.1584468,1.169536,1.1584468,0.0,0.0,0.6373971,0.6313535,0.6373971,0.6313535,0.0236073,0.023383463,0.0236073,0.023383463,Left Back,,1.8348625,9.174313,1.8348625,1.8348625,0.0,0.0,,0.0,0.0,5.504587,3.669725,0.0,0.0,0.0,0.0,0.0,0.0,0.0,,0.6666666666666666,0.6666666666666666,0.09375,22.030315399169922,22.55292002360026,8.713333129882812,11.914999961853027,0.0,0.0,,0.0,0.0,0.21875,0.28125,0.0,0.4027778,1,49.05,10.642202,0.0,0.0,0.0,0.0,0.0,0.0,0.0,,0.0,,1.023722,1.3674445,-0.083333336,-13.316982,12.844037,1.0,2.3681529,,1.8348625,0.0,0.0,0.0,0.0,2.8353758,0.0,0.0,0,58.99643,1.8348625,1.8348625,1.0,1.0,34.55744,46.654552,2026-08-02T15:30,0.545,0.27490726,0.16754211,,0.023709163,0.08365599,,0.0,18.348625,0.0,0.0,0.0,5.504587,5.4325,7.336,8.4125,0.25,0.75,0.375,0.4,1.0,0.6,0.5,1.0,0.75,11.009174,5.504587,0.5,3.669725,0.5,1.8348625,0.33333334,7.33945,5.504587,0.15805072,0.15616056,0.12627076,0.2857143,0.44444445,0.6,0.0,0.0,0.0,2.06,2.06,2.06,0.0,0.0,0.0,0.0,0.0,0.0,0.0,0.0,0.0,,,,0.0,0.0,0.0,1.8348625,1.8348625,1.8348625,0.0,0.0,0.0,49.05,1.8348625
33643,540983,Robert Tarcsi,2215,Nyíregyháza Spartacus,1522,NB I,351,2026/2027,103,2004-02-20,False,,,,,190.0,77.65,0.09600286930799484,0.111271836,1.159047,0.0,0.0,0.08094869,1.159047,1.159047,0.0,0.0,1.159047,1.159047,3.477141,4.636188,1.159047,2.318094,3.477141,1.3735812,2.7788427,4.152424,1.0,0.0,1.159047,0.0,2.318094,,0.0,0.0,0.0,0.5,4.636188,13.908564,0.4166666666666667,0.16666666666666666,0.4166666666666667,5.795235,0.4,0.0,0.6,1.0,0.5833333333333334,0.0,0.0,0.0,,0.0,0.0,0.0,0.35660383,0.35660383,0.052065045,0.052065045,0.08094869,0.0,0.30766988,0.30766988,0.044920564,0.044920564,0.013984994,0.013984994,0.0020418437,0.0020418437,Left Centre Forward,,0.0,0.0,12.749517,24.339987,4.636188,6.954282,0.0,0.0,0.037037037037037035,3.477141,1.159047,0.0,0.0,0.0,0.0,0.0,0.0,0.0,,0.0,0.25,0.3333333333333333,15.920000712076822,17.42571476527623,21.22249984741211,30.81999969482422,0.0,0.0,,0.0,0.0,0.083333336,0.25,0.0,0.23783784,3,25.883333,5.099807,0.0,0.0,0.19222052,-0.19222052,2.318094,1.159047,1.159047,0.0,0.0,,1.09458,1.4522322,-0.33333334,5.3024993,11.59047,0.4,2.4082532,,5.795235,0.0,0.0,0.0,0.0,27.011293,9.272376,2.318094,1,61.860317,16.226658,4.636188,0.6666667,0.8,57.040234,62.532143,2026-08-15T15:30,0.86277777,-0.13651715,0.10356605,-0.10911002,-0.018874083,-0.11209908,,0.0,1.159047,0.19859539,0.0,0.0,0.0,2.109091,2.1325,2.4133334,0.0,0.36363637,0.0,0.0,0.375,0.0,0.0,0.5,0.0,4.8809886,3.2539923,0.6666667,1.6269962,1.0,0.0,,1.6269962,0.0,0.047425043,0.018918611,,0.33333334,0.2,0.0,16.26996,11.388973,8.13498,5.72,,,0.0,0.0,0.0,4.8809886,3.2539923,3.2539923,0.0,0.0,0.0,2.3,2.225,2.5233333,0.0,0.0,0.0,1.6269962,0.0,0.0,1.6269962,0.0,0.0,55.316666,26.658081
33643,404960,Milán Májer,2215,Nyíregyháza Spartacus,1522,NB I,351,2026/2027,103,1999-06-28,False,,,,,179.0,74.5,0.26376873254776,0.3186468,1.2080537,0.0,0.0,0.0,0.0,0.0,0.0,0.0,2.4161074,2.4161074,3.624161,6.0402684,0.0,1.2080537,1.2080537,0.0,1.8667811,1.8667811,,0.0,1.2080537,0.0,1.2080537,0.75,3.624161,0.0,0.0,,0.0,50.738255,0.10869565217391304,0.17391304347826086,0.717391304347826,19.32886,0.125,0.25,0.625,1.0,0.782608695652174,0.0,0.0,1.2080537,0.3333333333333333,0.0,0.0,0.0,0.56360096,0.56360096,0.24495418,0.24495418,0.0,0.0,0.46653634,0.46653634,0.20276763,0.20276763,0.013721657,0.013721657,0.005963754,0.005963754,Right Midfielder,,0.0,4.832215,2.4161074,7.248322,2.4161074,3.624161,0.5,0.0,0.01282051282051282,3.624161,1.2080537,0.0,0.0,0.0,0.0,0.0,0.0,0.0,,0.24242424242424243,0.5714285714285714,0.15217391304347827,16.33369644828465,16.169723510742188,14.19428539276123,14.462499618530273,0.0,0.0,,0.0,0.0,0.06521739,0.1521739,0.0,0.30158728,1,74.5,4.5906043,0.0,0.0,0.3186468,-0.3186468,1.2080537,2.4161074,2.4161074,0.0,0.0,,0.9899611,1.018896,-0.21118012,-2.1394107,32.61745,0.8888889,2.6840374,,2.4161074,0.0,0.0,0.0,1.2080537,11.200686,3.624161,1.2080537,1,51.414284,4.832215,2.4161074,0.6666667,1.0,53.66339,63.000298,2026-08-02T15:30,0.8277778,-0.08735506,-0.079405844,-0.0060382914,-0.023731671,0.021820769,,0.0,8.456376,0.19287153,0.0,0.0,6.0402684,4.5027027,4.2043333,4.032381,0.0,0.7837838,0.43243244,0.0,0.76666665,0.36666667,0.0,0.7619048,0.33333334,8.456376,3.624161,0.42857143,3.624161,0.42857143,3.624161,0.5,8.456376,7.248322,-0.030377386,-0.030377386,-0.017942652,0.17073171,0.21875,0.31578946,13.28859,10.872483,6.0402684,3.53,3.53,3.53,0.0,0.0,0.0,7.248322,6.0402684,2.4161074,2.4161074,2.4161074,0.0,3.2354546,3.5377777,1.998,0.0,0.0,0.0,3.624161,3.624161,3.624161,0.0,0.0,0.0,74.5,8.456376
33643,205908,Balázs Tóth,2215,Nyíregyháza Spartacus,1522,NB I,351,2026/2027,103,2004-04-29,False,,,,,187.0,241.48334,,0.0,0.0,0.0,0.0,0.0,0.0,0.0,0.0,0.0,0.0,0.0,0.0,0.0,0.0,0.0,0.0,0.0,0.0,0.0,,0.0,0.0,0.0,0.0,0.4444444444444444,5.9631443,0.0,0.37269652,,0.0,16.398647,0.5373134328358209,0.014925373134328358,0.44776119402985076,0.74539304,1.0,0.0,0.0,,0.6567164179104478,,0.0,0.0,,0.0,0.57592046,0.0,0.03393355,0.0,0.03393355,0.0,0.0,0.0,0.09104875,0.0,0.09104875,0.0,0.0013006964,0.0,0.0013006964,0.0,Goalkeeper,,1.4907861,12.2989855,0.0,0.0,0.0,0.0,,0.0,0.0,0.74539304,0.37269652,8.944716,2.236179,1.4659474,1.7892649,0.33333333333333337,0.4665708012051053,-0.4469143,-0.13323746787177193,0.37142857142857144,0.5,0.11940298507462686,39.594777576958954,30.50340964577415,37.23875045776367,27.977500915527344,3.3542686,1.7892649,0.375,2.4965127,-0.051219564,0.029850746,0.26865673,24.506762,0.07053942,3,80.494446,1.2671683,0.0,0.0,0.0,0.0,0.0,0.0,0.0,,0.0,,0.77038974,0.75130075,-0.15671642,-2.3560271,13.044377,1.0,3.680484,,0.0,0.0,0.0,0.0,0.0,0.0,5.9631443,0.0,3,,0.0,0.0,,,3.8461595,14.692998,2026-08-09T15:30,2.6831481,-0.41954586,0.057485815,,0.011484864,0.020644885,-0.50916153,0.0,1.8634826,0.0,0.0,0.0,0.0,16.363,,,0.7,1.0,0.95,,,,,,,3.246586,0.92759603,0.2857143,0.0,,0.0,,0.0,0.0,0.014043362,,,0.35,,,0.0,0.0,0.0,5.035,,,0.0,0.0,0.0,0.0,0.0,0.0,0.0,0.0,0.0,,,,0.0,0.0,0.0,0.92759603,0.0,0.0,0.46379802,0.0,0.0,194.04999,0.0
33643,404202,Mátyás Katona,2215,Nyíregyháza Spartacus,1522,NB I,351,2026/2027,103,1999-12-30,False,,,,,179.0,180.41667,0.07160471379756927,0.21431804,2.9930716,0.0,0.0,0.0,0.0,0.0,0.0,0.0,0.49884525,0.49884525,4.4896073,4.9884524,1.4965358,0.9976905,2.4942262,1.6021634,1.5417111,3.1438744,0.5,0.0,1.4965358,1.4965358,0.49884525,0.2,0.49884525,0.0,0.9976905,0.16666666666666666,0.49884525,26.438797,0.2033898305084746,0.11864406779661017,0.6779661016949152,7.4826784,0.13333333333333333,0.3333333333333333,0.5333333333333333,0.5,0.6949152542372882,0.0,0.0,0.0,0.0,0.0,1.2355456,0.0,0.41473904,0.41013578,0.2594853,0.22464558,0.0,0.0,0.8313982,0.8221704,0.52017194,0.4503312,0.011547197,0.011419033,0.00722461,0.0062546004,Left Midfielder,Left Back,1.4965358,1.995381,10.47575,13.967667,2.4942262,5.986143,0.0,0.0,0.04716981132075472,1.995381,1.4965358,0.0,0.0,0.0,0.0,0.0,0.0,0.0,,0.7297297297297297,0.14285714285714285,0.11864406779661017,15.811187226893539,12.863659370236281,22.535715103149414,11.970000267028809,0.0,0.0,,0.0,0.0,0.016949153,0.2881356,0.0,0.18114145,5,36.083336,3.6415706,0.0,0.0,0.21431804,-0.21431804,2.9930716,0.0,0.0,,0.0,,0.8135796,0.5311569,-0.5520581,6.724527,19.95381,0.875,4.253852,0.5,2.9930716,0.9976905,0.0,0.0,0.0,16.456873,7.4826784,1.4965358,1,42.687126,5.986143,2.4942262,0.42857143,0.8333333,42.62626,56.22356,2026-08-29T12:45,2.0046296,-0.008994535,-0.04910834,-0.04867878,0.058958046,0.029834557,,0.0,7.981524,0.34997475,0.0,0.0,4.9884524,5.766667,5.4714813,5.189231,0.15384616,0.82051283,0.46153846,0.14814815,0.8148148,0.4074074,0.15384616,0.7692308,0.3846154,5.986143,1.995381,0.33333334,1.995381,0.5,0.9976905,0.33333334,3.990762,2.9930716,0.0024661582,0.01790738,-0.0047555584,0.24489796,0.24242425,0.5,4.9884524,3.4919167,1.995381,,,,0.49884525,0.0,0.0,3.990762,2.4942262,0.9976905,2.9930716,1.995381,0.49884525,5.0004168,4.29,3.32,0.0,0.0,0.0,0.0,0.0,0.0,0.0,0.0,0.0,180.41667,16.960737
33643,568103,Zsombor Hős,2215,Nyíregyháza Spartacus,1522,NB I,351,2026/2027,103,2007-08-13,False,,,,,179.0,121.416664,0.02344469726085663,0.06951345,2.9649966,0.0,0.0,0.057699487,1.4824983,0.74124914,0.0,0.0,0.74124914,0.74124914,0.0,0.74124914,0.0,1.4824983,1.4824983,0.0,2.2908747,2.2908747,,0.74124914,1.4824983,0.0,2.2237475,0.7142857142857143,3.706246,0.0,0.74124914,0.5,0.74124914,24.461224,0.2972972972972973,0.02702702702702703,0.6756756756756757,5.929993,0.25,0.0,0.75,0.5,0.7567567567567568,0.0,0.0,0.74124914,0.5,0.0,1.1454374,0.0,0.6169076,0.5583972,0.5699101,0.5484098,0.051565234,0.0,0.83225405,0.75331914,0.7688509,0.73984545,0.018494535,0.016740425,0.017085576,0.01644101,Left Midfielder,Left Defensive Midfielder,0.74124914,5.188744,5.188744,12.601235,1.4824983,2.2237475,1.0,0.00613425,0.02702702702702703,5.929993,2.2237475,0.0,0.0,0.0,0.0,0.0,0.0,0.0,,0.03571428571428571,0.6666666666666666,0.08108108108108109,22.667028478673988,22.517499651227677,13.9399995803833,19.755001068115234,0.0,0.0,,0.0,0.0,0.24324325,0.3783784,0.0,0.41901407,3,40.47222,8.820865,0.0,0.74124914,0.12721293,-0.12721293,4.447495,0.0,0.74124914,1.0,0.0,,0.99340326,1.417145,-0.09009009,-8.727029,22.978724,0.9032258,5.7710886,,2.2237475,0.74124914,0.0,0.0,0.0,13.855776,2.2237475,1.4824983,0,40.54632,4.447495,1.4824983,0.3529412,0.6666667,40.98685,52.492065,2026-08-09T15:30,1.349074,0.059971202,0.020497536,-0.061298743,0.015374955,0.08539747,,0.0,5.188744,0.021126978,0.0,0.0,0.0,5.171739,5.5707693,5.5133333,0.08695652,0.8695652,0.6086956,0.15384616,0.84615386,0.6923077,0.33333334,0.6666667,0.6666667,1.8163472,1.8163472,1.0,0.9081736,1.0,0.0,,0.9081736,0.0,0.00044537426,0.0027290175,,0.09090909,0.083333336,,6.357215,1.8163472,0.9081736,2.92,3.24,,0.0,0.0,0.0,4.540868,0.0,0.0,1.8163472,0.0,0.0,3.2051666,,,0.0,0.0,0.0,1.8163472,0.9081736,0.0,0.0,0.0,0.0,99.1,14.083734
33643,404287,József Windecker,2160,Paksi FC,1522,NB I,351,2026/2027,103,1992-12-02,False,,,,76.0,183.0,285.58334,0.3158207893371582,0.49764583,1.5757222,0.63028884,0.63028884,0.10803932,1.2605777,1.2605777,0.0,0.0,0.63028884,0.63028884,2.5211554,3.1514444,0.9454333,1.2605777,2.206011,0.64638466,0.9891221,1.6355067,0.6,0.0,3.1514444,0.63028884,0.63028884,0.6190476190476191,4.0968776,0.018518518518518517,1.8908666,0.5714285714285714,2.5211554,37.50219,0.25196850393700787,0.05511811023622047,0.6929133858267716,9.769478,0.22580645161290322,0.0,0.7741935483870968,0.6,0.7874015748031497,0.4,0.63028884,0.63028884,0.5,0.0,1.2927693,0.0,0.76975286,0.76975286,0.46220392,0.46220392,0.10803932,0.0,2.44254,2.44254,1.4666415,1.4666415,0.019385237,0.019385237,0.011640012,0.011640012,Right Defensive Midfielder,Right Centre Midfielder,2.8363,5.6726,8.193755,10.7149105,0.31514442,3.466589,1.0,0.0,0.014705882352941176,6.302889,2.8363,0.0,0.0,0.0,0.0,0.0,0.0,0.0,,0.16483516483516483,0.4666666666666667,0.11811023622047244,22.557717150590552,20.9764013671875,24.040668487548828,22.069997787475586,0.0,0.0,,0.0,0.0,0.070866145,0.21259843,0.0,0.34034416,5,57.11667,5.6095705,0.0,0.0,0.6056851,0.024603734,2.8363,0.0,0.0,,0.0,,0.9298991,0.91802764,-0.32073492,1.4829506,27.10242,0.96511626,4.232897,0.0,2.5211554,0.9454333,0.0,0.0,0.0,7.6214232,4.727166,1.2605777,2,42.628345,4.727166,1.5757222,0.44117647,0.625,39.577007,52.621864,2026-08-29T12:45,3.1731482,0.22670671,0.111070566,0.025510967,0.030089818,0.06003536,,0.0,13.866356,0.62325114,0.0,0.0,4.412022,5.1972065,5.0648007,4.84,0.07936508,0.82539684,0.46031746,0.04347826,0.8043478,0.45652175,0.05,0.8,0.4,7.5634665,4.0968776,0.5416667,1.8908666,0.46153846,0.31514442,0.2,4.0968776,1.5757222,0.017456342,0.0012226835,-0.013456485,0.22018349,0.22413793,0.2,2.5211554,2.206011,1.5757222,6.2911115,7.2350006,6.81,0.0,0.0,0.0,1.8908666,1.5757222,0.9454333,0.63028884,0.63028884,0.0,3.335,3.29,2.3766665,0.31514442,0.31514442,0.0,2.8363,1.2605777,0.31514442,1.5757222,0.9454333,0.31514442,285.58334,14.811789
33643,135987,János Csaba Hahn,2160,Paksi FC,1522,NB I,351,2026/2027,103,1995-03-15,False,,,,70.0,183.0,194.26668,0.06510799378156662,0.12065311,1.8531228,0.0,0.0,0.20176068,1.8531228,1.8531228,0.0,0.0,2.779684,2.779684,4.169526,6.9492106,3.2429647,0.4632807,3.7062457,3.7107213,0.24632268,3.957044,0.7777777777777778,0.4632807,2.3164034,0.9265614,1.8531228,0.8888888888888888,3.7062457,0.0,0.4632807,0.42857142857142855,1.389842,26.87028,0.2,0.18461538461538463,0.6153846153846154,10.655456,0.21739130434782608,0.13043478260869565,0.6521739130434783,0.25,0.6461538461538462,0.0,0.0,2.3164034,0.7142857142857143,0.0,0.7072143,0.0,0.74198353,0.74198353,0.4532893,0.4532893,0.20176068,0.0,1.6015851,1.6015851,0.9784334,0.9784334,0.022879789,0.022879789,0.01397762,0.01397762,Right Wing Back,Left Centre Forward,1.389842,3.2429647,8.802333,15.288262,0.9265614,6.4859295,0.8333333333333334,0.0,0.037383177570093455,3.7062457,0.4632807,0.0,0.0,0.0,0.0,0.0,0.0,0.0,,0.29411764705882354,0.4,0.15384615384615385,20.237383563701922,22.92405046735491,19.59000015258789,32.56999969482422,0.0,0.0,,0.0,0.0,0.06153846,0.35384616,0.0,0.24625269,4,48.56667,5.327728,0.0,0.0,0.3224138,-0.3224138,3.7062457,0.0,0.4632807,1.0,0.0,,1.1327577,1.6625829,-0.24615385,-0.6473827,23.627316,0.88235295,6.6716185,0.33333334,4.632807,0.4632807,0.0,0.0,0.0,12.341709,8.339052,1.8531228,2,65.05714,12.508578,4.169526,0.8181818,0.9,63.253067,65.75857,2026-08-29T12:45,2.1585186,0.019079195,0.20616639,-0.108235955,0.022645457,-0.101496674,,0.4632807,6.4859295,0.027662078,0.0,0.0,3.2429647,4.7034082,4.1093154,4.4538636,0.0,0.61764705,0.3529412,0.0,0.53571427,0.25,0.0,0.54545456,0.27272728,6.022649,3.7062457,0.61538464,2.779684,0.6666667,1.8531228,0.44444445,4.169526,4.169526,0.078411475,0.072463736,0.034721173,0.27659574,0.29032257,0.42857143,4.169526,3.7062457,3.7062457,3.01,3.01,3.01,0.0,0.0,0.0,2.3164034,1.8531228,1.8531228,0.4632807,0.0,0.0,3.3174999,2.6625,2.6625,0.0,0.0,0.0,1.8531228,1.8531228,1.8531228,0.0,0.0,0.0,194.26668,20.84763
33643,404299,Bence Lenzsér,2160,Paksi FC,1522,NB I,351,2026/2027,103,1996-04-09,False,,,,72.0,184.0,297.73334,0.09784388542175293,0.029576633,0.30228394,0.0,0.0,0.021577852,0.6045679,0.6045679,0.0,0.0,0.90685177,0.6045679,1.8137035,2.4182715,2.4182715,1.5114195,3.929691,2.7686117,1.339667,4.1082783,0.7272727272727273,0.30228394,3.022839,0.90685177,0.0,0.5625,5.4411106,0.03508771929824561,5.1388264,0.42857142857142855,0.90685177,37.18092,0.34558823529411764,0.04411764705882353,0.6102941176470589,9.370802,0.16129032258064516,0.06451612903225806,0.7741935483870968,1.0,0.7205882352941176,0.0,0.0,0.30228394,0.5,0.0,4.4159994,0.0,0.47012904,0.47012904,0.433434,0.433434,0.021577852,0.0,1.5552566,1.5552566,1.4338639,1.4338639,0.010508491,0.010508491,0.009688269,0.009688269,Right Centre Back,Left Centre Back,6.045678,8.766233,10.277653,10.882221,0.6045679,3.929691,0.3333333333333333,0.0,0.0,6.045678,0.6045679,0.0,0.0,0.0,0.0,0.0,0.0,0.0,,0.10526315789473684,0.7272727272727273,0.08088235294117647,25.094631419462317,22.875612842793366,29.507274627685547,22.827499389648438,0.0,0.0,,0.0,0.0,0.073529415,0.29411766,0.0,0.28014183,4,74.433334,4.7760854,0.0,0.0,0.051154483,-0.051154483,0.90685177,0.0,0.30228394,1.0,0.30228394,,0.91157395,0.77362275,0.006684492,4.412643,23.880428,0.98734176,6.781923,0.25,2.4182715,0.6045679,0.0,0.0,0.0,8.663898,7.254814,0.30228394,2,42.69013,3.627407,0.90685177,0.33333334,0.375,35.69133,51.189625,2026-08-29T12:45,3.3081481,0.0944394,0.04357622,-0.03806441,0.020937148,0.067990445,,0.6045679,15.114196,0.039847422,0.0,0.0,5.1388264,9.383812,8.33853,4.77,0.41304347,0.84782606,0.7173913,0.29411766,0.88235295,0.64705884,0.0,0.875,0.5,10.882221,5.4411106,0.5,1.2091358,0.36363637,0.30228394,0.25,3.325123,1.2091358,0.039072126,-0.0021860574,-0.0065132254,0.3529412,0.2820513,0.1904762,0.90685177,0.6045679,0.6045679,5.738182,4.86,6.84,0.0,0.0,0.0,0.6045679,0.6045679,0.6045679,0.30228394,0.30228394,0.30228394,4.475,4.475,4.475,0.0,0.0,0.0,3.325123,0.90685177,0.30228394,2.4182715,0.6045679,0.30228394,297.73334,16.323332
33643,404302,Kevin Horváth,2160,Paksi FC,1522,NB I,351,2026/2027,103,2005-03-02,False,,,,,179.0,305.75,0.06921555399894715,0.10187081,1.4717907,0.0,0.0,0.06058556,1.4717907,1.4717907,0.0,0.0,2.6492233,2.354865,4.70973,7.064595,2.6492233,1.1774325,3.8266556,2.8869333,1.2474358,4.1343694,0.9,0.58871627,2.354865,0.29435813,0.8830744,0.6666666666666666,2.354865,0.022727272727272728,1.1774325,0.6,0.8830744,43.565006,0.22151898734177214,0.10759493670886076,0.6708860759493671,21.782503,0.1891891891891892,0.0945945945945946,0.7162162162162162,0.2,0.7974683544303798,0.0,0.0,0.29435813,0.25,0.0,1.0011172,0.29435813,0.75160784,0.75160784,0.635759,0.635759,0.06058556,0.0,2.5533788,2.5533788,2.1598146,2.1598146,0.016688751,0.016688751,0.014116435,0.014116435,Right Attacking Midfielder,Left Centre Midfielder,1.1774325,3.5322976,11.774325,17.955845,1.7661488,5.2984467,0.0,0.0,0.018115942028985508,8.830744,1.7661488,0.0,0.0,0.0,0.0,0.0,0.0,0.0,,0.09482758620689655,0.7083333333333334,0.1518987341772152,18.29063241693038,17.801031203497026,15.077083587646484,13.620000839233398,0.0,0.0,,0.0,0.0,0.050632913,0.221519,0.0,0.4401244,6,50.958332,8.330335,0.0,0.0,0.16245636,-0.16245636,2.9435813,0.58871627,1.1774325,0.5,0.29435813,,0.97323215,0.9033578,-0.08913502,-3.213549,38.560913,0.9389313,5.4265423,0.5,6.181521,0.58871627,0.0,0.0,0.0,17.930616,6.181521,2.060507,2,52.840977,10.891252,4.70973,0.60655737,0.7619048,51.480965,63.933872,2026-08-29T12:45,3.3972223,0.034104712,0.029061863,-0.10396688,-0.004402508,0.113412224,,0.8830744,10.008177,0.003324051,0.0,0.0,7.6533113,4.5251617,4.4027567,3.4488294,0.05940594,0.8118812,0.35643566,0.050632913,0.79746836,0.3164557,0.0,0.68292683,0.2195122,9.41946,5.8871627,0.625,5.0040884,0.60714287,2.354865,0.5714286,8.242028,4.121014,0.03863976,0.032041594,0.0027612187,0.25,0.27184466,0.23728813,8.536386,6.770237,3.2379396,5.0292306,5.069091,5.075,0.29435813,0.29435813,0.0,6.181521,4.70973,1.4717907,3.2379396,2.354865,0.58871627,4.663064,4.61025,3.4546666,0.29435813,0.29435813,0.0,3.8266556,3.2379396,1.1774325,1.1774325,0.8830744,0.29435813,305.75,22.959934
33643,404305,Balázs Balogh,2160,Paksi FC,1522,NB I,351,2026/2027,103,1990-06-11,False,,,,75.0,179.0,150.78334,0.03373095393180847,0.04026686,1.1937659,0.0,0.0,0.15668355,1.7906488,0.59688294,0.0,0.0,4.17818,0.59688294,0.0,0.59688294,0.0,0.59688294,0.59688294,0.0,0.37872618,0.37872618,0.0,0.59688294,0.59688294,0.59688294,2.3875318,0.75,7.1625953,0.0,0.59688294,0.5,1.1937659,35.812977,0.22666666666666666,0.08,0.6933333333333334,9.550127,0.4375,0.125,0.4375,0.5,0.7866666666666666,0.0,0.0,0.59688294,0.25,0.59688294,0.31735793,0.0,0.54789305,0.20224448,0.39610142,0.1713006,0.035835825,0.0,0.9179238,0.3388344,0.6636166,0.28699195,0.012574298,0.0046415674,0.009090639,0.0039313966,Left Defensive Midfielder,Centre Defensive Midfielder,0.59688294,9.550127,3.5812976,8.953244,0.59688294,4.17818,0.14285714285714285,0.12084773,0.009259259259259259,5.968829,0.59688294,0.0,0.0,0.0,0.0,0.0,0.0,0.0,,0.7142857142857143,0.8888888888888888,0.12,22.911067708333334,21.875931044756356,15.818888664245605,14.34375,0.0,0.0,,0.0,0.0,0.053333335,0.21333334,0.0,0.3562341,4,37.695835,8.35636,0.0,1.1937659,0.19695042,-0.19695042,2.9844146,0.0,0.59688294,1.0,3.5812976,,0.9548194,0.9067483,0.10222222,-7.0921793,31.03791,0.9230769,6.5983486,0.0,0.59688294,0.0,0.0,0.0,0.0,8.56867,4.7750635,0.59688294,2,44.724033,4.17818,0.59688294,0.46666667,1.0,42.232304,58.89028,2026-08-29T12:45,1.6753705,0.94163054,0.4010705,-0.021103397,0.009535111,0.5521283,,0.0,13.728308,0.009043883,0.0,0.0,8.35636,5.676675,5.946476,5.9953127,0.06451613,0.83870965,0.5483871,0.0952381,0.9047619,0.5714286,0.0,0.875,0.5,10.743893,6.5657125,0.6111111,4.17818,0.5833333,1.1937659,0.22222222,7.1625953,5.3719463,0.119070895,0.08847063,0.06924181,0.33333334,0.3529412,0.9,1.7906488,1.7906488,1.1937659,6.404,6.636667,6.02,0.59688294,0.59688294,0.0,1.1937659,1.1937659,0.59688294,1.1937659,1.1937659,0.59688294,8.54,8.54,6.38,0.0,0.0,0.0,2.9844146,1.7906488,0.59688294,2.3875318,1.7906488,0.59688294,150.78334,9.550127
33643,530179,Zsolt Krupa,2565,Puskas,1522,NB I,351,2026/2027,103,2006-03-01,False,,,,,,43.75,0.08470681309700012,0.34850803,4.1142855,0.0,0.0,0.21571258,4.1142855,4.1142855,0.0,0.0,2.0571427,2.0571427,12.342856,14.4,2.0571427,0.0,2.0571427,1.210108,0.0,1.210108,1.0,0.0,6.171428,0.0,4.1142855,0.5,4.1142855,0.0,0.0,0.3333333333333333,2.0571427,32.914284,0.0,0.3125,0.6875,18.514286,0.0,0.3333333333333333,0.6666666666666666,0.0,0.875,0.0,0.0,2.0571427,0.5,0.0,0.0,2.0571427,0.78918135,0.78918135,0.7687735,0.7687735,0.21571258,0.0,0.3836298,0.3836298,0.37370935,0.37370935,0.021312766,0.021312766,0.020761631,0.020761631,Left Wing,Left Midfielder,0.0,8.228571,4.1142855,18.514286,2.0571427,2.0571427,1.0,0.0,0.058823529411764705,2.0571427,0.0,0.0,0.0,0.0,0.0,0.0,0.0,0.0,,0.35714285714285715,1.0,0.125,23.102500915527344,21.162859235491073,10.100000381469727,10.100000381469727,0.0,0.0,,0.0,0.0,0.0625,0.0625,0.0,0.25842696,2,21.875,9.462857,0.0,0.0,0.5642206,-0.5642206,8.228571,0.0,0.0,,0.0,,0.9160419,1.0,0.125,-13.002501,39.085712,0.84210527,2.8150132,,4.1142855,0.0,0.0,0.0,0.0,20.543837,2.0571427,0.0,0,63.636868,14.4,4.1142855,0.7777778,1.0,66.94935,69.80944,2026-08-22T13:30,0.4861111,-0.0017947943,0.25665587,-0.42757827,-0.08292017,0.2520478,,2.0571427,8.228571,0.0,0.0,0.0,6.171428,6.222,5.148889,4.825714,0.2,0.8,0.6,0.11111111,0.7777778,0.5555556,0.14285715,0.71428573,0.42857143,8.228571,4.1142855,0.5,4.1142855,0.5,4.1142855,0.5,8.228571,8.228571,0.31366825,0.31366825,0.31366825,0.25,0.30769232,0.5,8.228571,8.228571,6.171428,2.21,2.21,2.21,0.0,0.0,0.0,4.1142855,4.1142855,2.0571427,2.0571427,2.0571427,0.0,2.8575,2.8575,1.3033333,0.0,0.0,0.0,2.0571427,2.0571427,2.0571427,0.0,0.0,0.0,43.75,26.742857
33643,451425,Zsombor Koppány Varga,2565,Puskas,1522,NB I,351,2026/2027,103,2008-01-31,False,,,Z.Varga,,,201.36667,0.07349682705742973,0.22994372,3.128621,0.0,0.0,0.15082861,1.3408376,1.3408376,0.0,0.89389175,2.2347293,2.2347293,6.7041883,8.938917,1.3408376,0.89389175,2.2347293,1.223313,0.93065554,2.1539686,1.0,0.89389175,1.7877835,0.0,0.89389175,1.0,4.9164047,0.029411764705882353,0.89389175,0.2,0.44694588,41.119022,0.2127659574468085,0.14893617021276595,0.6382978723404256,12.961431,0.3793103448275862,0.13793103448275862,0.4827586206896552,0.2857142857142857,0.8723404255319149,0.0,0.0,0.44694588,0.3333333333333333,0.0,0.9497149,0.44694588,1.4940984,1.4940984,1.3722787,1.3722787,0.15082861,0.0,3.3429067,3.3429067,3.0703464,3.0703464,0.03673524,0.03673524,0.03374007,0.03374007,Left Centre Midfielder,Centre Defensive Midfielder,2.2347293,3.575567,10.279756,17.43089,2.2347293,4.022513,0.2,0.0,0.031578947368421054,4.9164047,0.0,0.0,0.0,0.0,0.0,0.0,0.0,0.0,,0.07407407407407407,0.8333333333333334,0.19148936170212766,18.83585179105718,19.629513624237806,20.490554809570312,23.967334747314453,0.0,0.0,,0.0,0.0,0.031914894,0.14893617,0.0,0.4046511,6,33.56111,7.776858,0.0,0.0,0.38077235,-0.38077235,4.4694586,0.44694588,1.3408376,0.6666667,0.0,,1.0421357,1.1696773,-0.039007094,1.654703,35.308723,0.9493671,6.008631,1.0,2.6816752,0.44694588,0.0,0.0,0.0,16.149746,4.4694586,1.3408376,0,55.69293,10.279756,2.2347293,0.5897436,0.8333333,49.426052,52.270554,2026-08-30T17:00,2.2374074,0.2917919,0.2043246,-0.023594595,0.009407873,0.10165402,,1.7877835,8.938917,0.1636775,0.0,0.0,3.575567,5.479864,4.9813156,4.2754545,0.11940298,0.86567163,0.43283582,0.10526316,0.8684211,0.42105263,0.09090909,0.8181818,0.3181818,8.491972,6.7041883,0.7894737,4.022513,0.8181818,1.3408376,0.75,4.9164047,1.7877835,0.13402054,0.1209532,0.10492116,0.22093023,0.24444444,0.16666667,5.8102965,5.8102965,4.022513,4.2730002,4.4300003,3.02,0.0,0.0,0.0,4.4694586,4.4694586,3.128621,0.89389175,0.89389175,0.44694588,3.4541428,3.4541428,3.2585714,0.0,0.0,0.0,4.4694586,3.128621,0.89389175,1.7877835,1.3408376,0.0,201.36667,20.559511
33643,451416,Roland Orján,2565,Puskas,1522,NB I,351,2026/2027,103,2005-07-29,False,,,,,191.0,251.08334,0.08279754221439362,0.11871403,1.4337869,0.0,0.35844672,0.464613,2.1506803,2.1506803,0.35844672,0.0,1.4337869,1.4337869,3.5844672,5.0182543,1.0753402,0.35844672,1.4337869,0.9434635,0.22614062,1.1696042,0.42857142857142855,1.0753402,2.1506803,1.4337869,1.7922336,0.6153846153846154,2.8675737,0.021739130434782608,5.7351475,0.9,3.2260206,38.712246,0.248,0.128,0.624,7.885828,0.09090909090909091,0.22727272727272727,0.6818181818181818,0.0,0.8,0.0,0.0,2.1506803,0.6,0.0,4.184182,0.71689343,0.82596207,0.82596207,0.6588702,0.6065495,0.464613,0.35844672,2.3042812,2.3042812,1.838126,1.6921608,0.018887552,0.018887552,0.015066606,0.013870171,Right Back,Right Wing Back,6.452041,3.942914,13.620975,17.205442,0.71689343,4.3013606,1.0,0.0,0.009009009009009009,0.71689343,0.0,0.0,0.0,0.0,0.0,0.0,0.0,0.0,,0.05813953488372093,0.5882352941176471,0.136,19.3529609375,17.6643017578125,17.980587005615234,14.501001358032227,0.0,0.0,,0.0,0.0,0.064,0.192,0.0,0.3144016,4,62.770836,5.555924,0.0,0.0,0.58332705,-0.22488032,3.5844672,0.0,1.0753402,1.0,0.0,,0.91274416,0.806481,-0.21176471,-1.3723737,34.052437,0.9368421,4.3642583,0.2,2.8675737,0.71689343,0.0,0.0,0.0,14.325622,6.452041,1.0753402,2,38.744175,4.659807,1.7922336,0.27083334,0.625,32.58842,51.521957,2026-08-30T17:00,2.789815,0.44306856,0.31143934,-0.16099788,0.21653083,0.07609626,,0.71689343,9.319614,0.0,0.0,0.0,2.8675737,8.038687,6.6733336,6.788235,0.3220339,0.91525424,0.7118644,0.16666667,0.8666667,0.6333333,0.11764706,0.8235294,0.7058824,7.1689343,2.8675737,0.4,2.1506803,0.6,1.0753402,0.5,3.5844672,2.1506803,0.030180866,0.0278244,0.026183033,0.22222222,0.25641027,0.3,3.5844672,3.2260206,2.8675737,4.3,3.425,3.64,0.0,0.0,0.0,2.1506803,2.1506803,2.1506803,1.4337869,1.4337869,1.4337869,5.1695833,5.1695833,5.255,0.0,0.0,0.0,1.4337869,0.71689343,0.35844672,0.35844672,0.0,0.0,251.08334,20.431463
33643,438560,Farkas Bendegúz Bence,2565,Puskas,1522,NB I,351,2026/2027,103,2004-08-05,False,,,Bendegúz Farkas,,181.0,53.033333,,0.0,0.0,0.0,0.0,0.10748146,1.6970459,1.6970459,0.0,1.6970459,1.6970459,1.6970459,0.0,1.6970459,5.091138,1.6970459,6.7881837,2.398125,0.79937506,3.1975002,0.6,1.6970459,0.0,3.3940918,0.0,0.75,5.091138,0.0,1.6970459,0.0,0.0,28.849781,0.38095238095238093,0.09523809523809523,0.5238095238095238,1.6970459,0.0,0.0,1.0,,0.7142857142857143,,0.0,0.0,,0.0,0.79937506,0.0,0.20803663,0.20803663,0.20803663,0.20803663,0.10748146,0.0,0.12258751,0.12258751,0.12258751,0.12258751,0.0047149044,0.0047149044,0.0047149044,0.0047149044,Right Back,,1.6970459,6.7881837,8.4852295,18.667505,0.0,8.4852295,0.0,0.0,0.0,3.3940918,0.0,0.0,0.0,0.0,0.0,0.0,0.0,0.0,,0.18181818181818182,,0.0,21.370954241071427,21.92933349609375,,,0.0,0.0,,0.0,0.0,0.1904762,0.23809524,0.0,0.5555555,1,53.033333,5.091138,0.0,0.0,0.10748146,-0.10748146,1.6970459,0.0,1.6970459,1.0,0.0,,1.0261279,,,,20.364552,1.0,1.6517535,0.0,0.0,0.0,0.0,0.0,0.0,8.793125,11.879321,0.0,0,27.114113,1.6970459,0.0,0.09090909,,27.73142,39.35259,2026-08-30T17:00,0.58925927,0.18240957,0.12350894,,0.02253598,0.036364656,,0.0,8.4852295,0.0,0.0,0.0,5.091138,6.54,6.675,5.8,0.0,1.0,0.7777778,0.0,1.0,1.0,0.0,1.0,1.0,8.4852295,8.4852295,1.0,0.0,,0.0,,0.0,0.0,0.12704529,,,0.41666666,0.0,0.0,0.0,0.0,0.0,5.4066668,,,0.0,0.0,0.0,0.0,0.0,0.0,0.0,0.0,0.0,,,,0.0,0.0,0.0,5.091138,0.0,0.0,1.6970459,0.0,0.0,53.033333,23.758642
33643,425045,Kevin Mondovics,2565,Puskas,1522,NB I,351,2026/2027,103,2007-03-14,False,,,,,178.0,107.28333,0.18243417143821716,0.3060881,1.6778002,0.0,0.0,0.0,0.0,0.0,0.0,0.0,0.0,0.0,2.5167003,2.5167003,0.0,0.0,0.0,0.0,0.0,0.0,0.0,0.8389001,0.0,1.6778002,1.6778002,0.0,0.0,0.0,0.0,,0.0,15.939102,0.15,0.2,0.65,5.0334005,0.0,0.5,0.5,0.0,0.75,0.0,0.0,0.0,,0.0,0.0,0.0,0.4089748,0.4089748,0.1028867,0.1028867,0.0,0.0,0.4875131,0.4875131,0.12264475,0.12264475,0.016810797,0.016810797,0.0042291293,0.0042291293,Left Midfielder,,0.0,1.6778002,10.905702,23.489204,7.5501013,4.1945004,,0.0,0.045454545454545456,0.0,0.0,0.0,0.0,0.0,0.0,0.0,0.0,0.0,,0.07692307692307693,1.0,0.2,14.85,10.018666585286459,9.502500534057617,9.502500534057617,0.0,0.0,,0.0,0.0,0.05,0.25,0.0,0.0877193,2,53.641666,1.2583501,0.0,0.0,0.3060881,-0.3060881,1.6778002,2.5167003,3.3556004,0.25,0.0,,0.6746577,1.0,0.25,-5.3474994,20.133602,0.6666667,2.5645485,0.0,5.872301,0.0,0.0,0.0,0.0,22.175734,4.1945004,0.8389001,2,66.713684,19.294703,5.872301,0.8214286,1.0,63.945915,59.142025,2026-07-31T18:00,1.192037,-0.0505917,0.046100482,-0.11289147,-0.015239047,0.03143834,,0.0,7.5501013,0.0,0.0,0.0,4.1945004,3.3419049,2.73875,2.1081817,0.04761905,0.52380955,0.23809524,0.0,0.5,0.1875,0.0,0.45454547,0.09090909,4.1945004,2.5167003,0.6,2.5167003,1.0,1.6778002,1.0,2.5167003,1.6778002,0.014600102,0.024683088,0.02173736,0.2631579,0.25,0.2857143,5.872301,5.0334005,4.1945004,2.7350001,2.7350001,2.06,0.0,0.0,0.0,4.1945004,4.1945004,3.3556004,0.8389001,0.8389001,0.8389001,2.889,3.169,2.97625,0.0,0.0,0.0,1.6778002,1.6778002,0.8389001,0.0,0.0,0.0,107.28333,23.489204
33643,404167,Roland Szolnoki,2565,Puskas,1522,NB I,351,2026/2027,103,1992-01-21,False,,,,73.0,177.0,441.83334,0.09108328074216843,0.018553365,0.20369671,0.0,0.20369671,0.19557491,0.20369671,0.20369671,0.20369671,0.0,1.6295737,1.2221802,1.0184835,2.2406638,2.2406638,1.0184835,3.2591474,1.6275096,0.6893196,2.3168292,0.7857142857142857,0.0,1.2221802,0.6110901,0.40739343,0.5714285714285714,4.888721,0.03488372093023256,2.8517542,0.38461538461538464,1.0184835,31.57299,0.3641025641025641,0.09230769230769231,0.5435897435897435,4.4813275,0.5,0.0,0.5,0.0,0.7333333333333333,0.0,0.0,0.6110901,0.6,0.0,2.8969812,0.20369671,0.6245966,0.5857994,0.6060432,0.567246,0.19557491,0.20369671,3.0663068,2.8758411,2.9752235,2.7847579,0.016397363,0.01537883,0.015910286,0.014891753,Right Back,Left Back,3.8702376,7.5367785,3.055451,6.110902,0.20369671,2.2406638,0.25,0.0,0.0,2.6480572,0.6110901,0.0,0.0,0.0,0.0,0.0,0.0,0.0,,0.12280701754385964,0.3333333333333333,0.07692307692307693,24.52569110576923,22.385453657670453,21.632665634155273,16.288000106811523,0.0,0.0,,0.0,0.0,0.082051285,0.2974359,0.0,0.21794872,5,88.36667,3.4628441,0.0,0.0,0.21412827,-0.01043156,0.40739343,0.0,0.0,,0.40739343,,0.91273487,0.7529354,-0.4,-2.8930252,24.443607,0.9916667,2.259044,0.875,1.4258771,0.20369671,0.0,0.0,0.0,5.346864,3.4628441,0.40739343,5,37.368263,1.4258771,0.40739343,0.23333333,0.2857143,25.34424,46.069138,2026-08-22T13:30,4.9092593,0.25945306,0.16832952,-0.02959091,0.091738276,0.028976142,,0.20369671,5.2961144,0.0,0.0,0.0,1.8332704,9.459682,9.099189,5.807692,0.44761905,0.96190476,0.7904762,0.4864865,0.9459459,0.6486486,0.15384616,0.9230769,0.30769232,8.351565,4.6850247,0.5609756,1.6295737,0.72727275,1.4258771,0.53846157,2.2406638,2.6480572,0.09320888,0.053484336,0.049899556,0.29927006,0.31428573,0.8125,0.81478685,0.81478685,0.81478685,3.7527273,3.3140001,3.0275002,0.0,0.0,0.0,0.81478685,0.81478685,0.81478685,0.0,0.0,0.0,3.2350001,3.2350001,3.2350001,0.0,0.0,0.0,2.2406638,1.0184835,0.81478685,0.20369671,0.0,0.0,441.83334,9.573746
33643,404169,Daniel Lukacs,2565,Puskas,1522,NB I,351,2026/2027,103,1996-04-03,False,,,,73.0,182.0,570.8333,0.06544660146419819,0.13414165,2.0496352,0.15766424,0.31532848,0.41941422,1.8919709,1.8919709,0.31532848,0.63065696,1.8919709,1.4189781,4.8875914,6.3065696,0.7883212,0.31532848,1.1036496,0.62181836,0.20876299,0.83058137,0.8333333333333334,1.2613139,0.47299272,0.15766424,1.7343066,0.5882352941176471,1.5766424,0.0,0.7883212,0.16666666666666666,0.15766424,23.649635,0.16,0.21714285714285714,0.6228571428571429,7.410219,0.1702127659574468,0.2765957446808511,0.5531914893617021,0.23076923076923078,0.7257142857142858,0.0,0.0,0.7883212,0.3333333333333333,0.0,0.65787023,0.31532848,0.977267,0.8118268,0.5231855,0.48127508,0.41941422,0.31532848,6.1984067,5.1490865,3.3183522,3.0525317,0.03314656,0.027535222,0.017745199,0.016323699,Left Wing,Centre Forward,1.1036496,2.3649635,4.572263,9.932847,2.9956205,2.6802921,0.25,0.0,0.03625377643504532,1.8919709,0.94598544,0.0,0.0,0.0,0.0,0.0,0.0,0.0,,0.058823529411764705,0.75,0.11428571428571428,19.06125697544643,18.55559101254921,18.648998260498047,20.66666603088379,0.0,0.0,,0.0,0.0,0.06285714,0.28,0.0,0.29445505,6,95.138885,4.8560586,0.0,0.0,0.5535559,-0.2382274,3.941606,1.5766424,2.8379562,0.44444445,0.47299272,1.0,0.9734715,1.1081917,0.024285715,-0.41225794,26.487593,0.8333333,5.9920607,0.5,2.0496352,0.0,0.0,0.0,0.0,9.053579,3.1532848,0.94598544,6,56.66378,5.8335767,1.5766424,0.5873016,0.7692308,52.103855,61.67416,2026-08-30T17:00,6.3425922,0.112355806,0.16416366,-0.04497884,-0.011060399,0.004231394,,0.7883212,4.8875914,0.05540531,0.0,0.0,2.3649635,4.8663273,5.149506,4.937091,0.04032258,0.83064514,0.43548387,0.049382716,0.8765432,0.4814815,0.018181818,0.8909091,0.4909091,4.572263,2.5226278,0.55172414,1.5766424,0.47619048,1.2613139,0.42105263,3.310949,2.9956205,0.13152863,0.121530175,0.11498019,0.2248062,0.29166666,0.37254903,5.3605843,3.7839417,2.3649635,4.9108334,4.2933335,3.8328571,0.0,0.0,0.0,4.0992703,3.1532848,2.0496352,1.2613139,1.1036496,0.63065696,3.6272223,4.0296664,3.7966666,0.15766424,0.0,0.0,1.8919709,1.4189781,1.1036496,0.94598544,0.63065696,0.31532848,570.8333,11.194161
33643,396413,Bendegúz Lehoczki,2565,Puskas,1522,NB I,351,2026/2027,103,2006-12-28,False,,,,,195.0,588.93335,,0.0,0.0,0.0,0.0,0.0,0.0,0.0,0.0,0.15281865,0.0,0.0,0.0,0.0,0.0,0.0,0.0,0.0,0.0,0.0,,0.15281865,0.0,0.0,0.0,0.48148148148148145,7.94657,0.0,0.15281865,1.0,0.15281865,30.258093,0.3991769547325103,0.0,0.6008230452674898,0.6112746,1.0,0.0,0.0,,0.7695473251028807,,0.0,0.0,,0.0,0.112451844,0.0,0.3473262,0.29872015,0.3473262,0.29872015,0.0,0.0,2.2727997,1.9547362,2.2727997,1.9547362,0.010237836,0.0088051185,0.010237836,0.0088051185,Goalkeeper,,3.6676476,12.989586,0.0,0.0,0.0,0.0,,0.0,0.0,0.6112746,0.0,16.198778,1.0697306,1.6558646,1.3507135,0.7666666666666666,0.705377705891927,0.28098288,0.06128896077473958,0.20245398773006135,0.7441860465116279,0.17695473251028807,36.41716097608025,29.436147434826204,36.74302291870117,32.052188873291016,4.5845594,1.3507135,0.2830188679245283,1.4149185,-0.04010593,0.053497944,0.24691358,13.926067,0.20554492,6,98.155556,3.2856011,0.0,0.0,0.0,0.0,0.0,0.0,0.15281865,1.0,0.0,,0.8083043,0.872334,-0.025361279,0.32586116,25.367895,1.0,4.5746784,,0.0,0.0,0.0,0.0,0.0,0.0,9.321938,0.0,6,,0.0,0.0,,,2.4702537,9.380444,2026-08-30T17:00,6.543704,0.28429988,0.08229367,,0.000352928,0.094694056,0.1069592,0.0,3.973285,0.0,0.3056373,0.15281865,0.0,15.562497,,,0.7888889,0.9777778,0.9444444,,,,,,,4.737378,1.9866425,0.41935483,0.0,,0.0,,0.0,0.0,0.018669968,,,0.23134328,,,0.0,0.0,0.0,5.601667,,,0.0,0.0,0.0,0.0,0.0,0.0,0.0,0.0,0.0,,,,0.15281865,0.0,0.0,0.9169119,0.0,0.0,0.45845595,0.0,0.0,588.93335,0.0
33643,396410,Martin Kern,2565,Puskas,1522,NB I,351,2026/2027,103,2006-03-23,False,,,,,176.0,440.83334,0.15086066722869873,0.21559672,1.4291115,0.2041588,0.2041588,0.07823861,1.2249527,1.0207939,0.0,0.4083176,1.4291115,1.0207939,2.2457466,3.2665408,1.4291115,0.4083176,1.837429,0.8251365,0.21626258,1.041399,0.6363636363636364,1.4291115,2.858223,0.8166352,1.837429,0.5416666666666666,2.6540642,0.0,2.0415878,0.375,0.61247635,38.994328,0.27040816326530615,0.15306122448979592,0.576530612244898,8.37051,0.2682926829268293,0.07317073170731707,0.6585365853658537,0.2857142857142857,0.6836734693877551,0.14285714285714285,0.2041588,0.61247635,0.6,0.0,1.588088,0.2041588,0.54740983,0.510071,0.33300743,0.33006477,0.04384238,0.0,2.6812944,2.498403,1.6311197,1.6167061,0.0145722525,0.013578278,0.008864781,0.008786446,Left Centre Midfielder,Left Defensive Midfielder,2.2457466,4.695652,12.045369,17.965973,0.2041588,4.2873344,0.2857142857142857,0.03439623,0.016901408450704224,3.0623817,1.837429,0.0,0.0,0.0,0.0,0.0,0.0,0.0,,0.8636363636363636,0.6451612903225806,0.15816326530612246,19.203622000558035,18.615895741021454,14.799355506896973,15.981000900268555,0.0,0.0,,0.0,0.0,0.06122449,0.28061223,0.0,0.30088496,6,73.47222,4.1648393,0.0,0.2041588,0.29383528,-0.08967654,2.6540642,0.0,1.4291115,1.0,0.4083176,,0.96939504,1.0798444,-0.038512178,-4.4042664,35.11531,0.94186044,3.7314599,0.0,4.2873344,0.61247635,0.0,0.0,0.0,12.709035,5.716446,1.2249527,6,46.26728,7.553875,2.0415878,0.42045453,0.47619048,43.651516,50.303726,2026-08-30T17:00,4.898148,0.044143513,0.009329072,0.029950196,-0.0066252565,0.011489511,,0.2041588,8.166351,0.2028194,0.0,0.0,3.674858,6.354047,5.7187233,4.782273,0.1764706,0.90756303,0.53781515,0.10638298,0.9574468,0.5106383,0.0,1.0,0.4090909,8.778828,3.879017,0.44186047,2.858223,0.6086956,1.4291115,0.7,4.695652,2.0415878,0.04190297,0.042526253,0.028102161,0.24855492,0.34848484,0.3030303,4.0831757,1.837429,1.2249527,3.9957142,3.6729999,3.338,0.4083176,0.2041588,0.0,3.879017,1.837429,1.2249527,1.6332704,0.61247635,0.2041588,5.3377194,4.522222,3.3600001,0.0,0.0,0.0,2.858223,2.0415878,1.0207939,0.61247635,0.4083176,0.2041588,440.83334,22.253307
33643,160378,Michael Okeke,2565,Puskas,1522,NB I,351,2026/2027,103,2005-10-16,False,,,,,186.0,516.4667,0.07213208576043446,0.03770943,0.522783,0.0,0.0,0.035484437,0.697044,0.697044,0.0,0.0,0.522783,0.522783,0.522783,1.045566,1.7426101,0.87130505,2.613915,1.3565251,0.57884824,1.9353731,0.5555555555555556,0.348522,2.788176,1.394088,1.219827,0.5142857142857142,3.136698,0.0,1.219827,0.125,0.174261,35.20072,0.20276497695852536,0.15668202764976957,0.6405529953917051,7.1447005,0.2682926829268293,0.07317073170731707,0.6585365853658537,0.0,0.8064516129032258,0.0,0.0,0.174261,0.3333333333333333,0.0,0.8901579,0.0,0.6304573,0.6001772,0.58913904,0.55885893,0.035484437,0.0,3.6178908,3.444128,3.3807852,3.2070224,0.018648922,0.017753238,0.017426727,0.016531043,Right Centre Midfielder,Right Defensive Midfielder,1.9168711,5.402091,10.629921,18.471666,0.697044,5.9248743,0.3333333333333333,0.0,0.0026666666666666666,4.356525,1.045566,0.0,0.0,0.0,0.0,0.0,0.0,0.0,,0.27607361963190186,0.7307692307692307,0.11981566820276497,22.430506552419356,20.620341796875,21.37192153930664,16.786842346191406,0.0,0.0,,0.0,0.0,0.02764977,0.15668203,0.0,0.23894736,6,86.07778,3.9557245,0.0,0.0,0.07319386,-0.073193856,1.219827,0.348522,0.697044,0.5,0.0,,0.919299,0.7854625,-0.07568238,-1.0585841,28.230282,0.93209875,5.157766,0.3,4.182264,0.174261,0.0,0.0,0.0,13.959781,7.8417454,1.219827,6,39.04973,4.879308,1.219827,0.26415095,0.29166666,36.92348,47.936714,2026-08-30T17:00,5.7385187,0.02683169,0.014285419,-0.035768066,0.0003994529,0.04791488,,0.174261,8.887311,0.0,0.0,0.0,3.310959,5.5600095,5.4201612,5.2910523,0.09848485,0.8863636,0.46212122,0.06451613,0.9354839,0.5,0.05263158,0.94736844,0.47368422,7.493223,4.182264,0.55813956,1.9168711,0.64705884,0.348522,0.4,2.9624372,0.87130505,0.033439625,0.007986559,-0.0025938458,0.23369566,0.27868852,0.20833333,2.9624372,1.219827,0.348522,7.022105,7.472,6.535,0.174261,0.0,0.0,2.091132,0.697044,0.174261,0.697044,0.348522,0.0,4.7503333,4.685,3.85,0.522783,0.522783,0.0,3.310959,1.7426101,0.348522,2.265393,0.87130505,0.174261,516.4667,22.653929
33643,73886,Zsolt Nagy,2565,Puskas,1522,NB I,351,2026/2027,103,1993-05-25,False,,,,74.0,188.0,21.133333,,0.0,0.0,0.0,0.0,0.0,0.0,0.0,0.0,0.0,0.0,0.0,0.0,0.0,4.258675,0.0,4.258675,2.0060027,0.0,2.0060027,1.0,0.0,8.51735,0.0,0.0,0.5,4.258675,0.0,4.258675,1.0,4.258675,25.552052,0.5714285714285714,0.0,0.42857142857142855,0.0,,,,,0.5714285714285714,,0.0,0.0,0.0,0.0,2.0060027,0.0,0.0,0.0,0.0,0.0,0.0,0.0,0.0,0.0,0.0,0.0,0.0,0.0,0.0,0.0,Left Back,,4.258675,8.51735,12.776026,25.552052,0.0,8.51735,,0.0,0.0,8.51735,8.51735,0.0,0.0,0.0,0.0,0.0,0.0,0.0,,0.6666666666666666,0.5,0.2857142857142857,21.4471435546875,26.114999771118164,12.855000495910645,19.280000686645508,0.0,0.0,,0.0,0.0,0.42857143,0.71428573,0.0,1.0,1,21.133333,1.7034701,0.0,0.0,0.0,0.0,0.0,0.0,0.0,,0.0,,1.2176447,1.4998056,-0.071428575,-8.592143,21.293377,1.0,7.334424,,4.258675,0.0,0.0,0.0,0.0,12.036016,8.51735,0.0,0,15.170615,0.0,0.0,0.0,0.0,19.416042,36.014286,2026-08-30T17:00,0.23481481,-2.9665282,0.10649837,,-3.1772196,0.10419304,,0.0,8.51735,0.0,0.0,0.0,4.258675,10.83,,,1.0,1.0,1.0,,,,,,,4.258675,0.0,0.0,0.0,0.0,0.0,0.0,4.258675,4.258675,-0.04548404,-0.04548404,-0.04548404,0.25,1.0,1.0,0.0,0.0,0.0,,,,0.0,0.0,0.0,0.0,0.0,0.0,0.0,0.0,0.0,,,,0.0,0.0,0.0,0.0,0.0,0.0,0.0,0.0,0.0,21.133333,38.328075
33643,39464,András Németh,2565,Puskas,1522,NB I,351,2026/2027,103,2002-11-09,False,,,,78.0,187.0,417.0833,0.28475152362476697,0.6758937,2.3736265,0.6473527,0.8631369,0.08264855,0.8631369,0.8631369,0.21578422,0.0,0.43156844,0.43156844,8.631369,9.062938,0.43156844,0.0,0.43156844,0.42262524,0.0,0.42262524,0.4,1.2947054,1.2947054,0.6473527,2.1578422,0.3333333333333333,0.43156844,0.04285714285714286,0.21578422,0.2962962962962963,1.7262738,19.204796,0.13,0.16,0.71,6.473527,0.16666666666666666,0.13333333333333333,0.7,0.45454545454545453,0.71,0.2727272727272727,0.6473527,0.21578422,0.2,0.21578422,0.12693442,1.0789211,1.1368161,1.1368161,0.67712593,0.67712593,0.08264855,0.21578422,5.2683005,5.2683005,3.137977,3.137977,0.03583878,0.03583878,0.021346781,0.021346781,Centre Forward,Left Centre Forward,0.43156844,1.0789211,6.905095,16.183817,3.4525476,3.2367635,0.0,0.0,0.04524886877828054,2.3736265,3.0209792,0.0,0.0,0.0,0.0,0.0,0.0,0.0,,0.208955223880597,0.4782608695652174,0.23,15.987900390625,15.885915836817782,14.237390518188477,16.203636169433594,0.0,0.0,,0.0,0.0,0.11,0.34,0.0,0.24999997,6,69.513885,4.4235764,0.0,0.0,0.7585423,0.10459462,3.2367635,0.8631369,2.1578422,0.6,0.0,,0.9936212,1.1381043,-0.23173913,-1.7505095,23.736265,0.8,5.0686545,0.0,3.884116,0.21578422,0.0,0.0,0.0,13.270785,3.884116,1.0789211,5,65.13749,13.162837,3.0209792,0.81333333,0.7777778,61.98536,61.63137,2026-08-30T17:00,4.634259,0.38490438,-0.08696507,0.21617837,0.047428265,0.20826285,,1.5104896,4.3156843,0.6995748,0.0,0.0,2.805195,3.2862456,3.1602042,3.0023334,0.02631579,0.6184211,0.23684211,0.020408163,0.5714286,0.2244898,0.033333335,0.53333336,0.2,2.1578422,0.6473527,0.3,0.6473527,0.33333334,0.6473527,0.6,1.942058,1.0789211,0.028606223,0.029347744,0.033776652,0.12658228,0.1764706,0.18518518,9.062938,6.473527,3.884116,2.62,2.62,2.62,0.0,0.0,0.0,4.747253,3.2367635,1.7262738,1.5104896,0.8631369,0.43156844,3.1005628,2.976635,3.2675,0.0,0.0,0.0,0.6473527,0.6473527,0.6473527,0.0,0.0,0.0,417.0833,17.910091
33643,12410,Palkó Dárdai,2565,Puskas,1522,NB I,351,2026/2027,103,1999-04-24,False,Palkó,Dárdai,,67.0,180.0,326.21664,0.10703248977661133,0.14764611,1.3794514,0.2758903,0.2758903,0.19102544,1.6553417,1.1035612,0.0,0.2758903,1.6553417,0.8276709,4.1383543,4.966025,1.1035612,0.2758903,1.3794514,0.63698107,0.17405654,0.81103766,0.5714285714285714,0.5517806,0.8276709,0.8276709,2.4830124,0.5714285714285714,2.2071223,0.0,0.5517806,0.6666666666666666,1.1035612,22.623003,0.12903225806451613,0.23655913978494625,0.6344086021505376,5.5178056,0.2,0.2,0.6,0.6,0.7204301075268817,0.2,0.2758903,0.5517806,0.2222222222222222,0.0,0.3329694,0.8276709,0.8206784,0.46615958,0.31201547,0.2815746,0.09221141,0.0,2.9746552,1.6896557,1.1309404,1.0206037,0.030353624,0.017241385,0.011540209,0.010414323,Right Wing,Left Wing Back,0.8276709,3.5865734,9.38027,16.277525,2.2071223,2.4830124,0.16666666666666666,0.09881402,0.022857142857142857,3.0347931,0.8276709,0.0,0.0,0.0,0.0,0.0,0.0,0.0,,0.8,0.6666666666666666,0.22580645161290322,19.071290375084004,18.582388351212686,13.775238037109375,14.382857322692871,0.0,0.0,,0.0,0.0,0.13978495,0.34408602,0.0,0.37422037,6,54.369442,4.966025,0.0,0.5517806,0.3386715,-0.06278126,3.0347931,0.5517806,1.1035612,0.5,0.8276709,,0.9743645,1.0441096,-0.05376344,-5.2960525,24.002453,0.81609195,5.4678907,0.0,1.6553417,0.0,0.0,0.0,0.0,12.034229,3.3106835,0.5517806,4,42.19147,6.897257,0.5517806,0.42372882,0.33333334,40.1843,56.987724,2026-08-30T17:00,3.6246295,0.31074932,0.20618491,0.09370253,0.0023032501,0.0085586505,,0.2758903,3.0347931,0.2922863,0.0,0.0,1.1035612,6.0173573,5.9562435,4.6695,0.12698413,0.8730159,0.5714286,0.0952381,0.88095236,0.5952381,0.0,0.85,0.5,3.3106835,1.6553417,0.5,1.1035612,0.5,0.8276709,0.3,2.2071223,2.7589028,0.017424637,0.008250018,0.01067683,0.16,0.20512821,0.45454547,5.5178056,3.8624637,2.7589028,2.9633334,2.61,3.21,0.0,0.0,0.0,4.4142447,3.3106835,2.2071223,2.2071223,1.6553417,1.1035612,4.329479,4.357222,3.8268752,0.0,0.0,0.0,0.8276709,0.5517806,0.2758903,0.0,0.0,0.0,326.21664,18.208757
33643,404330,Erik Kusnyír,2206,Debrecen,1522,NB I,351,2026/2027,103,2000-02-07,False,,,,72.0,177.0,43.55,,0.0,0.0,0.0,0.0,0.0,0.0,0.0,0.0,0.0,0.0,0.0,0.0,0.0,2.0665903,0.0,2.0665903,2.7589622,0.0,2.7589622,1.0,0.0,0.0,0.0,2.0665903,0.5,4.1331806,0.0,4.1331806,0.0,0.0,28.932262,0.3125,0.0,0.6875,10.332951,0.6,0.0,0.4,,0.6875,,0.0,0.0,0.0,0.0,5.5179243,0.0,1.2352332,1.1248294,1.2352332,1.1248294,0.0,0.0,0.5977156,0.54429245,0.5977156,0.54429245,0.027168892,0.024740566,0.027168892,0.024740566,,,4.1331806,8.266361,4.1331806,12.399541,2.0665903,8.266361,,0.0,0.0,12.399541,2.0665903,0.0,0.0,0.0,0.0,0.0,0.0,0.0,,0.2,1.0,0.0625,24.811248779296875,21.755454323508523,6.550000190734863,6.550000190734863,0.0,0.0,,0.0,0.0,0.0625,0.1875,0.0,0.2924528,1,43.55,6.4064293,0.0,0.0,0.0,0.0,0.0,0.0,0.0,,0.0,,0.8768383,1.0,0.3125,-18.26125,22.73249,0.90909094,4.9817753,,4.1331806,0.0,0.0,0.0,0.0,16.553774,10.332951,2.0665903,0,47.78161,4.1331806,4.1331806,0.33333334,1.0,43.663177,46.525,2026-08-02T13:30,0.4838889,0.24155486,0.22664449,,-0.032427724,0.04733814,,0.0,6.1997705,0.0,0.0,0.0,4.1331806,8.614285,7.423333,2.41,0.14285715,1.0,0.85714287,0.33333334,1.0,0.6666667,0.0,1.0,0.0,10.332951,6.1997705,0.6,4.1331806,0.6666667,0.0,0.0,6.1997705,4.1331806,0.019472329,0.035056114,0.018626483,0.41666666,0.6,1.0,2.0665903,2.0665903,2.0665903,2.7933333,3.135,,0.0,0.0,0.0,2.0665903,2.0665903,2.0665903,0.0,0.0,0.0,2.41,2.41,2.41,0.0,0.0,0.0,6.1997705,4.1331806,0.0,0.0,0.0,0.0,43.55,14.466131
33643,484097,Gergő Tercza,2206,Debrecen,1522,NB I,351,2026/2027,103,2007-01-09,False,,,,,,324.08334,0.036657821387052536,0.020360218,0.5554127,0.0,0.0,0.049647562,0.83311903,0.5554127,0.0,0.0,1.1108254,0.5554127,0.5554127,1.1108254,1.6662381,1.1108254,2.7770636,2.0788949,1.3891051,3.4679997,0.6,0.5554127,1.9439445,1.1108254,1.3885318,0.5714285714285714,2.2216508,0.038461538461538464,1.9439445,0.4,1.1108254,32.76935,0.1962025316455696,0.12025316455696203,0.6835443037974683,8.608896,0.2903225806451613,0.0967741935483871,0.6129032258064516,0.0,0.7784810126582279,0.0,0.0,0.5554127,0.4,0.0,2.4091966,0.27770635,0.4160845,0.41377336,0.40046352,0.40046352,0.047336426,0.0,1.4982896,1.4899673,1.4420395,1.4420395,0.0096044205,0.0095510725,0.009243843,0.009243843,Right Back,,2.4993572,3.3324761,7.775778,9.719722,0.83311903,3.3324761,0.25,0.0023111338,0.0,4.165595,1.6662381,0.0,0.0,0.0,0.0,0.0,0.0,0.0,,0.17204301075268819,0.7647058823529411,0.10759493670886076,20.535948934434334,19.370325600228657,19.43470573425293,19.85307502746582,0.0,0.0,,0.0,0.0,0.06962025,0.21518987,0.0,0.21052632,5,64.816666,4.8876314,0.0,0.27770635,0.07000778,-0.07000778,1.3885318,0.27770635,0.83311903,0.6666667,0.5554127,,0.94323987,1.0215269,-0.013775131,-1.101244,30.269993,0.94495416,6.9516115,0.2,0.5554127,0.0,0.0,0.0,0.0,12.5306425,4.4433017,0.0,4,31.883451,1.3885318,0.0,0.14285715,0.0,31.911057,51.274326,2026-08-28T18:00,3.600926,0.14796177,0.087431446,-0.035169553,0.026128255,0.06957159,,0.0,9.1643095,0.0,0.0,0.0,4.721008,7.7927275,7.8433332,7.375,0.3030303,0.8484849,0.6666667,0.3030303,0.8787879,0.6666667,0.22222222,0.8888889,0.6666667,3.0547698,1.1108254,0.36363637,1.1108254,0.5714286,0.83311903,0.33333334,1.9439445,2.4993572,0.0042451457,0.0059329206,0.0033878211,0.12087912,0.17073171,0.36,0.83311903,0.5554127,0.5554127,3.6233332,3.6233332,3.3500001,0.0,0.0,0.0,0.5554127,0.5554127,0.5554127,0.27770635,0.27770635,0.27770635,6.0075,6.7000003,6.7000003,0.0,0.0,0.0,0.83311903,0.83311903,0.5554127,0.0,0.0,0.0,324.08334,13.329905
33643,136683,Ákos Szendrei,2206,Debrecen,1522,NB I,351,2026/2027,103,2003-01-23,False,,,,,184.0,446.53333,0.1570499300956726,0.3165384,2.015527,0.2015527,0.6046581,0.23647882,1.4108689,1.4108689,0.4031054,0.0,0.6046581,0.6046581,7.2558975,7.8605556,0.4031054,0.0,0.4031054,0.44609633,0.0,0.44609633,0.5,0.6046581,0.2015527,0.4031054,2.015527,0.5,0.4031054,0.029850746268656716,0.6046581,0.2692307692307692,1.4108689,11.690057,0.16901408450704225,0.28169014084507044,0.5492957746478874,5.2403703,0.15384615384615385,0.19230769230769232,0.6538461538461539,0.4,0.704225352112676,0.1,0.2015527,0.6046581,0.75,0.0,0.6900176,1.0077635,0.6865692,0.6865692,0.36857823,0.36857823,0.23647882,0.4031054,3.4064002,3.4064002,1.828694,1.828694,0.030145135,0.030145135,0.016183132,0.016183132,Centre Forward,,0.6046581,0.8062108,9.271424,15.519558,2.015527,4.031054,0.3333333333333333,0.0,0.046357615894039736,1.4108689,0.8062108,0.0,0.0,0.0,0.0,0.0,0.0,0.0,,0.18604651162790697,0.6153846153846154,0.18309859154929578,14.461690553477112,14.55,8.74307632446289,10.471250534057617,0.0,0.0,,0.0,0.0,0.08450704,0.33802816,0.0,0.1833713,6,74.42222,3.2449985,0.0,0.0,0.5530172,0.051640905,3.426396,0.2015527,0.8062108,0.75,0.0,,1.0061065,1.197662,-0.08884074,-5.718614,12.093162,0.73333335,6.3733993,0.0,1.8139744,0.0,0.0,0.0,0.0,19.547874,4.635712,0.8062108,6,69.00004,12.899373,1.4108689,0.83116883,0.7777778,66.80047,63.402756,2026-08-28T18:00,4.9614816,-0.106905445,0.04921344,-0.20377143,0.09877902,-0.051126476,,1.4108689,3.0232904,0.2561726,0.0,0.0,2.015527,2.657255,2.5702128,2.4415789,0.0,0.4509804,0.13725491,0.0,0.44680852,0.10638298,0.0,0.39473686,0.13157895,1.4108689,0.4031054,0.2857143,0.4031054,0.2857143,0.4031054,0.5,1.4108689,0.8062108,0.009535038,0.009535038,0.015697882,0.14583333,0.18421052,0.14285715,6.248134,6.248134,5.441923,,,,0.0,0.0,0.0,2.4186325,2.4186325,2.015527,0.6046581,0.6046581,0.6046581,2.921139,2.921139,3.2007716,0.0,0.0,0.0,0.0,0.0,0.0,0.0,0.0,0.0,446.53333,16.124216
33643,566866,Sain Balázs Csaba,2206,Debrecen,1522,NB I,351,2026/2027,103,2006-06-09,False,,,Balázs Sain,,,186.43333,0.08411722779273986,0.2030364,2.4137316,0.0,0.0,0.0,0.0,0.0,0.0,0.0,0.48274627,0.48274627,4.3447165,4.827463,3.3792238,0.96549255,4.3447165,3.6798878,0.99508226,4.67497,0.7,0.96549255,0.48274627,1.4482388,2.4137316,0.3333333333333333,0.48274627,0.0,0.96549255,0.0,0.0,20.275343,0.18181818181818182,0.22727272727272727,0.5909090909090909,6.7584476,0.07142857142857142,0.2857142857142857,0.6428571428571429,0.0,0.7954545454545454,0.0,0.0,0.0,0.0,0.0,1.1017909,0.0,0.3302307,0.3302307,0.12522517,0.12522517,0.0,0.0,0.6840668,0.6840668,0.25940162,0.25940162,0.011594352,0.011594352,0.0043966374,0.0043966374,Left Centre Midfielder,Right Centre Midfielder,0.96549255,1.4482388,10.620419,18.827105,1.4482388,6.7584476,0.0,0.0,0.038834951456310676,1.9309851,0.96549255,0.0,0.0,0.0,0.0,0.0,0.0,0.0,,0.2647058823529412,0.5,0.045454545454545456,14.265681873668324,13.277427455357143,8.104999542236328,11.649999618530273,0.0,0.0,,0.0,0.0,0.022727273,0.18181819,0.0,0.14409222,4,46.608334,2.4137316,0.0,0.0,0.2030364,-0.20303641,2.4137316,0.48274627,1.4482388,0.6666667,0.0,,0.93072504,1.4373844,-0.29545453,-6.160682,22.689074,0.82978725,5.242934,0.33333334,6.275702,0.0,0.0,0.0,0.0,22.490194,7.2411947,2.8964777,3,54.006733,10.137671,3.8619702,0.53846157,0.61538464,52.368042,56.309044,2026-08-16T14:30,2.0714815,-0.15072694,-0.08120097,-0.16378297,0.0819945,0.012262489,,0.48274627,1.9309851,0.0,0.0,0.0,0.0,3.568854,3.4727716,2.4125555,0.027777778,0.6388889,0.16666667,0.04347826,0.6086956,0.13043478,0.0,0.46666667,0.0,1.9309851,0.48274627,0.25,0.48274627,0.5,0.48274627,0.5,0.96549255,0.96549255,0.0067595798,0.01340521,0.01340521,0.11111111,0.10526316,0.2,6.275702,4.3447165,2.8964777,,,,0.0,0.0,0.0,3.8619702,2.4137316,0.96549255,0.96549255,0.48274627,0.0,3.6466668,3.8575,2.8025,0.0,0.0,0.0,0.0,0.0,0.0,0.0,0.0,0.0,186.43333,22.689074
33643,411567,Dominik Kocsis,2206,Debrecen,1522,NB I,351,2026/2027,103,2002-08-01,False,,,,,175.0,176.81667,0.061314426362514496,0.24967322,4.0720143,0.0,0.0,0.08873075,1.5270054,0.5090018,0.0,0.0,2.545009,1.0180036,3.5630126,4.581016,0.0,0.5090018,0.5090018,0.0,0.7185849,0.7185849,,1.5270054,0.5090018,0.0,1.5270054,0.2727272727272727,1.5270054,0.0,0.0,1.0,1.0180036,26.977095,0.13559322033898305,0.1016949152542373,0.7627118644067796,8.65303,0.23529411764705882,0.23529411764705882,0.5294117647058824,0.125,0.559322033898305,0.0,0.0,0.0,0.0,0.0,0.0,0.0,0.56036144,0.48393795,0.37820995,0.37820995,0.016597087,0.0,1.1009027,0.9507588,0.74304247,0.74304247,0.017474646,0.01509141,0.011794325,0.011794325,Right Wing,Right Midfielder,0.0,5.59902,8.144029,12.216043,0.5090018,2.0360072,0.0,0.07213367,0.056074766355140186,4.581016,3.0540109,0.0,0.0,0.0,0.0,0.0,0.0,0.0,,0.875,0.6666666666666666,0.1016949152542373,23.146105750132417,20.648485588304926,19.253332138061523,18.645000457763672,0.0,0.0,,0.0,0.0,0.06779661,0.3898305,0.0,0.31862742,2,88.40833,6.617023,0.0,1.0180036,0.33840397,-0.33840397,5.59902,0.0,1.5270054,1.0,1.5270054,,0.8920933,0.9684038,0.107344635,-3.892773,31.049109,0.93442625,9.62628,,3.0540109,0.0,0.0,0.0,0.0,16.777418,3.0540109,0.5090018,2,49.12651,5.59902,1.5270054,0.45833334,0.5,52.325153,68.2324,2026-08-02T13:30,1.9646297,0.09384111,-0.008898152,-0.15193743,-0.00646285,0.2611396,,0.0,5.090018,0.071124285,0.0,0.0,3.5630126,7.6697917,7.46025,7.288636,0.22916667,0.9583333,0.6666667,0.225,0.95,0.65,0.18181819,1.0,0.6818182,9.162032,2.545009,0.2777778,2.545009,0.29411766,1.5270054,0.27272728,8.65303,5.59902,-0.015957218,-0.011032357,0.008068031,0.4,0.4722222,0.55,2.0360072,2.0360072,1.0180036,2.34,2.34,2.34,1.0180036,1.0180036,0.5090018,2.0360072,2.0360072,1.0180036,1.5270054,1.5270054,1.0180036,9.570001,9.570001,9.24,0.0,0.0,0.0,0.5090018,0.5090018,0.5090018,0.0,0.0,0.0,176.81667,12.725044
33643,484628,Dominik István Soltész,2484,Kisvárda,1522,NB I,351,2026/2027,103,2000-11-29,False,,,Dominik Soltész,73.0,179.0,587.45,0.03452550218655513,0.068763025,1.9916589,0.0,0.30640903,0.25494424,1.8384542,0.61281806,0.30640903,0.30640903,3.0640905,1.0724317,0.9192271,1.9916589,2.2980678,0.61281806,2.910886,1.5951895,0.3660881,1.9612778,0.6818181818181818,0.61281806,1.2256361,1.0724317,1.0724317,0.4146341463414634,5.208954,0.03773584905660377,2.910886,0.5714285714285714,1.2256361,30.181292,0.3006993006993007,0.10139860139860139,0.5979020979020979,7.353817,0.4166666666666667,0.125,0.4583333333333333,0.07692307692307693,0.6783216783216783,0.0,0.0,1.2256361,0.3333333333333333,0.0,2.2260978,0.0,0.72496295,0.45610633,0.4971026,0.38589096,0.07822875,0.0,4.7319946,2.9771075,3.2446992,2.5187962,0.015879177,0.0099902935,0.010888252,0.008452336,Left Back,,3.9833179,11.490339,8.11984,11.18393,1.0724317,4.442931,0.35,0.17671552,0.01411764705882353,4.442931,1.0724317,0.0,0.0,0.0,0.0,0.0,0.0,0.0,,0.7972027972027972,0.6176470588235294,0.11888111888111888,27.17338935478584,23.414895598421392,22.523235321044922,19.19571304321289,0.0,0.0,,0.0,0.0,0.08741259,0.27972028,0.0,0.3955752,6,97.90833,6.8482413,0.30640903,1.2256361,0.32370728,-0.017298233,3.830113,0.45961356,1.0724317,0.5714286,1.9916589,,0.86168474,0.8522627,-0.06067462,-4.6501546,27.730019,0.93370163,4.359424,0.125,2.1448634,0.30640903,0.0,0.0,0.0,7.064062,5.9749765,0.45961356,6,28.482222,2.604477,1.5320452,0.23287672,0.71428573,25.232841,55.092407,2026-08-30T14:30,6.527222,0.29001623,0.29724556,-0.065264545,-0.022966912,0.08100218,,0.0,9.651885,0.004185622,0.0,0.0,3.0640905,6.5420485,6.203915,5.232857,0.15189873,0.9113924,0.65822786,0.10638298,0.9361702,0.63829786,0.0,0.95238096,0.61904764,6.256389,2.5761604,0.4117647,1.4720917,0.61538464,0.73604584,0.26666668,2.392149,2.760172,0.04897296,0.030534592,0.031060662,0.29310346,0.26530612,0.65217394,0.0,0.0,0.0,5.1425,7.125,3.3,0.0,0.0,0.0,0.0,0.0,0.0,0.0,0.0,0.0,,,,0.18401146,0.18401146,0.0,1.4720917,0.73604584,0.18401146,0.5520344,0.36802292,0.0,489.09998,14.707634
33643,433136,Ákos Ésik,2484,Kisvárda,1522,NB I,351,2026/2027,103,2006-01-09,False,,,,,,242.45,0.08059621602296829,0.11967266,1.4848423,0.37121058,0.37121058,0.10166357,0.74242115,0.74242115,0.0,0.0,0.37121058,0.37121058,4.0833163,4.454527,0.37121058,0.0,0.37121058,0.34443554,0.0,0.34443554,0.3333333333333333,0.74242115,1.1136317,0.74242115,1.8560528,0.0,0.0,0.0,0.37121058,0.5,0.74242115,12.99237,0.1111111111111111,0.2222222222222222,0.6666666666666666,3.3408952,0.1111111111111111,0.2222222222222222,0.6666666666666666,0.25,0.6388888888888888,0.25,0.37121058,1.1136317,0.5,0.0,0.18782932,0.74242115,0.32995158,0.32995158,0.19623378,0.19623378,0.10166357,0.0,0.8888529,0.8888529,0.528632,0.528632,0.018139854,0.018139854,0.010788408,0.010788408,Left Midfielder,Left Wing,0.37121058,0.37121058,5.568158,7.795422,1.1136317,2.2272635,1.0,0.0,0.037037037037037035,1.1136317,1.4848423,0.0,0.0,0.0,0.0,0.0,0.0,0.0,,0.35,0.2,0.2777777777777778,15.75972154405382,13.008260975713315,18.291000366210938,14.494999885559082,0.0,0.0,,0.0,0.0,0.027777778,0.25,0.0,0.12236288,4,60.6125,2.1530213,0.0,0.0,0.22133622,0.14987433,2.2272635,0.37121058,1.1136317,0.6666667,0.0,,0.82541186,0.7924662,-0.43888888,2.5312788,16.704475,0.8666667,6.4522967,0.5,0.74242115,0.0,0.0,0.0,0.0,5.623476,2.598474,0.37121058,4,51.064053,4.454527,0.74242115,0.5714286,1.0,50.503872,59.339592,2026-08-30T14:30,2.693889,0.2813714,0.11520833,0.083428994,0.0031581977,0.07957591,,1.1136317,2.9696846,0.35310432,0.0,0.0,1.4848423,4.7793336,3.3944445,3.7442858,0.06666667,0.6666667,0.46666667,0.0,0.5555556,0.33333334,0.0,0.5714286,0.42857143,3.721938,1.5951163,0.42857143,1.0634108,0.4,1.0634108,0.4,2.6585271,2.6585271,0.11845878,0.12461559,0.12461559,0.4375,0.5,0.71428573,0.5317054,0.5317054,0.5317054,2.7,2.7,2.7,0.0,0.0,0.0,0.0,0.0,0.0,0.0,0.0,0.0,,,,0.0,0.0,0.0,0.5317054,0.5317054,0.5317054,0.0,0.0,0.0,169.26666,9.280264
33643,404977,Krisztián Nagy,2484,Kisvárda,1522,NB I,351,2026/2027,103,1995-07-18,False,,,,70.0,187.0,202.13333,0.027762658894062042,0.012361343,0.4452507,0.0,0.0,0.023477666,0.4452507,0.4452507,0.0,0.0,0.4452507,0.4452507,0.4452507,0.8905014,1.7810028,0.4452507,2.2262533,1.565666,0.4131352,1.9788013,1.0,0.0,1.335752,0.0,0.0,0.5454545454545454,2.671504,0.041666666666666664,2.2262533,0.5,0.4452507,33.83905,0.30851063829787234,0.1276595744680851,0.5638297872340425,8.905013,0.3,0.05,0.65,0.0,0.8085106382978723,0.0,0.0,0.4452507,1.0,0.0,1.8050517,0.0,0.38368976,0.3649258,0.3713284,0.35256442,0.023477666,0.0,0.86173874,0.8195963,0.8339761,0.7918336,0.009266008,0.008812863,0.008967485,0.008514339,Right Back,,2.671504,4.4525065,5.7882586,9.350264,0.4452507,2.2262533,0.0,0.0,0.006666666666666667,4.897757,1.335752,0.0,0.0,0.0,0.0,0.0,0.0,0.0,,0.10344827586206896,0.42857142857142855,0.07446808510638298,20.07095661569149,18.670395700555098,14.79714298248291,24.330001831054688,0.0,0.0,,0.0,0.0,0.06382979,0.17021276,0.0,0.31850117,3,67.37778,6.0554094,0.0,0.0,0.035839006,-0.035839006,0.8905014,0.0,0.0,,0.0,,0.93021953,1.6442364,-0.3799392,-5.2738137,27.16029,0.9836066,4.3035293,,1.7810028,0.0,0.0,0.0,0.0,7.885442,2.671504,0.4452507,2,38.67356,3.5620055,1.335752,0.3809524,0.75,31.590487,53.714504,2026-08-30T14:30,2.245926,0.08943299,0.047856975,-0.0076234564,0.0014676435,0.04773184,,0.0,9.350264,0.0,0.0,0.0,4.4525065,8.252857,6.9436364,5.306,0.23809524,0.95238096,0.61904764,0.09090909,1.0,0.6363636,0.0,1.0,0.6,2.6015737,1.7343825,0.6666667,0.0,,0.0,,0.0,0.0,0.0018226355,,,0.10344828,0.0,0.0,0.86719126,0.86719126,0.86719126,9.36,,,0.0,0.0,0.0,0.86719126,0.86719126,0.86719126,0.0,0.0,0.0,2.15,2.15,2.15,0.0,0.0,0.0,1.7343825,0.0,0.0,1.7343825,0.0,0.0,103.78333,12.467019
33643,404237,Levente Szőr,2484,Kisvárda,1522,NB I,351,2026/2027,103,2001-01-14,False,,,,70.0,190.0,109.8,0.0576731376349926,0.09454613,1.6393442,0.0,0.0,0.022756279,0.8196721,0.8196721,0.0,0.0,0.8196721,0.8196721,3.2786884,4.0983605,0.8196721,0.8196721,1.6393442,0.6006202,0.6006202,1.2012404,0.25,0.0,1.6393442,2.4590163,1.6393442,0.5555555555555556,4.0983605,0.037037037037037035,2.4590163,0.0,0.0,27.868853,0.2571428571428571,0.11428571428571428,0.6285714285714286,5.737705,0.14285714285714285,0.14285714285714285,0.7142857142857143,0.0,0.6857142857142857,0.0,0.0,0.0,,0.0,1.8691949,0.8196721,0.46284908,0.3665735,0.4400928,0.34381726,0.022756279,0.0,0.56467587,0.44721973,0.5369132,0.41945708,0.014116896,0.011180493,0.01342283,0.010486427,Right Defensive Midfielder,Right Centre Midfielder,3.2786884,6.557377,12.295081,23.77049,0.8196721,9.836065,0.0,0.0,0.017543859649122806,2.4590163,0.0,0.0,0.0,0.0,0.0,0.0,0.0,0.0,,0.045454545454545456,0.75,0.11428571428571428,24.062855747767856,22.568333943684895,20.462499618530273,6.516666412353516,0.0,0.0,,0.0,0.0,0.028571429,0.17142858,0.0,0.24786326,4,27.45,4.7540984,0.0,0.0,0.117302395,-0.117302395,2.4590163,0.0,0.0,,0.0,,0.93789095,0.31846875,0.06428572,-3.600356,17.213114,0.85714287,4.523209,0.25,6.557377,0.8196721,0.0,0.0,0.0,16.960688,13.114754,4.0983605,0,37.233036,5.737705,4.0983605,0.2413793,0.625,35.288574,52.078194,2026-08-30T14:30,1.22,-0.13762794,0.038929284,-0.13367821,-0.081790924,0.03891193,,0.8196721,11.47541,0.0,0.0,0.0,4.9180326,5.868,,,0.2,1.0,0.4,,,,,,,3.6977863,0.0,0.0,0.0,,0.0,,0.0,0.0,0.011328975,,,0.1875,0.0,0.0,2.465191,0.0,0.0,,,,1.2325954,0.0,0.0,2.465191,0.0,0.0,2.465191,0.0,0.0,9.39,,,0.0,0.0,0.0,0.0,0.0,0.0,0.0,0.0,0.0,73.01666,26.229507
33643,404236,Tibor Lippai,2484,Kisvárda,1522,NB I,351,2026/2027,103,1997-12-24,False,,,,78.0,193.0,109.9,0.6002305746078491,0.4915446,0.8189263,0.8189263,0.8189263,0.0,0.0,0.0,0.0,0.0,0.0,0.0,1.6378525,1.6378525,0.8189263,0.0,0.8189263,0.6000737,0.0,0.6000737,1.0,0.0,1.6378525,0.0,0.0,0.5,2.456779,0.0625,3.275705,0.14285714285714285,0.8189263,34.394905,0.21428571428571427,0.0,0.7857142857142857,0.0,,,,1.0,0.8333333333333334,1.0,0.8189263,0.0,,0.0,2.534841,0.0,0.8715887,0.8715887,0.38004407,0.38004407,0.0,0.0,1.0643066,1.0643066,0.46407607,0.46407607,0.0231371,0.0231371,0.01008861,0.01008861,Right Centre Back,,4.0946317,4.0946317,4.913558,8.189263,0.0,2.456779,,0.0,0.0,0.0,0.0,0.0,0.0,0.0,0.0,0.0,0.0,0.0,,0.08823529411764706,0.75,0.09523809523809523,25.724283854166668,24.71485595703125,25.689998626708984,17.573331832885742,0.0,0.0,,0.0,0.0,0.04761905,0.14285715,0.0,0.09777778,2,54.95,1.8016378,0.0,0.0,0.4915446,0.3273817,0.8189263,0.0,0.0,,0.0,,0.9607597,0.6840534,-0.083333336,-0.03428523,25.386715,1.0,3.1014502,1.0,1.6378525,0.0,0.0,0.0,0.0,6.000737,3.275705,0.0,0,38.56218,2.456779,0.8189263,0.3,0.5,30.955755,35.819916,2026-08-30T14:30,1.2211112,0.5834215,0.03642303,0.38139,0.1589652,0.0066432334,,0.0,6.55141,0.80809945,0.0,0.0,0.8189263,5.6,,,0.0,1.0,1.0,,,,,,,0.0,0.0,,0.0,,0.0,,0.0,0.0,,,,0.0,,,0.0,0.0,0.0,,,,0.0,0.0,0.0,0.0,0.0,0.0,0.0,0.0,0.0,,,,0.0,0.0,0.0,0.0,0.0,0.0,0.0,0.0,0.0,15.116667,10.646042
33643,101836,Bence Balazs Bíró,2484,Kisvárda,1522,NB I,351,2026/2027,103,1998-07-14,False,,,,80.0,187.0,138.73334,,0.0,0.0,0.0,0.0,0.5333468,1.2974532,1.2974532,0.0,0.0,0.0,0.0,6.4872656,6.4872656,0.6487266,0.0,0.6487266,0.4939282,0.0,0.4939282,0.5,0.6487266,0.0,0.6487266,1.9461796,0.5,0.6487266,0.0,0.0,0.0,0.0,15.569437,0.44,0.16,0.4,6.4872656,0.4,0.2,0.4,,0.68,,0.0,0.6487266,1.0,0.0,0.0,1.9461796,0.61586195,0.61586195,0.082515225,0.082515225,0.5333468,0.0,0.94933987,0.94933987,0.12719569,0.12719569,0.02966687,0.02966687,0.003974865,0.003974865,Left Midfielder,Centre Forward,0.6487266,0.6487266,3.2436328,5.8385386,0.6487266,2.5949063,,0.0,0.0,1.9461796,0.0,0.0,0.0,0.0,0.0,0.0,0.0,0.0,,0.125,0.5714285714285714,0.28,14.3035986328125,13.774706672219668,13.850000381469727,11.28749942779541,0.0,0.0,,0.0,0.0,0.16,0.44,0.0,0.20462047,4,34.683334,4.0221047,0.0,0.0,0.5333468,-0.5333468,1.2974532,0.0,0.6487266,1.0,0.0,,0.96302384,0.8149819,-0.108571425,-0.453598,14.920711,0.8695652,3.4697883,0.5,0.0,0.0,0.0,0.0,0.0,3.1872928,3.2436328,0.0,1,59.734985,4.5410857,0.0,0.7777778,,60.682945,64.07951,2026-08-30T14:30,1.5414815,0.38987643,0.2969507,,-0.0034610997,0.096386865,,1.9461796,4.5410857,0.0,0.0,0.0,0.6487266,5.377692,3.9199998,4.28,0.07692308,1.0,0.23076923,0.0,1.0,0.2,0.0,1.0,0.33333334,3.1881917,1.5940958,0.5,0.7970479,1.0,0.7970479,1.0,0.7970479,0.7970479,-0.0021910607,0.007828183,0.007828183,0.21052632,0.125,0.2,2.3911438,1.5940958,0.7970479,3.44,3.44,3.44,0.0,0.0,0.0,2.3911438,1.5940958,0.7970479,0.7970479,0.0,0.0,4.846667,3.84,3.54,0.0,0.0,0.0,0.7970479,0.7970479,0.7970479,0.0,0.0,0.0,112.91667,6.4872656
33643,48800,Novothny Soma Zsombor,2484,Kisvárda,1522,NB I,351,2026/2027,103,1994-06-16,False,Soma,Novothny,Soma Novothny,84.0,185.0,163.46666,,0.0,0.0,0.0,0.55057096,0.018620234,0.55057096,0.55057096,0.55057096,0.0,0.0,0.0,0.55057096,0.55057096,0.55057096,0.0,0.55057096,0.44866288,0.0,0.44866288,1.0,0.55057096,1.651713,0.0,0.55057096,0.5,0.55057096,0.0,1.651713,0.5263157894736842,5.5057096,12.112562,0.25925925925925924,0.2962962962962963,0.4444444444444444,2.7528548,0.4,0.2,0.4,,0.6296296296296297,,0.0,0.0,,0.0,0.8047516,0.0,0.03380634,0.03380634,0.03380634,0.03380634,0.018620234,0.55057096,0.061402325,0.061402325,0.061402325,0.061402325,0.0012792151,0.0012792151,0.0012792151,0.0012792151,Centre Forward,Right Centre Forward,2.2022839,0.55057096,10.460849,21.47227,1.1011419,3.303426,,0.0,0.0,2.2022839,3.853997,0.0,0.0,0.0,0.0,0.0,0.0,0.0,,0.0,0.5,0.37037037037037035,17.32296187789352,13.807058895335478,17.7810001373291,19.007999420166016,0.0,0.0,,0.0,0.0,0.0,0.14814815,0.0,0.077294685,3,54.488888,0.8809136,0.0,0.0,0.018620234,0.5319507,0.55057096,0.0,0.55057096,1.0,0.0,,0.797038,1.0690062,-0.12962963,0.45803788,6.606852,0.8333333,5.445011,,4.4045677,0.0,0.0,0.0,0.0,14.738132,3.853997,0.55057096,1,62.436085,14.865417,2.7528548,0.6923077,0.625,59.629482,55.885925,2026-08-15T15:30,1.8162962,0.2725984,0.038993392,,0.00850675,0.22509825,,0.0,3.853997,0.0,0.0,0.0,2.7528548,2.4323335,3.6675,0.25,0.0,0.3,0.1,0.0,0.5,0.16666667,0.0,0.0,0.0,2.2022839,1.1011419,0.5,1.1011419,0.6666667,0.0,0.0,1.651713,0.55057096,0.013866446,0.01687396,0.0034327116,0.18181819,0.2,0.25,3.303426,2.7528548,1.1011419,3.72,3.72,,0.0,0.0,0.0,1.1011419,1.1011419,0.0,0.55057096,0.55057096,0.0,5.855,5.855,,0.0,0.0,0.0,0.55057096,0.55057096,0.0,0.0,0.0,0.0,163.46666,23.674553
33643,345333,Ádám Bagi,1476,Ferencvaros,1522,NB I,351,2026/2027,103,2006-09-15,False,,,,,,85.25,0.08680196851491928,0.18327689,2.1114368,0.0,0.0,0.07909563,1.0557184,0.0,0.0,0.0,1.0557184,0.0,7.3900294,7.3900294,0.0,0.0,0.0,0.0,0.0,0.0,,0.0,0.0,0.0,1.0557184,1.0,1.0557184,0.0,0.0,0.3333333333333333,1.0557184,23.225805,0.21739130434782608,0.17391304347826086,0.6086956521739131,9.501467,0.1111111111111111,0.3333333333333333,0.5555555555555556,0.0,0.6956521739130435,0.0,0.0,0.0,0.0,0.0,0.0,0.0,0.26237252,0.18327689,0.078498796,0.078498796,0.0,0.0,0.24852508,0.17360394,0.0743558,0.0743558,0.00856983,0.0059863427,0.0025639932,0.0025639932,Centre Attacking Midfielder,Left Wing,0.0,1.0557184,1.0557184,4.2228737,7.3900294,1.0557184,0.0,0.07909563,0.04,2.1114368,3.1671555,0.0,0.0,0.0,0.0,0.0,0.0,0.0,,0.14285714285714285,0.5,0.2608695652173913,13.577826458474863,14.720624923706055,10.923333168029785,8.4399995803833,0.0,0.0,,0.0,0.0,0.04347826,0.17391305,0.0,0.13333334,2,42.625,1.0557184,0.0,1.0557184,0.26237252,-0.26237252,3.1671555,2.1114368,2.1114368,0.0,1.0557184,,1.0841665,0.7726579,-0.19565217,-2.6544929,29.560118,0.75,2.5574915,,1.0557184,0.0,0.0,0.0,0.0,6.5204763,2.1114368,0.0,1,49.607143,2.1114368,1.0557184,0.5,1.0,53.779068,65.276955,2026-08-02T15:30,0.94722223,0.005322372,-0.0988038,-0.054444958,0.013366711,0.14520444,,1.0557184,6.334311,0.0,0.0,0.0,5.2785926,4.427127,5.2982407,4.412857,0.0952381,0.6666667,0.23809524,0.13333334,0.73333335,0.26666668,0.14285715,0.71428573,0.2857143,5.2785926,2.1114368,0.4,1.0557184,0.25,1.0557184,0.33333334,4.2228737,3.1671555,-0.055138864,-0.0649407,-0.051581223,0.29411766,0.36363637,0.42857143,7.3900294,6.334311,4.2228737,4.6,4.6,4.6,0.0,0.0,0.0,5.2785926,5.2785926,3.1671555,0.0,0.0,0.0,3.145,3.3913333,3.1566668,0.0,0.0,0.0,1.0557184,1.0557184,1.0557184,0.0,0.0,0.0,85.25,4.2228737
33643,31887,Endre Botka,1476,Ferencvaros,1522,NB I,351,2026/2027,103,1994-08-25,False,,,,77.0,177.0,71.816666,0.20300887525081635,0.5088178,2.506382,1.253191,1.253191,0.07589388,1.253191,0.0,0.0,0.0,1.253191,0.0,2.506382,2.506382,0.0,1.253191,1.253191,0.0,1.8400704,1.8400704,0.0,0.0,1.253191,2.506382,1.253191,0.42857142857142855,3.759573,0.0,6.265955,0.4,2.506382,40.10211,0.40540540540540543,0.0,0.5945945945945946,1.253191,1.0,0.0,0.0,0.5,0.7297297297297297,0.5,1.253191,1.253191,1.0,0.0,9.200352,0.0,1.1978279,1.121934,0.6651406,0.6651406,0.0,0.0,0.9558223,0.8952618,0.53075755,0.53075755,0.023312738,0.021835655,0.012945306,0.012945306,Right Back,Right Centre Back,7.519146,7.519146,0.0,5.012764,0.0,2.506382,1.0,0.07589388,0.03508771929824561,1.253191,1.253191,0.0,0.0,0.0,0.0,0.0,0.0,0.0,,0.09523809523809523,0.5,0.10810810810810811,23.72594390044341,21.327406141493057,27.040000915527344,21.68000030517578,0.0,0.0,,0.0,0.0,0.13513513,0.2972973,0.0,0.27522936,1,71.816666,3.759573,0.0,1.253191,0.5847117,0.6684794,3.759573,0.0,0.0,,1.253191,,0.8989065,0.80177516,-0.22972973,3.314057,32.582966,0.96153843,3.4434068,0.0,1.253191,0.0,0.0,0.0,0.0,7.3602815,5.012764,0.0,1,29.384823,0.0,0.0,0.0,0.0,18.230108,34.082077,2026-07-26T18:00,0.79796296,1.0337231,0.12825783,0.8104053,0.019860968,0.07519883,,0.0,17.544674,1.2051902,0.0,0.0,1.253191,11.347777,5.0633335,2.855,0.6666667,0.9444444,0.8888889,0.0,0.6666667,0.33333334,0.0,0.5,0.0,12.53191,5.012764,0.4,0.0,,0.0,,0.0,0.0,0.02177157,,,0.33333334,0.0,,2.506382,2.506382,2.506382,2.265,,,0.0,0.0,0.0,1.253191,1.253191,1.253191,0.0,0.0,0.0,2.855,2.855,2.855,0.0,0.0,0.0,5.012764,0.0,0.0,0.0,0.0,0.0,71.816666,6.265955
33643,282155,Krisztián Lisztes,1476,Ferencvaros,1522,NB I,351,2026/2027,103,2005-05-06,False,,,,77.0,183.0,228.65,0.2563712994257609,0.30273455,1.1808441,0.3936147,0.3936147,0.076608405,1.5744588,1.5744588,0.0,0.0,0.3936147,0.3936147,3.1489177,3.5425322,2.3616881,0.7872294,3.1489177,3.594972,1.1956645,4.790636,1.0,1.9680736,3.9361472,0.0,2.3616881,0.5714285714285714,1.5744588,0.0,0.0,0.5454545454545454,2.3616881,23.223269,0.15,0.16666666666666666,0.6833333333333333,7.478679,0.15789473684210525,0.15789473684210525,0.6842105263157895,0.3333333333333333,0.5666666666666667,0.3333333333333333,0.3936147,0.0,0.0,0.0,0.0,0.0,0.64561695,0.64561695,0.39662766,0.39662766,0.076608405,0.0,1.6402258,1.6402258,1.0076547,1.0076547,0.019296775,0.019296775,0.01185476,0.01185476,Centre Attacking Midfielder,Left Wing,0.3936147,2.3616881,9.840367,20.86158,4.3297615,5.9042206,0.0,0.0,0.025423728813559324,1.5744588,2.3616881,0.0,0.0,0.0,0.0,0.0,0.0,0.0,,0.06451612903225806,0.5,0.3333333333333333,15.87949930826823,17.179705451516543,12.275500297546387,19.292999267578125,0.0,0.0,,0.0,0.0,0.06666667,0.36666667,0.0,0.34375003,3,76.21667,5.6286902,0.0,0.0,0.37934294,0.014271754,2.755303,2.755303,4.7233763,0.41666666,0.0,,1.0818795,1.5716671,-0.06666667,-3.603999,25.584955,0.73846155,5.256803,1.0,5.9042206,0.3936147,0.0,0.0,0.0,31.840565,6.2978354,1.5744588,2,66.742935,16.531818,3.9361472,0.7924528,0.6666667,63.549294,62.84142,2026-08-30T17:00,2.5405555,0.056834612,-0.18063219,0.12699232,0.023949318,0.08652517,,1.5744588,5.9042206,0.3158415,0.0,0.0,3.9361472,3.2204218,3.3603194,3.2827272,0.0,0.7346939,0.1632653,0.0,0.7297297,0.1891892,0.0,0.77272725,0.13636364,4.7233763,1.9680736,0.41666666,0.7872294,0.22222222,0.3936147,0.14285715,3.5425322,2.755303,-0.052773803,-0.06463124,-0.06144823,0.21428572,0.23076923,0.29166666,9.446753,6.2978354,3.5425322,3.4975,3.61,4.08,0.0,0.0,0.0,7.478679,4.7233763,2.755303,1.1808441,1.1808441,0.0,3.0241847,3.238611,2.9107141,0.0,0.0,0.0,1.5744588,0.7872294,0.3936147,0.0,0.0,0.0,228.65,27.159416
33643,31889,Dénes Dibusz,1476,Ferencvaros,1522,NB I,351,2026/2027,103,1990-11-16,False,,,,81.0,188.0,291.43335,,0.0,0.0,0.0,0.0,0.0,0.0,0.0,0.0,0.0,0.0,0.0,0.0,0.0,0.0,0.0,0.0,0.0,0.0,0.0,,0.0,0.0,0.0,0.0,0.6,5.5587325,0.0,0.0,,0.0,16.985016,0.3888888888888889,0.0,0.6111111111111112,0.0,,,,,0.8333333333333334,,0.0,0.0,,0.0,0.0,0.0,0.0,0.0,0.0,0.0,0.0,0.0,0.0,0.0,0.0,0.0,0.0,0.0,0.0,0.0,Goalkeeper,,2.4705477,6.794006,0.0,0.0,0.0,0.0,,0.0,0.0,0.0,0.0,6.794006,0.30881846,0.5108488,0.79941654,0.9,0.7411370515823364,0.4905981,0.15886294841766357,0.19607843137254902,0.4444444444444444,0.125,34.118611653645836,28.272664388020832,46.11111068725586,35.72249984741211,3.0881848,0.79941654,0.45454545454545453,2.01494,-0.04740636,0.013888889,0.18055555,18.262487,,3,97.14445,,0.0,0.0,0.0,0.0,0.0,0.0,0.0,,0.0,,0.8286581,0.7747048,-0.3888889,11.992499,13.896831,1.0,5.637634,,0.0,0.0,0.0,0.0,0.0,0.0,3.7058215,0.0,3,,0.0,0.0,,,2.413447,12.971546,2026-08-30T17:00,3.2381482,0.52302825,0.030170608,,,0.044462208,0.44839558,0.0,2.7793663,0.0,0.0,0.0,0.0,18.04625,,,0.84375,0.96875,0.90625,,,,,,,2.7793663,0.9264554,0.33333334,0.0,,0.0,,0.0,0.0,0.009656397,,,0.23684211,,,0.0,0.0,0.0,2.415,,,0.0,0.0,0.0,0.0,0.0,0.0,0.0,0.0,0.0,,,,0.0,0.0,0.0,0.6176369,0.0,0.0,0.0,0.0,0.0,291.43335,0.0
33643,439968,Gergő Gyurkits,2160,Paksi FC,1522,NB I,351,2026/2027,103,2002-06-05,False,,,,,184.0,66.41667,0.15441406766573587,0.6277309,4.0652447,0.0,0.0,0.026087437,1.3550814,1.3550814,0.0,0.0,4.0652447,2.7101629,2.7101629,5.4203258,1.3550814,0.0,1.3550814,1.6740336,0.0,1.6740336,0.2,1.3550814,0.0,5.4203258,5.4203258,0.8,5.4203258,0.0,1.3550814,1.0,1.3550814,32.521957,0.25806451612903225,0.03225806451612903,0.7096774193548387,10.8406515,0.5,0.0,0.5,0.0,0.7741935483870968,0.0,0.0,1.3550814,0.3333333333333333,0.0,1.6740336,0.0,1.9465142,1.7704879,1.9465142,1.7444007,0.026087437,0.0,1.4364556,1.3065547,1.4364556,1.2873032,0.057458226,0.052262187,0.057458226,0.05149213,Left Centre Midfielder,,4.0652447,4.0652447,9.485571,13.550815,1.3550814,6.7754073,0.3333333333333333,0.0,0.05555555555555555,5.4203258,1.3550814,0.0,0.0,0.0,0.0,0.0,0.0,0.0,,0.09090909090909091,0.8,0.16129032258064516,22.87935515372984,21.9808349609375,28.2239990234375,30.264999389648438,0.0,0.0,,0.0,0.0,0.032258064,0.16129032,0.0,0.64772725,2,33.208336,15.447928,0.0,0.0,0.6538183,-0.6538183,5.4203258,1.3550814,2.7101629,0.5,1.3550814,,0.96072793,1.0723144,0.025806451,5.344644,31.166874,0.7826087,7.677811,0.0,6.7754073,0.0,0.0,0.0,0.0,16.818317,8.130489,2.7101629,1,59.11161,8.130489,2.7101629,0.6,0.4,53.38343,57.47301,2026-08-16T15:30,0.737963,0.17062832,0.3109138,-0.33289522,0.003785361,0.18882437,,0.0,13.550815,0.0,0.0,0.0,6.7754073,5.4065,4.4878573,4.06875,0.1,0.7,0.45,0.071428575,0.64285713,0.35714287,0.125,0.625,0.25,6.7754073,4.0652447,0.6,2.7101629,0.6666667,2.7101629,0.25,4.0652447,10.8406515,0.043683257,0.044104565,0.044104565,0.2173913,0.21428572,0.8888889,6.7754073,5.4203258,2.7101629,4.98,,,0.0,0.0,0.0,1.3550814,0.0,0.0,0.0,0.0,0.0,1.6,,,0.0,0.0,0.0,1.3550814,0.0,0.0,0.0,0.0,0.0,66.41667,14.905896
33643,404204,Márió Zeke,2160,Paksi FC,1522,NB I,351,2026/2027,103,2000-09-01,False,,,,79.0,182.0,437.5833,0.024852335453033447,0.005111507,0.20567513,0.0,0.0,0.1564206,0.8227005,0.8227005,0.0,0.0,1.645401,1.645401,1.4397258,3.0851269,1.8510761,0.8227005,2.6737764,1.5029782,0.8986778,2.4016562,1.0,0.6170253,1.2340506,0.0,1.0283756,0.5769230769230769,6.1702538,0.031746031746031744,2.8794515,0.7777777777777778,2.8794515,41.75205,0.2851063829787234,0.1148936170212766,0.6,11.723482,0.3508771929824561,0.10526315789473684,0.543859649122807,0.0,0.7191489361702128,0.0,0.0,1.645401,0.34782608695652173,0.0,2.5744512,0.20567513,0.687823,0.61515373,0.6670378,0.56686425,0.1564206,0.0,3.3442206,2.9909,3.2431622,2.756115,0.016001055,0.014310527,0.015517523,0.013187153,Left Centre Back,Left Wing Back,3.290802,10.283755,5.1418777,8.02133,1.0283756,3.290802,0.75,0.0,0.0026954177897574125,8.227005,1.4397258,0.0,0.0,0.0,0.0,0.0,0.0,0.0,,0.8029197080291971,0.75,0.0851063829787234,24.128297456781915,22.182189580251478,19.551498413085938,18.882665634155273,0.0,0.0,,0.0,0.0,0.06382979,0.2638298,0.0,0.23979592,5,87.51666,4.8333654,0.0,0.0,0.16153212,-0.16153212,1.0283756,0.41135025,1.0283756,0.6,0.0,,0.91934335,0.9657912,0.030851064,-4.576799,36.815845,0.9497207,5.994761,1.0,3.290802,0.0,0.0,0.20567513,0.0,6.9379888,4.3191776,1.645401,4,43.765846,3.7021523,2.2624264,0.46153846,0.6875,35.013504,54.05676,2026-08-21T15:30,4.8620367,0.3951165,0.26256153,-0.009948867,0.06576617,0.07673763,,0.41135025,9.666731,0.0,0.0,0.0,3.7021523,8.347419,7.159634,5.824699,0.2905983,0.85470086,0.64102566,0.24,0.88,0.62666667,0.15625,0.875,0.5,8.227005,3.9078274,0.475,3.0851269,0.46875,1.4397258,0.33333334,6.581604,4.3191776,0.15416323,0.15022986,0.12956625,0.23809524,0.32323232,0.4375,1.8510761,1.8510761,1.4397258,4.097143,4.097143,3.175,0.20567513,0.20567513,0.20567513,1.4397258,1.4397258,1.4397258,0.41135025,0.41135025,0.41135025,4.4514284,4.4514284,4.551429,0.0,0.0,0.0,1.4397258,1.4397258,0.41135025,0.41135025,0.41135025,0.0,437.5833,11.106456
33643,564094,Kuzma Hunor Álmos,2160,Paksi FC,1522,NB I,351,2026/2027,103,2006-06-24,False,,,Hunor Kuzma,70.0,190.0,51.05,,0.0,0.0,0.0,0.0,0.0,0.0,0.0,0.0,0.0,0.0,0.0,0.0,0.0,1.7629775,1.7629775,3.525955,2.691247,2.691247,5.382494,0.5,0.0,1.7629775,1.7629775,0.0,0.5,5.288933,0.0,1.7629775,,0.0,61.704212,0.16666666666666666,0.1388888888888889,0.6944444444444444,5.288933,0.6666666666666666,0.0,0.3333333333333333,,0.8611111111111112,,0.0,0.0,0.0,0.0,2.691247,0.0,0.5823993,0.5823993,0.5823993,0.5823993,0.0,0.0,0.33034983,0.33034983,0.33034983,0.33034983,0.012235179,0.012235179,0.012235179,0.012235179,Right Centre Back,,3.525955,8.814887,3.525955,14.10382,0.0,5.288933,,0.0,0.0,7.05191,0.0,0.0,0.0,0.0,0.0,0.0,0.0,0.0,,0.06896551724137931,0.0,0.05555555555555555,22.88055419921875,19.925808814264112,23.604999542236328,,0.0,0.0,,0.0,0.0,0.055555556,0.16666667,0.0,0.24305557,1,51.05,6.170421,0.0,0.0,0.0,0.0,0.0,0.0,0.0,,0.0,,0.8708622,,-0.8611111,0.72444534,51.126347,1.0,6.459216,0.0,1.7629775,0.0,0.0,0.0,0.0,21.529976,8.814887,1.7629775,1,33.199627,1.7629775,0.0,0.125,0.0,30.435715,45.854725,2026-08-03T15:30,0.56722224,0.16021234,0.06002919,,0.016240133,0.08394306,,0.0,12.340842,0.0,0.0,0.0,7.05191,11.092667,9.165,,0.5882353,0.88235295,0.8235294,0.4,0.8,0.6,,,,5.288933,0.0,0.0,0.0,0.0,0.0,0.0,3.525955,1.7629775,-0.005489344,-0.007317854,0.0060198447,0.125,0.33333334,0.5,0.0,0.0,0.0,,,,0.0,0.0,0.0,0.0,0.0,0.0,0.0,0.0,0.0,,,,0.0,0.0,0.0,0.0,0.0,0.0,0.0,0.0,0.0,51.05,17.629774
33643,404307,Gábor Vas,2160,Paksi FC,1522,NB I,351,2026/2027,103,2003-08-29,False,,,,,176.0,294.41666,0.052871622145175934,0.016162286,0.30568922,0.0,0.0,0.13289519,0.61137843,0.61137843,0.0,0.0,0.61137843,0.61137843,0.61137843,1.2227569,1.5284461,2.1398246,3.6682708,1.4843748,1.5767401,3.0611145,0.625,0.0,0.61137843,0.9170677,0.30568922,0.5714285714285714,4.8910275,0.05263157894736842,5.196717,0.4666666666666667,2.1398246,33.625813,0.31092436974789917,0.058823529411764705,0.6302521008403361,4.2796493,0.42857142857142855,0.07142857142857142,0.5,0.0,0.7899159663865546,0.0,0.0,0.0,,0.0,5.1644273,0.0,0.5434831,0.5284106,0.5434831,0.5284106,0.13289519,0.0,1.777894,1.7285877,1.777894,1.7285877,0.013676108,0.013296829,0.013676108,0.013296829,Right Centre Back,Centre Back,5.8080955,7.94792,6.1137843,9.782055,0.0,3.3625815,0.0,0.0,0.0,4.585338,0.61137843,0.0,0.0,0.0,0.0,0.0,0.0,0.0,,0.21428571428571427,0.4444444444444444,0.07563025210084033,26.886049927783613,23.784361494348403,28.62555694580078,18.042499542236328,0.0,0.0,,0.0,0.0,0.067226894,0.23529412,0.0,0.18975903,3,98.138885,3.8516843,0.0,0.0,0.14905746,-0.14905746,0.9170677,0.0,0.0,,0.0,,0.88463575,0.63029337,-0.34547153,1.7395061,21.398247,0.98571426,3.3763537,0.6,1.2227569,0.0,0.0,0.0,0.0,9.582368,6.1137843,0.30568922,3,37.173214,2.751203,0.30568922,0.28125,0.25,30.03448,40.827442,2026-08-16T15:30,3.2712963,-0.010716467,0.08833861,-0.009587291,-0.10911164,0.019643843,,0.0,11.004812,0.0,0.0,0.0,2.4455137,10.90175,11.578296,2.6433332,0.56,0.88,0.76,0.625,0.8125,0.6875,0.0,0.6666667,0.0,4.8910275,2.4455137,0.5,0.0,0.0,0.0,0.0,0.9170677,0.30568922,0.048991643,0.010031983,0.007389687,0.16494845,0.13636364,0.16666667,0.30568922,0.30568922,0.30568922,5.832,,,0.0,0.0,0.0,0.0,0.0,0.0,0.0,0.0,0.0,,,,0.0,0.0,0.0,1.5284461,0.0,0.0,0.9170677,0.0,0.0,294.41666,11.92188
33643,405808,József Szalai,2160,Paksi FC,1522,NB I,351,2026/2027,103,2002-11-11,False,,,,,194.0,537.3333,0.20232117176055908,0.60997576,3.0148885,1.0049628,0.83746904,0.14839849,1.5074443,1.5074443,0.0,0.0,0.3349876,0.3349876,7.369727,7.7047153,0.0,0.0,0.0,0.0,0.0,0.0,,0.83746904,1.3399504,0.0,2.679901,0.5,0.1674938,0.022727272727272728,1.0049628,0.4666666666666667,5.8622828,23.78412,0.1891891891891892,0.16216216216216217,0.6486486486486487,9.044665,0.1111111111111111,0.14814814814814814,0.7407407407407407,0.5,0.6216216216216216,0.2777777777777778,0.83746904,0.0,0.0,0.0,0.9247782,0.5024814,1.0935948,0.96236336,0.669587,0.669587,0.14839849,0.0,6.5291657,5.7456656,3.9976826,3.9976826,0.031541865,0.027756838,0.019312477,0.019312477,Right Centre Forward,Centre Forward,1.1724566,0.1674938,4.5223327,8.8771715,3.3498762,2.679901,0.0,0.0,0.04838709677419355,2.512407,2.3449132,0.0,0.0,0.0,0.0,0.0,0.0,0.0,,0.15151515151515152,0.5,0.35135135135135137,14.093918259079391,14.555979853091033,14.050962448120117,12.936922073364258,0.0,0.0,,0.0,0.0,0.08783784,0.39864865,0.0,0.31519863,6,89.55555,6.113524,0.0,0.0,0.7583742,0.07909477,4.5223327,1.0049628,1.8424318,0.45454547,0.0,1.0,1.0327845,0.9207143,-0.12162162,-0.04295625,20.099257,0.725,4.382094,,2.1774194,0.0,0.0,0.0,0.0,8.624425,2.679901,0.6699752,6,81.52534,8.8771715,2.1774194,1.0,1.0,72.08999,65.11687,2026-08-29T12:45,5.9703703,0.11225601,-0.021388585,0.097955815,0.044586416,-0.008897625,,1.3399504,3.3498762,0.73056394,0.0,0.0,2.679901,2.615401,2.4116523,2.25822,0.009803922,0.4509804,0.12745099,0.011235955,0.4494382,0.08988764,0.0,0.43548387,0.048387095,4.019851,1.1724566,0.29166666,0.83746904,0.22727273,0.3349876,0.18181819,3.6848636,1.8424318,0.020114472,0.018797027,0.01405817,0.20168068,0.21782178,0.25581396,11.7245655,10.384616,7.369727,5.23,3.93,3.505,0.1674938,0.1674938,0.0,4.8573203,4.187345,3.0148885,1.5074443,0.83746904,0.3349876,2.908825,2.6959152,2.4385715,0.1674938,0.0,0.0,0.83746904,0.5024814,0.3349876,0.1674938,0.0,0.0,537.3333,10.217122
33643,406382,János Szabó,2160,Paksi FC,1522,NB I,351,2026/2027,103,1989-07-11,False,,,,72.0,181.0,391.2,0.1390586495399475,0.03199202,0.23006134,0.0,0.0,0.0,0.0,0.0,0.0,0.0,0.23006134,0.23006134,0.92024535,1.1503067,1.8404907,0.690184,2.5306747,2.1619382,0.43792632,2.5998645,0.6153846153846154,0.0,1.380368,1.1503067,0.23006134,0.475,4.3711658,0.014705882352941176,9.202454,0.5416666666666666,2.9907975,40.95092,0.32065217391304346,0.06521739130434782,0.6141304347826086,3.220859,0.5714285714285714,0.0,0.42857142857142855,0.0,0.7445652173913043,0.0,0.0,0.23006134,0.5,0.0,8.7213,0.0,0.33600283,0.33600283,0.33600283,0.33600283,0.0,0.0,1.4604923,1.4604923,1.4604923,1.4604923,0.006988001,0.006988001,0.006988001,0.006988001,Centre Back,Left Centre Back,10.35276,8.052147,6.671779,7.822086,0.23006134,3.45092,1.0,0.0,0.0,2.3006134,0.92024535,0.0,0.0,0.0,0.0,0.0,0.0,0.0,,0.768,0.5151515151515151,0.1793478260869565,25.122770889945652,23.134309420620436,22.719390869140625,26.31647300720215,0.0,0.0,,0.0,0.0,0.10326087,0.28804347,0.0,0.19419923,4,97.8,3.5429447,0.0,0.0,0.03199202,-0.03199202,0.23006134,0.0,0.0,,0.0,,0.9208502,1.1583265,-0.2294137,-2.4033792,25.076685,0.98165137,4.2312202,0.5,0.92024535,0.23006134,0.0,0.0,0.0,7.8686056,5.291411,0.23006134,4,29.690403,0.92024535,0.23006134,0.11764706,0.25,24.719563,39.187706,2026-08-29T12:45,4.346667,-0.02771849,0.04651346,-0.025764883,-0.08608633,0.03761924,,0.0,17.02454,0.0,0.0,0.0,2.3006134,11.423517,9.033571,7.806667,0.6666667,0.95652175,0.82608694,0.5,0.9285714,0.78571427,0.33333334,1.0,0.6666667,9.662576,5.0613494,0.52380955,1.380368,0.6,0.46012267,0.5,2.3006134,0.92024535,0.05129245,0.015218545,-0.00062381796,0.26923078,0.3448276,0.6666667,0.0,0.0,0.0,5.755,6.9225,3.41,0.0,0.0,0.0,0.0,0.0,0.0,0.0,0.0,0.0,,,,0.46012267,0.23006134,0.0,2.760736,0.92024535,0.23006134,1.380368,0.46012267,0.0,391.2,11.042944
33643,445526,Milán Győrfi,2160,Paksi FC,1522,NB I,351,2026/2027,103,2006-11-23,False,,,M.Győrfi,,,420.73334,0.03297300338745117,0.07053328,2.1391222,0.0,0.0,0.24621159,2.3530345,2.3530345,0.0,0.21391222,2.5669465,2.3530345,3.6365077,5.9895415,2.9947708,0.8556489,3.85042,2.592209,0.63361645,3.2258253,0.7777777777777778,1.0695611,1.4973854,0.8556489,3.6365077,0.45454545454545453,2.1391222,0.029411764705882353,0.0,0.4,0.42782444,24.385992,0.24836601307189543,0.0784313725490196,0.673202614379085,11.123435,0.19230769230769232,0.17307692307692307,0.6346153846153846,0.2,0.6535947712418301,0.0,0.0,2.1391222,0.5,0.0,0.0,0.42782444,0.7949899,0.7949899,0.68284565,0.68284565,0.24621159,0.0,3.7164304,3.7164304,3.192177,3.192177,0.020308362,0.020308362,0.01744359,0.01744359,Right Wing Back,Right Wing,0.42782444,4.2782445,7.70084,11.979083,4.706069,1.2834733,0.6666666666666666,0.0,0.026615969581749048,4.919981,1.7112978,0.0,0.0,0.0,0.0,0.0,0.0,0.0,,0.1791044776119403,0.75,0.10457516339869281,20.049542994281047,17.613299560546874,17.255626678466797,14.875832557678223,0.0,0.0,,0.0,0.0,0.08496732,0.3267974,0.0,0.37691402,5,84.14667,6.845191,0.0,0.0,0.31674486,-0.3167449,4.4921565,2.5669465,3.6365077,0.29411766,0.21391222,,0.87848884,0.8620859,0.09640523,-2.7939162,32.300743,0.7615894,6.1626387,0.6923077,1.92521,0.21391222,0.0,0.0,0.0,9.198454,3.6365077,0.42782444,4,53.95881,7.0591035,1.7112978,0.58928573,0.8888889,51.74956,64.34961,2026-08-29T12:45,4.6748147,0.41490856,0.25215197,-0.081754684,0.12745512,0.1170562,,0.6417366,8.556489,0.010627815,0.0,0.0,5.7756295,5.965406,6.1806126,5.97653,0.10869565,0.8804348,0.47826087,0.12328767,0.8630137,0.47945204,0.08,0.88,0.52,8.556489,3.6365077,0.425,2.9947708,0.46666667,1.2834733,0.23076923,6.417366,5.5617175,0.09026732,0.07289074,0.03828338,0.40816328,0.41095892,0.5416667,1.7112978,1.4973854,1.4973854,4.2445455,4.271,3.6925,0.21391222,0.21391222,0.21391222,1.2834733,1.0695611,1.0695611,0.6417366,0.42782444,0.42782444,5.371667,5.418,5.418,0.0,0.0,0.0,2.3530345,2.1391222,0.8556489,0.8556489,0.8556489,0.21391222,420.73334,16.257328
33643,451994,Andor Lapu,2160,Paksi FC,1522,NB I,351,2026/2027,103,2005-05-21,False,,,,,,324.0833,0.08613074570894241,0.09567623,1.1108254,0.27770635,0.8331191,0.2321788,1.6662382,1.6662382,0.5554127,0.27770635,2.7770636,2.2216508,2.4993572,4.7210083,1.1108254,1.6662382,2.7770636,1.3067664,1.4319459,2.7387123,0.6666666666666666,1.6662382,0.27770635,0.5554127,1.1108254,0.2,0.8331191,0.01818181818181818,1.1108254,0.5,0.8331191,36.934948,0.2129032258064516,0.16774193548387098,0.6193548387096774,12.219081,0.22727272727272727,0.20454545454545456,0.5681818181818182,0.25,0.6387096774193548,0.25,0.27770635,1.3885318,0.22727272727272727,0.0,0.7253145,0.27770635,0.58637184,0.5786144,0.38264427,0.37488687,0.2321788,0.5554127,2.1114814,2.0835476,1.3778735,1.3499397,0.014171016,0.013983541,0.009247473,0.009059998,Left Wing Back,,1.9439446,3.3324764,3.0547702,6.387246,3.0547702,3.8878891,0.5,0.0,0.012244897959183673,5.831834,1.1108254,0.0,0.0,0.0,0.0,0.0,0.0,0.0,,0.8918918918918919,0.5333333333333333,0.1935483870967742,20.020258946572582,18.0064635613952,18.85033416748047,17.332500457763672,0.0,0.0,,0.0,0.0,0.07096774,0.37419355,0.0,0.24444443,4,81.02083,4.276678,0.0,0.0,0.32785505,0.50526404,2.7770636,1.1108254,2.7770636,0.6,0.5554127,,0.8994121,0.9194797,-0.10537634,-1.1699253,33.60247,0.90082645,6.6257057,0.33333334,1.3885318,0.0,0.0,0.0,0.0,6.2292233,5.554127,1.1108254,4,43.80455,2.4993572,0.8331191,0.39130434,0.6,38.42491,63.58414,2026-08-29T12:45,3.6009257,0.38132793,0.31180972,-0.05070315,0.06758175,0.052639484,,0.5554127,9.719723,0.028206363,0.0,0.0,5.554127,6.401543,6.3722463,5.94102,0.15189873,0.84810126,0.556962,0.13235295,0.88235295,0.5735294,0.1,0.875,0.625,9.997429,5.831834,0.5833333,4.7210083,0.56666666,3.0547702,0.55,8.331191,5.554127,0.3208188,0.3135734,0.29542336,0.34615386,0.38961038,0.5,1.1108254,1.1108254,1.1108254,3.7725,3.2940001,3.27,0.0,0.0,0.0,0.8331191,0.8331191,0.8331191,0.5554127,0.5554127,0.5554127,4.88,4.88,4.88,0.0,0.0,0.0,3.3324764,2.7770636,1.9439446,0.5554127,0.0,0.0,324.0833,7.7757783
33643,16737,Ádám Kovácsik,2160,Paksi FC,1522,NB I,351,2026/2027,103,1991-04-04,False,,,,81.0,193.0,594.10004,,0.0,0.0,0.0,0.0,0.0,0.0,0.0,0.0,0.0,0.0,0.0,0.0,0.0,0.0,0.0,0.0,0.0,0.0,0.0,0.0,0.0,0.15148963,0.30297926,0.0,0.4171779141104294,10.301295,0.0,0.0,,0.0,19.239183,0.7821782178217822,0.0,0.21782178217821782,1.0604275,1.0,0.0,0.0,,0.5148514851485149,,0.0,0.0,,0.0,0.0,0.0,0.25929776,0.18911627,0.25929776,0.18911627,0.0,0.0,1.7116535,1.2483776,1.7116535,1.2483776,0.008390458,0.006119498,0.008390458,0.006119498,Goalkeeper,,2.7268136,21.965998,0.6059585,0.15148963,0.0,0.0,,0.0,0.0,1.666386,0.0,14.240026,1.666386,1.8715984,1.5828465,0.6666666666666667,0.6833773815270626,-0.08353951,-0.01671071486039595,0.0641025641025641,0.3333333333333333,0.10396039603960396,55.66287322091584,47.03904371995192,53.470001220703125,52.318572998046875,4.9991584,1.5828465,0.35106382978723405,2.251905,-0.03955505,0.00990099,0.5049505,19.86354,0.13771018,6,99.01667,2.6056218,0.0,0.0,0.0,0.0,0.0,0.0,0.0,,0.0,,0.84507036,0.9784659,-0.18151815,-2.1928735,15.300453,1.0,5.828024,0.0,0.0,0.0,0.0,0.0,0.0,0.23125425,8.48342,0.0,6,15.029166,0.0,0.0,0.0,,2.673502,11.211506,2026-08-29T12:45,6.6011114,0.04870257,0.14359306,,-0.095494926,0.0788777,-0.07827331,0.0,6.0595856,0.0,0.30297926,0.30297926,0.0,17.46878,,,0.8292683,1.0,0.902439,,,,,,,2.423834,1.0604275,0.4375,0.0,,0.0,,0.0,0.0,0.019436985,,,0.2962963,,,0.0,0.0,0.0,4.03,,,0.0,0.0,0.0,0.0,0.0,0.0,0.0,0.0,0.0,,,,0.0,0.0,0.0,0.15148963,0.0,0.0,0.0,0.0,0.0,594.10004,0.30297926
33643,569832,Balazs Wiesner,2160,Paksi FC,1522,NB I,351,2026/2027,103,2009-02-28,False,,,,,,17.983334,0.02354886569082737,0.11785345,5.004634,0.0,0.0,0.0,0.0,0.0,0.0,0.0,0.0,0.0,0.0,0.0,0.0,0.0,0.0,0.0,0.0,0.0,,5.004634,0.0,0.0,10.009268,,0.0,0.0,0.0,,0.0,35.032436,0.14285714285714285,0.0,0.8571428571428571,15.013901,0.3333333333333333,0.0,0.6666666666666666,0.0,0.8571428571428571,0.0,0.0,0.0,,0.0,0.0,0.0,0.24223028,0.24223028,0.24223028,0.24223028,0.0,0.0,0.0484012,0.0484012,0.0484012,0.0484012,0.004400109,0.004400109,0.004400109,0.004400109,,,0.0,0.0,0.0,5.004634,10.009268,0.0,,0.0,0.05,0.0,5.004634,0.0,0.0,0.0,0.0,0.0,0.0,0.0,,0.6,,0.0,14.648570469447545,13.644999186197916,,,0.0,0.0,,0.0,0.0,0.14285715,0.2857143,0.0,0.34482756,1,17.983334,10.009268,0.0,0.0,0.11785345,-0.11785345,5.004634,5.004634,10.009268,0.5,0.0,,0.9314902,,,,55.050972,0.6363636,3.6332932,,5.004634,0.0,0.0,0.0,0.0,7.6397495,0.0,0.0,0,63.08214,5.004634,5.004634,1.0,1.0,72.90357,66.709526,2026-08-03T15:30,0.19981481,-0.37060484,-0.06384275,-0.10488072,0.0011723585,-0.20305374,,0.0,10.009268,0.0,0.0,0.0,10.009268,3.615,3.615,5.1066666,0.0,0.5714286,0.2857143,0.0,0.5714286,0.2857143,0.0,0.75,0.5,0.0,0.0,,0.0,,0.0,,0.0,0.0,,,,0.0,0.0,,10.009268,10.009268,5.004634,,,,0.0,0.0,0.0,10.009268,10.009268,5.004634,0.0,0.0,0.0,3.215,3.215,2.06,0.0,0.0,0.0,0.0,0.0,0.0,0.0,0.0,0.0,17.983334,5.004634
33643,438684,Huszár Marcell Béla,2774,Győri ETO,1522,NB I,351,2026/2027,103,2005-05-07,False,,,Marcell Huszár,,184.0,88.916664,0.32548391819000244,1.3177981,4.0487347,2.0243673,2.0243673,0.78360695,1.0121837,1.0121837,0.0,0.0,1.0121837,1.0121837,9.109653,10.121838,2.0243673,0.0,2.0243673,0.9205207,0.0,0.9205207,1.0,0.0,1.0121837,0.0,0.0,1.0,1.0121837,0.0,1.0121837,1.0,1.0121837,15.182755,0.2,0.06666666666666667,0.7333333333333333,8.097469,0.125,0.125,0.75,0.75,0.8666666666666667,0.5,2.0243673,1.0121837,1.0,0.0,1.2892556,1.0121837,3.0713549,3.0713549,1.3206177,1.3206177,0.78360695,0.0,3.034385,3.034385,1.3047214,1.3047214,0.15171924,0.15171924,0.06523607,0.06523607,Left Attacking Midfielder,Left Midfielder,1.0121837,1.0121837,3.0365512,7.0852857,1.0121837,3.0365512,0.0,0.0,0.10526315789473684,1.0121837,2.0243673,0.0,0.0,0.0,0.0,0.0,0.0,0.0,,0.08333333333333333,,0.0,16.268666585286457,15.93615487905649,,,0.0,0.0,,0.0,0.0,0.13333334,0.26666668,0.0,0.31578946,5,17.783333,6.0731025,0.0,0.0,2.1014051,-0.07703758,5.060919,1.0121837,1.0121837,0.0,0.0,,0.9795612,,,,7.0852857,1.0,6.633912,,2.0243673,0.0,0.0,0.0,0.0,6.765224,4.0487347,1.0121837,0,58.72704,4.0487347,1.0121837,0.5714286,0.5,57.389286,61.845814,2026-08-30T14:30,0.98796296,1.4791828,0.63451433,0.51482,0.09919015,0.23065837,,1.0121837,5.060919,1.3996084,0.0,0.0,2.0243673,4.101,3.77,2.9733334,0.1,0.6,0.3,0.125,0.5,0.25,0.0,0.5,0.16666667,3.5984006,3.5984006,1.0,3.5984006,1.0,3.5984006,1.0,3.5984006,3.5984006,0.8653922,0.8653922,0.8653922,0.23076923,0.42857143,0.42857143,5.997335,5.997335,3.5984006,3.91,3.91,3.91,1.199467,1.199467,0.0,1.199467,1.199467,0.0,1.199467,1.199467,0.0,4.7433333,4.7433333,,0.0,0.0,0.0,1.199467,1.199467,1.199467,0.0,0.0,0.0,75.03333,10.121838
33643,564422,Bálint Selyem,2774,Győri ETO,1522,NB I,351,2026/2027,103,2006-11-23,False,,,,,,166.43333,,0.0,0.0,0.0,0.0,0.025539132,0.54075706,0.54075706,0.0,0.0,1.6222711,1.0815141,0.54075706,1.6222711,2.1630282,0.54075706,2.7037852,1.8623278,0.6852708,2.5475988,0.6666666666666666,0.0,1.0815141,1.0815141,1.0815141,0.3333333333333333,1.6222711,0.0,5.9483275,1.0,1.6222711,23.252552,0.26865671641791045,0.19402985074626866,0.5373134328358209,8.111356,0.06666666666666667,0.26666666666666666,0.6666666666666666,,0.6417910447761194,,0.0,0.54075706,0.125,0.0,5.3410907,0.0,0.30664572,0.28232017,0.30664572,0.28232017,0.025539132,0.0,0.56706744,0.52208316,0.56706744,0.52208316,0.007875937,0.007251155,0.007875937,0.007251155,Right Back,,5.9483275,4.8668137,4.8668137,7.5705986,2.1630282,0.54075706,0.3333333333333333,0.0,0.0,4.8668137,3.2445421,0.0,0.0,0.0,0.0,0.0,0.0,0.0,,0.07142857142857142,0.4,0.07462686567164178,21.80134423099347,20.038372660792152,25.689998626708984,31.84000015258789,0.0,0.0,,0.0,0.0,0.13432837,0.2835821,0.0,0.22689077,2,83.21667,2.920088,0.0,0.0,0.025539132,-0.025539132,0.54075706,0.54075706,0.54075706,0.0,0.54075706,,0.91913474,1.2393929,-0.24179104,3.8886552,19.467255,0.8888889,5.9026575,0.33333334,1.6222711,0.0,0.0,0.0,0.0,5.639393,1.0815141,0.0,2,39.687687,2.1630282,0.54075706,0.2857143,0.33333334,29.80788,56.326305,2026-08-30T14:30,1.8492593,0.16099323,0.05663406,,0.04063273,0.063726455,,0.0,4.8668137,0.0,0.0,0.0,1.0815141,10.607273,12.91,12.8325,0.54545456,1.0,0.8181818,0.75,1.0,1.0,0.75,1.0,1.0,5.5717974,2.7858987,0.5,0.9286329,0.5,0.9286329,0.25,1.8572658,3.7145317,0.028309071,0.020542108,0.032452386,0.375,0.2857143,4.0,0.9286329,0.9286329,0.9286329,7.495,,,0.0,0.0,0.0,0.9286329,0.9286329,0.9286329,0.9286329,0.9286329,0.9286329,8.12,8.12,8.12,0.0,0.0,0.0,1.8572658,0.0,0.0,1.8572658,0.0,0.0,96.916664,10.815141
33643,22565,Schön Szabolcs Gergő,2774,Győri ETO,1522,NB I,351,2026/2027,103,2000-09-27,False,,,Szabolcs Schön,63.0,173.0,105.35,,0.0,0.0,0.0,0.0,0.18756689,1.7085904,0.8542952,0.0,0.0,2.5628855,1.7085904,1.7085904,3.4171808,2.5628855,1.7085904,4.2714763,2.959746,0.7769305,3.7366762,1.0,1.7085904,0.8542952,0.0,1.7085904,0.16666666666666666,0.8542952,0.0,0.8542952,1.0,0.8542952,22.211676,0.26666666666666666,0.23333333333333334,0.5,6.8343616,0.375,0.125,0.5,,0.6,,0.0,0.0,,0.0,1.2856402,0.0,0.9189473,0.81827986,0.81827986,0.81827986,0.08689952,0.0,1.0756788,0.957842,0.957842,0.957842,0.032596327,0.029025516,0.029025516,0.029025516,Left Wing,,0.8542952,5.125771,4.2714763,7.688657,3.4171808,2.5628855,0.0,0.10066739,0.0,3.4171808,0.0,0.0,0.0,0.0,0.0,0.0,0.0,0.0,,0.8333333333333334,0.6666666666666666,0.1,20.12933349609375,15.573889838324654,10.010000228881836,5.059999942779541,0.0,0.0,,0.0,0.0,0.033333335,0.2,0.0,0.25605536,2,52.675,6.321785,0.0,0.8542952,0.18756689,-0.18756689,1.7085904,0.8542952,2.5628855,0.6666667,0.8542952,,0.7736913,0.5054945,0.06666667,-10.119333,22.211676,0.8076923,6.4436116,,0.8542952,0.8542952,0.0,0.0,0.0,10.673588,2.5628855,0.8542952,1,58.0011,4.2714763,0.8542952,0.5555556,1.0,56.321453,65.402176,2026-08-02T15:30,1.1705556,0.015577234,-0.05653819,,0.02306496,0.049050473,,0.0,3.4171808,0.0,0.0,0.0,0.8542952,4.938182,5.4,6.262857,0.13636364,0.77272725,0.36363637,0.1764706,0.88235295,0.3529412,0.2857143,0.85714287,0.42857143,5.980067,3.4171808,0.5714286,2.5628855,0.5,2.5628855,0.5,5.125771,5.125771,0.015690416,-0.03382348,-0.019111421,0.28,0.33333334,0.75,5.980067,5.125771,2.5628855,5.8650002,4.1266665,4.1266665,0.8542952,0.8542952,0.8542952,4.2714763,4.2714763,2.5628855,0.8542952,0.8542952,0.8542952,4.154286,4.5183334,6.866667,0.8542952,0.0,0.0,3.4171808,2.5628855,2.5628855,1.7085904,0.8542952,0.8542952,105.35,11.105838
33643,438534,Csanád Vilmos Dénes,2206,Debrecen,1522,NB I,351,2026/2027,103,2004-11-17,False,,,Csanád-Vilmos Dénes,,181.0,374.06668,0.05928446725010872,0.11411018,1.9247906,0.24059883,0.48119766,0.14176288,1.202994,1.202994,0.24059883,0.0,1.4435929,1.4435929,3.6089823,5.052575,0.72179645,0.72179645,1.4435929,0.8171818,0.7072551,1.5244371,0.6,0.9623953,2.1653893,0.48119766,2.8871858,0.5,2.1653893,0.0,1.202994,0.125,0.24059883,25.744072,0.25892857142857145,0.13392857142857142,0.6071428571428571,8.902156,0.1891891891891892,0.16216216216216217,0.6486486486486487,0.375,0.6160714285714286,0.125,0.24059883,1.4435929,0.3157894736842105,0.0,1.1565573,0.9623953,0.44867933,0.44867933,0.26001436,0.26001436,0.14176288,0.24059883,1.8648443,1.8648443,1.0806968,1.0806968,0.013513365,0.013513365,0.007831137,0.007831137,Right Wing,Left Wing,1.6841917,3.8495812,6.496168,10.826946,2.405988,2.1653893,0.3333333333333333,0.0,0.024271844660194174,2.8871858,1.6841917,0.0,0.0,0.0,0.0,0.0,0.0,0.0,,0.140625,0.75,0.14285714285714285,20.435089111328125,19.69536380491395,16.396249771118164,16.683332443237305,0.0,0.0,,0.0,0.0,0.13392857,0.42857143,0.0,0.19060053,4,93.51667,3.5127425,0.0,0.0,0.25587305,0.22532456,3.1277847,1.202994,2.1653893,0.44444445,0.0,,0.9638012,1.0175091,0.13392857,-4.0388393,30.55605,0.8346457,7.5172396,0.0,2.646587,0.48119766,0.0,0.0,0.0,12.1611395,2.646587,0.72179645,4,51.6448,5.5337725,1.6841917,0.51111114,0.6363636,48.271202,63.68714,2026-08-28T18:00,4.1562963,0.37225452,0.12594539,0.102921486,-0.010426302,0.15381396,,0.9623953,6.977366,0.19993325,0.0,0.0,4.811976,5.5681114,5.445416,5.786357,0.08450704,0.7887324,0.47887325,0.0754717,0.7924528,0.49056605,0.057142857,0.85714287,0.51428574,8.18036,3.6089823,0.44117647,2.646587,0.4074074,1.9247906,0.3809524,6.496168,5.052575,0.114235446,0.10122306,0.098474674,0.39534885,0.45,0.5675676,2.646587,2.1653893,1.6841917,3.7375,3.006,2.3525,0.0,0.0,0.0,1.202994,1.202994,0.9623953,0.48119766,0.48119766,0.24059883,3.1652,3.4062,3.491875,0.0,0.0,0.0,1.9247906,1.202994,0.9623953,0.72179645,0.24059883,0.0,374.06668,13.714132
33643,404329,Márk Szécsi,2206,Debrecen,1522,NB I,351,2026/2027,103,1994-05-22,False,,,,73.0,178.0,105.48333,0.07163895666599274,0.061123464,0.8532154,0.0,0.0,0.028177781,0.8532154,0.8532154,0.0,0.0,0.0,0.0,3.4128616,3.4128616,2.5596461,0.8532154,3.4128616,3.0863962,0.97366357,4.06006,1.0,0.8532154,2.5596461,0.0,0.8532154,0.5,3.4128616,0.07142857142857142,1.7064308,0.6666666666666666,1.7064308,38.39469,0.2727272727272727,0.10909090909090909,0.6181818181818182,5.1192923,0.3333333333333333,0.16666666666666666,0.5,0.0,0.7636363636363637,0.0,0.0,0.8532154,0.5,0.0,1.9473271,0.0,0.3539052,0.3539052,0.3539052,0.3539052,0.028177781,0.0,0.41479,0.41479,0.41479,0.41479,0.0072770175,0.0072770175,0.0072770175,0.0072770175,Right Back,,1.7064308,6.825723,7.6789384,9.385369,0.8532154,4.266077,,0.0,0.011235955056179775,2.5596461,1.7064308,0.0,0.0,0.0,0.0,0.0,0.0,0.0,,0.08333333333333333,0.0,0.01818181818181818,22.236909623579546,22.123096284412203,10.920000076293945,,0.0,0.0,,0.0,0.0,0.018181818,0.21818182,0.0,0.2857143,2,52.741665,3.4128616,0.0,0.0,0.089301236,-0.089301236,1.7064308,0.0,0.8532154,1.0,0.0,,0.9948818,,-0.76363635,-11.31691,32.422184,0.9736842,6.3096538,1.0,3.4128616,0.0,0.0,0.0,0.0,11.537328,5.9725075,1.7064308,1,48.57024,4.266077,2.5596461,0.45454547,0.75,35.95733,41.815567,2026-08-09T15:30,1.172037,0.0061784214,-0.0341152,,-0.033439048,0.07373268,,0.0,9.385369,0.0,0.0,0.0,3.4128616,8.67,6.4945455,4.425,0.42307693,0.88461536,0.65384614,0.27272728,0.72727275,0.54545456,0.16666667,0.5,0.33333334,5.1192923,0.8532154,0.16666667,0.8532154,0.33333334,0.0,0.0,2.5596461,2.5596461,-0.009519368,-0.013873467,-0.022809265,0.1875,0.3,0.5,5.1192923,4.266077,3.4128616,3.03,3.03,,0.0,0.0,0.0,3.4128616,2.5596461,1.7064308,0.8532154,0.8532154,0.8532154,3.98125,4.541111,4.7116666,0.0,0.0,0.0,0.8532154,0.8532154,0.0,0.0,0.0,0.0,105.48333,14.5046625
33643,406757,Flórián Cibla,2206,Debrecen,1522,NB I,351,2026/2027,103,2005-03-23,False,,,,,176.0,477.06665,0.08142950634161632,0.18434295,2.2638347,0.0,0.0,0.108816646,1.8865288,1.3205702,0.0,0.0,1.8865288,1.1319174,5.282281,6.4141984,1.509223,0.37730575,1.8865288,1.8377106,0.5769069,2.4146175,0.8,0.7546115,2.8297932,0.37730575,1.509223,0.4230769230769231,2.0751817,0.0,1.1319174,0.6153846153846154,1.509223,26.411404,0.15853658536585366,0.0975609756097561,0.7439024390243902,9.243991,0.20408163265306123,0.10204081632653061,0.6938775510204082,0.3333333333333333,0.5914634146341463,0.0,0.0,1.1319174,0.35294117647058826,0.0,1.4043254,0.5659587,0.6445116,0.6085854,0.41775292,0.41160148,0.060676284,0.0,3.4163885,3.2259536,2.2143998,2.1817927,0.01866879,0.017628161,0.012100546,0.011922365,Left Wing,Right Wing,1.8865288,4.1503634,8.48938,12.451091,1.8865288,4.1503634,0.4,0.048140366,0.02867383512544803,3.2070992,0.9432644,0.0,0.0,0.0,0.0,0.0,0.0,0.0,,0.18604651162790697,0.5555555555555556,0.10975609756097561,20.95585222942073,18.54855755678157,21.025556564331055,20.917999267578125,0.0,0.0,,0.0,0.0,0.036585364,0.3292683,0.0,0.31858408,6,79.51111,6.112354,0.0,0.5659587,0.2931596,-0.29315957,4.1503634,0.37730575,1.1319174,0.6666667,0.7546115,,0.8851254,0.99488443,-0.03590786,0.06970455,26.034098,0.8695652,7.5337214,0.0,2.6411405,0.18865287,0.0,0.0,0.0,15.274607,5.8482394,0.7546115,5,55.350388,7.923421,2.0751817,0.6363636,0.78571427,51.522327,66.698875,2026-08-28T18:00,5.3007407,0.02606999,0.102361865,-0.1620951,0.013500525,0.07230269,,0.7546115,6.036892,0.104162715,0.0,0.0,3.395752,5.850794,5.931755,5.413611,0.13265306,0.81632656,0.5510204,0.13580246,0.8271605,0.56790125,0.104166664,0.7916667,0.5416667,8.112074,4.3390164,0.53488374,3.395752,0.6,2.6411405,0.6086956,5.6595864,4.3390164,0.10966446,0.11304369,0.10260535,0.36752138,0.36144578,0.43396226,3.018446,2.6411405,1.8865288,5.9441667,5.2914286,5.7033334,0.0,0.0,0.0,1.1319174,0.9432644,0.7546115,0.18865287,0.0,0.0,2.6294444,2.3543334,2.6085,0.37730575,0.18865287,0.18865287,2.2638347,1.3205702,1.1319174,0.9432644,0.5659587,0.5659587,477.06665,16.790106
33643,484183,Máté Macsó,2206,Debrecen,1522,NB I,351,2026/2027,103,2006-05-10,False,,,,,,46.1,,0.0,0.0,0.0,0.0,0.24003512,1.9522777,1.9522777,0.0,0.0,1.9522777,1.9522777,3.9045553,5.8568335,0.0,0.0,0.0,0.0,0.0,0.0,,1.9522777,0.0,0.0,1.9522777,,0.0,0.0,0.0,0.0,0.0,27.331886,0.21428571428571427,0.21428571428571427,0.5714285714285714,11.713667,0.16666666666666666,0.5,0.3333333333333333,,0.5714285714285714,,0.0,1.9522777,0.5,0.0,0.0,0.0,0.32474867,0.32474867,0.08471358,0.08471358,0.24003512,0.0,0.16634348,0.16634348,0.043392174,0.043392174,0.011089565,0.011089565,0.0028928115,0.0028928115,Left Wing,,0.0,0.0,1.9522777,11.713667,5.8568335,1.9522777,1.0,0.0,0.0,1.9522777,0.0,0.0,0.0,0.0,0.0,0.0,0.0,0.0,,1.0,,0.0,15.862144470214844,15.500001907348633,,,0.0,0.0,,0.0,0.0,0.21428572,0.5714286,0.0,0.30769232,1,46.1,3.9045553,0.0,0.0,0.24003512,-0.24003512,1.9522777,5.8568335,7.8091106,0.25,0.0,,0.9771694,,,,33.18872,0.7647059,6.0285754,,3.9045553,0.0,0.0,0.0,0.0,16.536806,1.9522777,1.9522777,1,51.396725,5.8568335,1.9522777,0.5,0.5,56.94496,62.46634,2026-07-26T16:00,0.51222223,0.12817048,-0.055132564,,0.024220353,0.15908267,,0.0,13.665943,0.0,0.0,0.0,9.761389,5.1075,5.942,7.3225,0.125,0.75,0.5,0.2,0.6,0.6,0.25,0.75,0.75,3.9045553,1.9522777,0.5,1.9522777,0.5,1.9522777,0.5,3.9045553,3.9045553,0.08935277,0.08935277,0.08935277,0.16666667,0.2,0.33333334,1.9522777,1.9522777,1.9522777,,,,0.0,0.0,0.0,1.9522777,1.9522777,1.9522777,1.9522777,1.9522777,1.9522777,6.22,6.22,6.22,0.0,0.0,0.0,0.0,0.0,0.0,0.0,0.0,0.0,46.1,11.713667
33643,23735,Elton-Ofoi Acolatse,1476,Ferencvaros,1522,NB I,351,2026/2027,160,1995-07-25,False,Elton,Acolatse,Elton Acolatse,76.0,184.0,38.183334,,0.0,0.0,0.0,0.0,0.0,0.0,0.0,0.0,0.0,0.0,0.0,0.0,0.0,0.0,0.0,0.0,0.0,0.0,0.0,,0.0,0.0,0.0,0.0,1.0,4.7140985,0.0,0.0,,0.0,25.927542,0.07692307692307693,0.3076923076923077,0.6153846153846154,4.7140985,0.0,0.0,1.0,,0.9230769230769231,,0.0,0.0,,0.0,0.0,0.0,0.09784927,0.09784927,0.09784927,0.09784927,0.0,0.0,0.04151346,0.04151346,0.04151346,0.04151346,0.0029652473,0.0029652473,0.0029652473,0.0029652473,Right Wing,,0.0,4.7140985,4.7140985,7.071148,0.0,2.3570492,,0.0,0.0,0.0,2.3570492,0.0,0.0,0.0,0.0,0.0,0.0,0.0,,0.25,0.0,0.07692307692307693,20.740769606370193,21.388333638509113,12.970000267028809,,0.0,0.0,,0.0,0.0,0.07692308,0.15384616,0.0,0.26190478,1,38.183334,2.5927541,0.0,0.0,0.0,0.0,0.0,0.0,0.0,,0.0,,1.0312217,,-0.9230769,-7.770769,23.570494,1.0,1.376491,,2.3570492,0.0,0.0,0.0,0.0,10.382623,2.3570492,0.0,0,60.273216,4.7140985,2.3570492,0.6666667,1.0,66.40179,49.76146,2026-07-26T18:00,0.42425928,0.06256298,-0.040970027,,5.8525533e-05,0.10347449,,0.0,9.428197,0.0,0.0,0.0,2.3570492,4.306667,6.33,10.53,0.16666667,0.8333333,0.16666667,0.33333334,1.0,0.33333334,1.0,1.0,1.0,4.7140985,2.3570492,0.5,2.3570492,1.0,2.3570492,1.0,2.3570492,2.3570492,0.014017259,0.014927617,0.014927617,0.2,0.5,0.5,2.3570492,2.3570492,0.0,3.41,3.41,3.41,0.0,0.0,0.0,2.3570492,2.3570492,0.0,0.0,0.0,0.0,4.43,4.43,,0.0,0.0,0.0,2.3570492,2.3570492,2.3570492,0.0,0.0,0.0,38.183334,7.071148
33643,8276,Deian Boldor,1034,Honvéd,1522,NB I,351,2026/2027,187,1995-02-03,False,Deian,Boldor,,81.0,189.0,438.94998,0.040487080812454224,0.06641007,1.640278,0.0,0.0,0.013152469,0.4100695,0.4100695,0.0,0.0,0.20503475,0.20503475,3.075521,3.280556,1.4352431,1.640278,3.075521,1.6224731,1.1973972,2.8198707,0.7777777777777778,0.0,1.8453127,0.4100695,0.0,0.4594594594594595,3.4855907,0.06557377049180328,8.20139,0.8181818181818182,3.6906254,47.157993,0.19183673469387755,0.024489795918367346,0.7836734693877551,2.8704863,0.5,0.0,0.5,0.25,0.8489795918367347,0.0,0.0,0.0,,0.0,7.220848,0.20503475,0.30439103,0.29414257,0.28203982,0.28203982,0.013152469,0.0,1.4845825,1.4345986,1.3755709,1.3755709,0.006540011,0.0063198176,0.0060597835,0.0060597835,Left Centre Back,Centre Back,10.456772,5.3309035,7.5862856,8.4064245,0.0,3.4855907,0.0,0.0,0.0021598272138228943,2.6654518,0.20503475,0.0,0.0,0.0,0.0,0.0,0.0,0.0,,0.7908163265306123,0.6333333333333333,0.12244897959183673,24.942081871811226,22.513653094951923,30.874666213989258,28.9021053314209,0.0,0.0,,0.0,0.0,0.04489796,0.15918367,0.0,0.17908497,5,87.78999,2.8089762,0.0,0.0,0.07956254,-0.07956254,2.0503476,0.0,0.0,,0.0,,0.9026373,0.9361107,-0.21564625,5.9325843,34.240803,1.0,4.963546,0.0,2.0503476,0.61510426,0.0,0.0,0.0,7.622947,5.7409725,0.820139,5,33.55588,2.0503476,0.820139,0.24390244,0.4,27.534962,34.892677,2026-08-29T15:00,4.877222,0.061577972,0.055689983,-0.07025517,0.034051068,0.04209209,,0.20503475,9.431599,0.010399947,0.0,0.0,1.4352431,14.404075,13.388373,1.28,0.8208955,0.9328358,0.8955224,0.84210527,0.8947368,0.8947368,0.0,0.0,0.0,7.996355,3.4855907,0.43589744,0.820139,0.5,0.20503475,0.5,1.640278,0.4100695,0.038945936,0.015889747,0.018859783,0.20207255,0.2962963,0.6666667,0.0,0.0,0.0,5.06375,6.02,,0.0,0.0,0.0,0.0,0.0,0.0,0.0,0.0,0.0,,,,0.20503475,0.0,0.0,1.640278,0.20503475,0.0,0.820139,0.20503475,0.0,438.94998,11.68698
33643,300706,Claudiu Vasile Bumba,2774,Győri ETO,1522,NB I,351,2026/2027,187,1994-01-05,False,,,,69.0,175.0,352.61667,0.13514444828033448,0.17246775,1.2761734,0.0,0.0,0.07009071,1.2761734,1.2761734,0.0,0.25523466,1.0209386,1.0209386,3.3180509,4.3389893,0.25523466,0.25523466,0.5104693,0.2669788,0.2669788,0.5339576,0.2,0.5104693,0.76570404,1.0209386,1.0209386,0.6551724137931034,4.8494587,0.06451612903225806,1.0209386,,0.0,43.900364,0.2737430167597765,0.12290502793296089,0.6033519553072626,9.443683,0.3783783783783784,0.08108108108108109,0.5405405405405406,0.0,0.7932960893854749,0.0,0.0,0.0,0.0,0.0,1.2431654,0.25523466,0.6817551,0.6817551,0.55133635,0.5204358,0.07009071,0.0,2.6710913,2.6710913,2.1601155,2.0390482,0.018549245,0.018549245,0.0150008015,0.014160057,Left Defensive Midfielder,Left Attacking Midfielder,2.0418773,6.3808665,4.0837545,8.6779785,0.0,2.5523467,0.0,0.0,0.015432098765432098,4.8494587,0.5104693,0.0,0.0,0.0,0.0,0.0,0.0,0.0,,0.06474820143884892,0.5555555555555556,0.05027932960893855,21.053464069046786,19.97999766175176,26.46555519104004,32.492000579833984,0.0,0.0,,0.0,0.0,0.06703911,0.18435754,0.0,0.33333334,5,70.52333,4.594224,0.0,0.0,0.24255845,-0.24255846,2.5523467,0.0,0.5104693,1.0,0.0,,0.94901234,1.227709,-0.23774053,5.4120917,37.519497,0.9727891,5.980619,0.0,1.0209386,0.0,0.0,0.0,0.25523466,7.3177958,3.3180509,0.0,5,42.218735,1.7866427,0.0,0.20588236,0.0,36.39012,51.384853,2026-08-30T14:30,3.917963,-0.10567759,-0.06543406,-0.1275868,0.0017494597,0.08559383,,0.5104693,6.3808665,0.0,0.0,0.0,2.0418773,6.421455,6.1390195,4.8322725,0.13793103,0.8965517,0.5862069,0.13725491,0.88235295,0.5686275,0.09090909,0.8636364,0.3181818,9.431345,5.2704577,0.5588235,2.4965324,0.6,0.83217746,0.5,4.1608872,1.6643549,0.03017095,0.019562315,0.0055888486,0.23287672,0.24193548,0.3,3.883495,1.10957,0.83217746,5.1928573,6.24,3.135,0.0,0.0,0.0,3.3287098,1.10957,0.83217746,1.3869625,0.2773925,0.0,5.0644445,4.51,4.266667,0.554785,0.554785,0.0,3.883495,1.9417475,0.554785,1.3869625,0.83217746,0.0,324.45,9.698917
33643,101825,Ștefan Marinel Vlădoiu,2774,Győri ETO,1522,NB I,351,2026/2027,187,1998-12-28,False,,,,,178.0,86.45,,0.0,0.0,0.0,0.0,0.0,0.0,0.0,0.0,0.0,3.1231928,3.1231928,0.0,3.1231928,5.2053213,1.0410643,6.2463856,7.833557,1.5667114,9.400269,0.8333333333333334,0.0,2.0821285,1.0410643,0.0,0.625,5.2053213,0.0,1.0410643,,0.0,34.35512,0.3023255813953488,0.09302325581395349,0.6046511627906976,8.328514,0.125,0.25,0.625,,0.8837209302325582,,0.0,2.0821285,1.0,0.0,1.5667114,0.0,0.3917867,0.35444054,0.3917867,0.35444054,0.0,0.0,0.37633288,0.34045982,0.37633288,0.34045982,0.008751928,0.0079176705,0.008751928,0.0079176705,Right Back,,1.0410643,8.328514,10.410643,14.5749,0.0,6.2463856,0.6666666666666666,0.0,0.0,3.1231928,0.0,0.0,0.0,0.0,0.0,0.0,0.0,0.0,,0.20689655172413793,1.0,0.06976744186046512,22.962789846021074,20.872105648643092,12.296666145324707,12.296666145324707,0.0,0.0,,0.0,0.0,0.023255814,0.069767445,0.0,0.40816328,1,86.45,10.410643,0.0,0.0,0.0,0.0,0.0,0.0,0.0,,0.0,,0.90895337,1.0,0.11627907,-10.666123,29.1498,1.0,3.5190742,0.5,3.1231928,0.0,0.0,0.0,0.0,21.93396,8.328514,2.0821285,1,37.29204,4.164257,2.0821285,0.2857143,0.6666667,32.827618,50.27375,2026-07-26T13:45,0.9605555,0.2979712,0.23152138,,0.025141833,0.041307986,,1.0410643,8.328514,0.0,0.0,0.0,3.1231928,9.473182,9.983846,9.344286,0.3043478,0.95652175,0.82608694,0.3846154,1.0,0.9230769,0.2857143,1.0,0.85714287,5.2053213,2.0821285,0.4,2.0821285,0.6666667,2.0821285,1.0,3.1231928,2.0821285,0.20412272,0.18599078,0.19176586,0.17857143,0.21428572,0.5,2.0821285,2.0821285,1.0410643,3.03,3.03,3.03,0.0,0.0,0.0,2.0821285,2.0821285,1.0410643,1.0410643,1.0410643,0.0,5.56,5.56,2.28,0.0,0.0,0.0,1.0410643,1.0410643,1.0410643,0.0,0.0,0.0,86.45,21.862349
33643,404173,Marius Dumitru Corbu,1476,Ferencvaros,1522,NB I,351,2026/2027,187,2002-05-07,False,,,Marius Corbu,72.0,179.0,325.46667,0.05124253034591675,0.07084946,1.38263,0.276526,0.276526,0.04790058,0.829578,0.829578,0.0,0.0,0.829578,0.829578,0.829578,1.659156,1.38263,1.38263,2.76526,1.9090627,1.7767892,3.685852,0.7142857142857143,1.106104,1.659156,0.553052,1.659156,1.0,2.76526,0.0,1.38263,0.5454545454545454,1.659156,43.967632,0.15625,0.1625,0.68125,11.890619,0.09302325581395349,0.09302325581395349,0.813953488372093,0.4,0.9,0.2,0.276526,0.276526,1.0,0.0,1.9034578,0.0,0.43115944,0.21450129,0.15712567,0.15712567,0.04790058,0.0,1.5592003,0.7757002,0.568213,0.568213,0.009745002,0.0048481263,0.003551331,0.003551331,Left Defensive Midfielder,Right Defensive Midfielder,2.212208,1.935682,8.019255,14.102827,1.106104,5.53052,0.3333333333333333,0.0,0.01282051282051282,3.871364,1.935682,0.0,0.0,0.0,0.0,0.0,0.0,0.0,,0.2426470588235294,0.8666666666666667,0.28125,17.57081298828125,17.87215338812934,16.883333206176758,17.32128143310547,0.0,0.0,,0.0,0.0,0.09375,0.1625,0.0,0.34722224,4,81.36667,5.53052,0.0,0.0,0.118750036,0.15777595,2.212208,0.276526,1.38263,0.8,0.0,0.0,1.01715,1.0259397,-0.033333335,-0.6874797,38.16059,0.942029,4.8565536,0.0,5.253994,0.553052,0.0,0.0,0.0,19.517061,7.4662023,2.488734,4,46.179913,5.8070464,2.76526,0.4117647,0.5263158,40.71645,52.043728,2026-08-30T17:00,3.6162963,0.18321562,-0.03435547,0.045822244,0.10197908,0.069769725,,0.0,9.954936,0.13865443,0.0,0.0,4.977468,4.718732,4.6519833,4.7063494,0.078431375,0.8333333,0.3529412,0.083333336,0.8333333,0.33333334,0.0952381,0.85714287,0.33333334,6.9131503,4.977468,0.72,2.488734,0.6,1.935682,0.7,4.14789,2.76526,0.020191222,0.007746976,0.008029419,0.17857143,0.2238806,0.37037036,4.700942,3.594838,0.276526,5.2225,4.094,3.5800002,0.0,0.0,0.0,3.871364,2.76526,0.276526,1.106104,0.553052,0.0,4.0849285,3.7285,4.0,0.276526,0.0,0.0,3.318312,1.38263,0.829578,1.38263,0.276526,0.0,325.46667,17.144613
33643,7537,Julien Dacosta,2206,Debrecen,1522,NB I,351,2026/2027,78,1996-05-29,False,Julien,Da Costa,,77.0,182.0,32.783333,,0.0,0.0,0.0,0.0,0.0,0.0,0.0,0.0,0.0,0.0,0.0,0.0,0.0,2.7452974,0.0,2.7452974,2.9433124,0.0,2.9433124,0.5,0.0,0.0,2.7452974,0.0,1.0,5.490595,0.3333333333333333,2.7452974,1.0,2.7452974,24.707678,0.4,0.0,0.6,8.235892,0.6666666666666666,0.0,0.3333333333333333,,1.0,,0.0,0.0,,0.0,2.9433124,0.0,0.35885626,0.35885626,0.35885626,0.35885626,0.0,0.0,0.13071671,0.13071671,0.13071671,0.13071671,0.011883337,0.011883337,0.011883337,0.011883337,Right Back,Right Centre Back,2.7452974,5.490595,2.7452974,10.98119,0.0,2.7452974,,0.0,0.0,2.7452974,2.7452974,0.0,0.0,0.0,0.0,0.0,0.0,0.0,,0.0,1.0,0.2,20.54200134277344,20.54200134277344,6.615000247955322,6.615000247955322,0.0,0.0,,0.0,0.0,0.0,0.1,0.0,0.36231884,1,32.783333,6.8632436,0.0,0.0,0.0,0.0,0.0,0.0,0.0,,0.0,,1.0,1.0,0.0,-13.927001,21.96238,1.0,0.9472074,0.0,2.7452974,0.0,0.0,0.0,0.0,11.77325,8.235892,0.0,0,35.465923,2.7452974,2.7452974,0.25,1.0,26.178385,47.540714,2026-08-23T15:30,0.36425924,0.19260034,0.026739541,,0.16995648,-0.004095683,,0.0,2.7452974,0.0,0.0,0.0,2.7452974,11.085,2.78,2.78,0.5,1.0,0.5,0.0,1.0,0.0,0.0,1.0,0.0,0.0,0.0,,0.0,,0.0,,0.0,0.0,,,,0.0,0.0,0.0,0.0,0.0,0.0,,,,0.0,0.0,0.0,0.0,0.0,0.0,0.0,0.0,0.0,,,,0.0,0.0,0.0,0.0,0.0,0.0,0.0,0.0,0.0,32.783333,13.726487
33643,144067,Queyrell Tchicamboud,2209,Zalaegerszegi TE,1522,NB I,351,2026/2027,78,2005-12-08,False,,,,67.0,174.0,162.18333,0.053700368851423264,0.11919925,2.21971,0.0,0.0,0.031017505,1.109855,1.109855,0.0,0.0,1.109855,1.109855,6.6591306,7.7689857,1.109855,1.6647826,2.7746377,1.1545686,1.7777393,2.9323082,0.6666666666666666,0.5549275,1.6647826,0.5549275,3.8844929,1.0,2.21971,0.0,0.0,0.0,0.0,23.306955,0.06666666666666667,0.3333333333333333,0.6,11.653478,0.14285714285714285,0.47619047619047616,0.38095238095238093,0.25,0.8444444444444444,0.0,0.0,0.0,0.0,0.0,0.0,0.0,0.29228264,0.29228264,0.25859538,0.25859538,0.031017505,0.0,0.52670413,0.52670413,0.46599844,0.46599844,0.010534083,0.010534083,0.0093199685,0.0093199685,Left Midfielder,Right Centre Forward,0.0,2.21971,11.098551,21.642174,3.8844929,3.8844929,0.0,0.0,0.041237113402061855,2.21971,0.0,0.0,0.0,0.0,0.0,0.0,0.0,0.0,,0.24324324324324326,0.6,0.1111111111111111,15.47577853732639,16.54052734375,10.696001052856445,9.896666526794434,0.0,0.0,,0.0,0.0,0.022222223,0.11111111,0.0,0.27659574,4,40.545834,4.328435,0.0,0.0,0.15021676,-0.15021676,3.3295653,0.0,0.5549275,1.0,0.0,,1.0688009,0.92526793,-0.24444444,-4.779778,28.856232,0.75,6.006538,0.0,3.8844929,0.5549275,0.0,0.0,0.0,23.491776,4.43942,1.109855,2,64.36607,16.647827,3.8844929,0.7692308,1.0,63.785263,65.30311,2026-08-29T15:00,1.802037,-0.2969734,-0.07045503,-0.12370673,-0.090868756,-0.011942888,,1.109855,6.1042027,0.010969738,0.0,0.0,3.8844929,4.0663157,4.315882,3.56,0.05263158,0.68421054,0.36842105,0.05882353,0.7058824,0.4117647,0.0,0.8,0.3,3.6579168,2.7434375,0.75,2.7434375,0.75,1.8289584,1.0,3.6579168,1.8289584,0.08111198,0.08111198,0.032598514,0.1904762,0.22222222,0.18181819,8.230312,8.230312,6.401355,3.36,3.36,2.485,0.0,0.0,0.0,6.401355,6.401355,4.572396,2.7434375,2.7434375,0.9144792,3.6959183,3.6959183,3.14,0.0,0.0,0.0,2.7434375,2.7434375,1.8289584,0.9144792,0.9144792,0.0,98.41667,24.416811
33643,33075,Hiang'a Mananga Mbock,2484,Kisvárda,1522,NB I,351,2026/2027,78,1999-12-28,False,Hianga'a,M'Bock,,82.0,186.0,503.53333,0.02347656190395355,0.020980643,0.8936846,0.0,0.0,0.031728778,0.7149477,0.7149477,0.0,0.0,0.0,0.0,0.0,0.0,2.8597908,0.8936846,3.7534757,1.8564403,0.56606686,2.422507,0.7272727272727273,0.35747385,2.8597908,1.0724216,0.7149477,0.6086956521739131,2.502317,0.011627906976744186,1.6086324,0.6,1.6086324,23.057062,0.21052631578947367,0.08270676691729323,0.706766917293233,4.825897,0.14814814814814814,0.0,0.8518518518518519,0.0,0.7593984962406015,0.0,0.0,0.0,0.0,0.0,0.929954,0.0,0.35829988,0.35829988,0.3236483,0.3236483,0.031728778,0.0,2.0046215,2.0046215,1.8107524,1.8107524,0.012850137,0.012850137,0.011607387,0.011607387,Centre Defensive Midfielder,Left Defensive Midfielder,2.502317,3.217265,11.260427,15.550112,0.17873693,4.64716,,0.0,0.017241379310344827,2.8597908,1.4298954,0.0,0.0,0.0,0.0,0.0,0.0,0.0,,0.19148936170212766,0.7,0.22556390977443608,21.692933505639097,20.589604443842823,19.034666061401367,19.54619026184082,0.0,0.0,,0.0,0.0,0.05263158,0.20300752,0.0,0.22598252,6,83.92222,3.6998541,0.0,0.0,0.05270942,-0.05270942,1.6086324,0.17873693,0.5362108,0.6666667,0.0,,0.94913876,1.0268734,-0.059398495,-2.6582675,18.767378,0.95238096,5.907791,0.53846157,3.7534757,0.0,0.0,0.0,0.0,10.040293,5.8983183,1.0724216,6,39.072475,3.9322124,1.6086324,0.25287357,0.42857143,37.87387,49.908722,2026-08-30T14:30,5.594815,0.09621408,-0.0006063042,-0.032372687,0.058468737,0.07072433,,0.0,8.221899,0.0,0.0,0.0,4.825897,4.9546943,3.732222,3.56,0.12244898,0.8979592,0.3265306,0.055555556,0.8888889,0.11111111,0.0,0.75,0.0,5.090882,2.443623,0.48,1.4254469,0.5833333,0.20363526,0.33333334,2.443623,0.61090577,0.01812753,0.0125889685,0.0038074898,0.25773194,0.27272728,0.21428572,0.61090577,0.61090577,0.0,4.3757143,4.04,2.21,0.0,0.0,0.0,0.61090577,0.61090577,0.0,0.0,0.0,0.0,2.73,2.73,,0.0,0.0,0.0,1.4254469,1.0181763,0.20363526,0.40727052,0.20363526,0.0,441.96667,21.269695
33643,440534,Guede Nathan Zohoré,1476,Ferencvaros,1522,NB I,351,2026/2027,78,2000-11-17,False,,,,83.0,188.0,290.56668,0.060194794088602066,0.01864471,0.30973956,0.0,0.0,0.0,0.0,0.0,0.0,0.0,0.0,0.0,0.6194791,0.6194791,3.4071352,0.9292187,4.3363543,4.341307,1.0180234,5.35933,0.7857142857142857,0.0,1.548698,0.9292187,0.0,0.5384615384615384,2.1681771,0.0,4.026614,0.6086956521739131,4.3363543,57.301823,0.26262626262626265,0.010101010101010102,0.7272727272727273,6.194792,0.4,0.0,0.6,0.0,0.8535353535353535,0.0,0.0,0.0,,0.0,5.7850184,0.0,0.5148371,0.4847476,0.5148371,0.4847476,0.0,0.0,1.6621612,1.5650166,1.6621612,1.5650166,0.010135129,0.009542785,0.010135129,0.009542785,Left Centre Back,,4.646094,3.4071352,9.292188,14.24802,0.9292187,6.8142705,,0.0,0.0,6.194792,1.2389582,0.0,0.0,0.0,0.0,0.0,0.0,0.0,,0.8588957055214724,0.45,0.10101010101010101,20.81833471433081,20.146628836908285,16.422500610351562,19.02666473388672,0.0,0.0,,0.0,0.0,0.060606062,0.16161616,0.0,0.32107845,3,96.85556,4.0575886,0.0,0.0,0.01864471,-0.01864471,0.30973956,0.0,0.0,,0.0,,0.9677349,1.1585729,-0.40353537,-4.395834,46.770676,0.9933775,6.292585,1.0,3.097396,0.0,0.0,0.0,0.0,17.644691,9.601927,1.548698,3,34.279373,3.4071352,1.2389582,0.23913044,0.4,29.986803,40.647213,2026-08-17T15:30,3.2285187,0.117224835,0.04057651,-0.017611971,0.050996527,0.043263767,,0.0,11.770104,0.0,0.0,0.0,2.1681771,12.178401,13.787586,4.19,0.6542056,0.95327103,0.85046726,0.8965517,0.9655172,0.9310345,0.0,1.0,0.0,5.2655725,2.1681771,0.4117647,0.0,,0.0,,0.0,0.0,-0.0007068485,,,0.10559006,0.0,0.0,0.0,0.0,0.0,4.79,,,0.0,0.0,0.0,0.0,0.0,0.0,0.0,0.0,0.0,,,,0.0,0.0,0.0,1.548698,0.0,0.0,0.6194791,0.0,0.0,290.56668,18.894115
33643,459439,Sohan Baldoni,2206,Debrecen,1522,NB I,351,2026/2027,78,2003-12-03,False,,,,77.0,187.0,87.816666,0.17826678355534872,0.5480968,3.0745873,0.0,0.0,0.0,0.0,0.0,0.0,0.0,0.0,0.0,5.124312,5.124312,0.0,1.0248624,1.0248624,0.0,1.1695421,1.1695421,,1.0248624,0.0,0.0,1.0248624,0.0,0.0,0.0,1.0248624,0.2857142857142857,2.0497248,12.298349,0.07692307692307693,0.23076923076923078,0.6923076923076923,5.124312,0.2,0.2,0.6,0.3333333333333333,0.7692307692307693,0.0,0.0,0.0,0.0,0.0,1.3682232,0.0,0.72204536,0.72204536,0.6490609,0.6490609,0.0,0.0,0.7045291,0.7045291,0.63331515,0.63331515,0.033549003,0.033549003,0.030157864,0.030157864,Centre Forward,,2.0497248,0.0,7.1740365,11.273487,2.0497248,4.0994496,,0.0,0.06451612903225806,2.0497248,2.0497248,0.0,0.0,0.0,0.0,0.0,0.0,0.0,,0.1111111111111111,0.5,0.3076923076923077,19.56230750450721,16.372999572753905,23.530000686645508,15.15999984741211,0.0,0.0,,0.0,0.0,0.0,0.07692308,0.0,0.10047846,3,29.272223,2.152211,0.0,0.0,0.5480968,-0.5480968,3.0745873,0.0,1.0248624,1.0,0.0,,0.8369667,0.6442839,-0.26923078,3.967693,14.348073,0.85714287,12.147201,,1.0248624,0.0,0.0,0.0,0.0,14.7689295,5.124312,1.0248624,0,69.80828,9.223762,1.0248624,0.8181818,1.0,61.516647,66.12704,2026-08-09T15:30,0.97574073,0.32193965,-0.010900701,0.2754291,-0.03461596,0.09202723,,0.0,4.0994496,0.79117143,0.0,0.0,2.0497248,3.1491666,3.1491666,3.23125,0.0,0.75,0.16666667,0.0,0.75,0.16666667,0.0,0.875,0.125,1.0248624,1.0248624,1.0,1.0248624,1.0,1.0248624,1.0,1.0248624,1.0248624,0.017755732,0.017755732,0.017755732,0.1,0.125,0.25,8.198899,8.198899,6.1491747,,,,0.0,0.0,0.0,5.124312,5.124312,5.124312,0.0,0.0,0.0,2.3445,2.3445,2.3445,0.0,0.0,0.0,0.0,0.0,0.0,0.0,0.0,0.0,87.816666,11.273487
33643,398940,Plamen Plamenov Andreev,2206,Debrecen,1522,NB I,351,2026/2027,35,2004-12-15,False,,,Plamen Andreev,,192.0,480.34998,,0.0,0.0,0.0,0.0,0.0,0.0,0.0,0.0,0.0,0.0,0.0,0.0,0.0,0.0,0.0,0.0,0.0,0.0,0.0,,0.37472677,0.0,0.0,0.0,0.5396825396825397,6.370355,0.0,0.0,,0.0,30.352869,0.3613861386138614,0.0,0.6386138613861386,1.1241803,0.5,0.0,0.5,,0.8465346534653465,,0.0,0.0,,0.0,0.0,0.0,0.21884102,0.18977453,0.21884102,0.18977453,0.0,0.0,1.1680031,1.0128688,1.1680031,1.0128688,0.0067907157,0.0058887717,0.0067907157,0.0058887717,Goalkeeper,,1.4989071,10.304987,0.0,0.0,0.0,0.0,,0.0,0.0,1.6862705,0.18736339,13.490164,0.74945354,1.4972631,1.051421,0.75,0.6492708027362823,0.30196744,0.10072919726371765,0.19594594594594594,0.6842105263157895,0.09405940594059406,30.283565710086634,24.980000456871345,37.284210205078125,24.22461700439453,2.9978142,1.051421,0.2222222222222222,1.4826958,-0.049578123,0.01980198,0.15346535,32.847126,0.10125362,5,96.06999,1.9673157,0.0,0.0,0.0,0.0,0.0,0.0,0.37472677,1.0,0.0,,0.8248699,0.6497286,-0.16232413,7.000646,26.6056,1.0,4.802641,,0.0,0.0,0.0,0.0,0.0,0.0,7.8692627,0.0,5,,0.0,0.0,,,2.364697,15.34652,2026-08-28T18:00,5.337222,0.35202345,0.07385067,,,0.0632293,0.2149435,0.0,4.684085,0.0,0.18736339,0.18736339,0.0,19.086613,,,0.8630137,0.98630136,0.98630136,,,,,,,3.1851776,1.6862705,0.5294118,0.0,,0.0,,0.0,0.0,0.021781696,,,0.14782609,,,0.0,0.0,0.0,4.7525,,,0.0,0.0,0.0,0.0,0.0,0.0,0.0,0.0,0.0,,,,0.0,0.0,0.0,0.74945354,0.0,0.0,0.37472677,0.0,0.0,480.34998,0.0
33643,484626,Tonislav Yordanov,2484,Kisvárda,1522,NB I,351,2026/2027,35,1998-11-27,False,,,,,180.0,207.43333,0.08492461840311687,0.3316195,3.9048688,0.0,0.0,0.18994074,1.301623,0.8677487,0.0,0.0,0.8677487,0.0,5.206492,5.206492,0.43387434,0.0,0.43387434,0.14030683,0.0,0.14030683,0.5,0.43387434,0.8677487,0.43387434,0.8677487,0.5333333333333333,3.4709947,0.0,0.8677487,0.25,0.8677487,19.95822,0.12280701754385964,0.14035087719298245,0.7368421052631579,7.8097377,0.16666666666666666,0.1111111111111111,0.7222222222222222,0.5555555555555556,0.6842105263157895,0.0,0.0,0.0,0.0,0.0,0.5428863,0.43387434,1.0249124,0.9070119,0.7245571,0.7130093,0.097964875,0.0,2.3622332,2.0904946,1.66997,1.6433543,0.032359358,0.028636912,0.022876302,0.022511702,Centre Forward,,1.301623,6.0742407,9.97911,22.99534,0.43387434,5.6403666,0.0,0.09197587,0.050505050505050504,2.603246,0.43387434,0.0,0.0,0.0,0.0,0.0,0.0,0.0,,0.08108108108108109,0.5714285714285714,0.12280701754385964,23.83315772341009,22.973077236077724,14.618573188781738,13.807499885559082,0.0,0.0,,0.0,0.0,0.07017544,0.28070176,0.0,0.2866521,5,41.486668,5.683754,0.0,0.43387434,0.52156025,-0.52156025,5.206492,0.0,0.43387434,1.0,0.8677487,,0.9639124,0.9445176,-0.11278196,-9.214585,16.487225,0.92105263,3.9246714,0.0,3.4709947,0.0,0.0,0.0,0.0,15.198422,6.9419894,1.301623,3,73.96237,21.259842,3.0371203,0.9245283,0.875,70.79574,63.79083,2026-08-30T14:30,2.3048148,0.2090248,0.13312173,0.07945114,-0.00026039488,-0.0032876558,,0.8677487,5.206492,0.35894975,0.0,0.0,3.9048688,3.445238,2.9973333,2.748889,0.04761905,0.7619048,0.0952381,0.0,0.8,0.06666667,0.0,0.7777778,0.0,2.4668798,1.2334399,0.5,0.61671996,0.5,0.0,0.0,1.2334399,0.61671996,0.0050328337,0.0043176636,-0.00876424,0.16,0.15384616,0.2,6.1671996,4.3170395,3.0835998,3.18,3.18,,0.0,0.0,0.0,4.3170395,3.70032,2.4668798,0.61671996,0.61671996,0.0,2.6114967,3.0356667,2.4608335,0.0,0.0,0.0,0.61671996,0.61671996,0.0,0.0,0.0,0.0,145.93333,24.296963
33643,565816,Adi Alic,1034,Honvéd,1522,NB I,351,2026/2027,28,2002-03-05,False,,,,,192.0,405.3,0.12680166959762573,0.19710104,1.5544041,0.22205773,0.22205773,0.022141945,0.44411546,0.44411546,0.0,0.0,0.44411546,0.44411546,5.3293858,5.7735014,0.8882309,0.0,0.8882309,0.8102837,0.0,0.8102837,0.8,0.22205773,1.1102887,0.22205773,2.442635,0.0,0.0,0.0,0.8882309,0.25806451612903225,1.7764618,16.432274,0.2236842105263158,0.19736842105263158,0.5789473684210527,6.88379,0.0967741935483871,0.25806451612903225,0.6451612903225806,0.2857142857142857,0.6447368421052632,0.14285714285714285,0.22205773,0.22205773,0.5,0.0,0.713958,0.44411546,0.3944707,0.3944707,0.3189363,0.3189363,0.022141945,0.0,1.776433,1.776433,1.4362764,1.4362764,0.013987661,0.013987661,0.011309263,0.011309263,Centre Forward,,1.1102887,0.6661732,4.441155,13.101407,3.330866,3.7749815,0.0,0.0,0.041916167664670656,0.6661732,2.442635,0.0,0.0,0.0,0.0,0.0,0.0,0.0,,0.30434782608695654,0.5217391304347826,0.3026315789473684,13.243289345189146,12.42306207150829,11.370870590209961,11.08750057220459,0.0,0.0,,0.0,0.0,0.065789476,0.28947368,0.0,0.18714286,5,81.06,2.9089565,0.0,0.0,0.21924298,0.0028147625,1.9985197,0.22205773,0.44411546,0.5,0.0,,0.9380647,0.9750793,-0.12299771,-1.8724185,18.874908,0.7529412,3.8828046,0.6666667,1.9985197,0.0,0.0,0.0,0.0,10.089253,4.6632123,0.6661732,5,66.304985,11.102887,1.3323464,0.84745765,0.6666667,62.913624,67.94861,2026-08-29T15:00,4.503333,-0.012227969,-0.054218963,0.008457106,0.013483585,0.020050287,,0.8882309,5.3293858,0.21070366,0.0,0.0,3.330866,2.5965207,2.5232966,2.6074998,0.016129032,0.41935483,0.14516129,0.0,0.4107143,0.14285715,0.0,0.4722222,0.1388889,3.7749815,0.8882309,0.23529412,0.6661732,0.21428572,0.6661732,0.33333334,3.1088083,1.9985197,-0.017806955,-0.01753091,-0.008041543,0.26153848,0.26923078,0.2647059,8.88231,8.216137,5.5514436,5.2233334,3.855,3.855,0.0,0.0,0.0,3.7749815,3.5529237,2.8867507,1.3323464,1.3323464,0.8882309,2.8252652,2.9630167,3.1989872,0.0,0.0,0.0,0.6661732,0.44411546,0.44411546,0.22205773,0.0,0.0,405.3,15.099926
33643,35704,Osman Hadzikic,1034,Honvéd,1522,NB I,351,2026/2027,28,1996-03-12,False,Osman,Hadzikic,,80.0,189.0,199.28333,,0.0,0.0,0.0,0.0,0.0,0.0,0.0,0.0,0.0,0.0,0.0,0.0,0.0,0.0,0.0,0.0,0.0,0.0,0.0,,0.0,0.0,0.0,0.0,0.16666666666666666,1.8064733,0.0,0.0,,0.0,17.613115,0.48148148148148145,0.0,0.5185185185185185,0.0,,,,,0.6296296296296297,,0.0,0.0,,0.0,0.0,0.0,0.13549434,0.11875454,0.13549434,0.11875454,0.0,0.0,0.30001956,0.26295334,0.30001956,0.26295334,0.0056607462,0.004961384,0.0056607462,0.004961384,Goalkeeper,,2.2580917,8.580748,0.0,0.0,0.0,0.0,,0.0,0.0,0.4516183,0.4516183,11.290459,0.9032366,1.1020919,0.9318615,0.5,0.48415428400039673,0.028624862,0.01584571599960327,0.11538461538461539,0.375,0.14814814814814814,41.399631076388886,26.692939309512866,51.779998779296875,26.443334579467773,1.8064733,0.9318615,0.16,1.9000033,-0.05226139,0.037037037,0.24074075,16.404863,0.05698006,2,99.64166,0.9032366,0.0,0.0,0.0,0.0,0.0,0.0,0.0,,0.0,,0.64476275,0.5106863,-0.25462964,10.380367,14.903404,1.0,3.3248484,1.0,0.0,0.0,0.0,0.0,0.0,0.0,5.8710384,0.0,2,,0.0,0.0,,,3.779885,10.620165,2026-08-29T15:00,2.2142591,0.07284879,0.061901826,,,0.016482482,-0.0055355085,0.0,2.2580917,0.0,0.4516183,0.0,0.0,17.150625,,,0.8125,1.0,0.9375,,,,,,,3.6129465,0.9032366,0.25,0.0,,0.0,,0.0,0.0,0.015499499,,,0.2962963,,,0.0,0.0,0.0,6.04,,,0.0,0.0,0.0,0.0,0.0,0.0,0.0,0.0,0.0,,,,0.0,0.0,0.0,0.4516183,0.0,0.0,0.4516183,0.0,0.0,199.28333,0.0
33643,8540,Kenan Kodro,1476,Ferencvaros,1522,NB I,351,2026/2027,28,1993-08-19,False,Kenan,Kodro,,80.0,188.0,2.4666667,,0.0,0.0,0.0,0.0,0.0,0.0,0.0,0.0,0.0,0.0,0.0,0.0,0.0,0.0,0.0,0.0,0.0,0.0,0.0,,0.0,0.0,0.0,0.0,,0.0,,0.0,0.0,0.0,0.0,,,,0.0,,,,,,,0.0,0.0,,0.0,0.0,0.0,0.0,0.0,0.0,0.0,0.0,0.0,0.0,0.0,0.0,0.0,0.0,0.0,0.0,0.0,,,0.0,0.0,0.0,0.0,36.486485,0.0,,0.0,0.0,0.0,0.0,0.0,0.0,0.0,0.0,0.0,0.0,0.0,,,,,,,,,0.0,0.0,,0.0,0.0,,,0.0,,1,2.4666667,,0.0,0.0,0.0,0.0,0.0,36.486485,36.486485,0.0,0.0,,,,,,72.97297,0.5,3.1605773,,0.0,0.0,0.0,0.0,0.0,0.0,0.0,0.0,0,,0.0,0.0,,,,,2026-08-17T15:30,0.027407408,0.46004847,,,,0.46004847,,0.0,36.486485,0.0,0.0,0.0,36.486485,2.36,2.36,2.36,0.0,1.0,0.0,0.0,1.0,0.0,0.0,1.0,0.0,0.0,0.0,,0.0,,0.0,,0.0,0.0,,,,,,,0.0,0.0,0.0,,,,0.0,0.0,0.0,0.0,0.0,0.0,0.0,0.0,0.0,,,,0.0,0.0,0.0,0.0,0.0,0.0,0.0,0.0,0.0,2.4666667,0.0
33643,388945,Jasmin Mešanović,2484,Kisvárda,1522,NB I,351,2026/2027,28,1992-01-06,False,,,,,183.0,257.43332,0.07649091879526775,0.08022484,1.0488153,0.0,0.34960508,0.07660377,1.3984203,1.3984203,0.34960508,0.0,1.0488153,1.0488153,3.1464458,4.195261,2.4472356,1.3984203,3.8456562,1.5941198,0.92358387,2.5177038,0.875,0.34960508,1.0488153,0.34960508,0.69921017,0.23076923076923078,1.0488153,0.02,1.3984203,0.4166666666666667,1.7480254,25.870777,0.2702702702702703,0.20270270270270271,0.527027027027027,7.3417068,0.14285714285714285,0.2857142857142857,0.5714285714285714,0.0,0.5540540540540541,0.0,0.0,0.34960508,0.5,0.34960508,0.64374715,0.34960508,0.4638531,0.4638531,0.34475657,0.34475657,0.07660377,0.34960508,1.3267915,1.3267915,0.9861315,0.9861315,0.013401935,0.013401935,0.009960924,0.009960924,Left Midfielder,Right Midfielder,1.7480254,4.195261,8.740128,11.536968,2.4472356,4.5448666,0.3333333333333333,0.0,0.015384615384615385,1.0488153,1.3984203,0.0,0.0,0.0,0.0,0.0,0.0,0.0,,0.18421052631578946,0.42857142857142855,0.1891891891891892,19.063379236169762,14.964147056021341,14.49571418762207,14.388333320617676,0.0,0.0,,0.0,0.0,0.10810811,0.4189189,0.0,0.38104838,5,51.486664,6.6075363,0.0,0.0,0.15682863,0.19277649,2.4472356,1.0488153,1.3984203,0.25,0.0,,0.78496826,0.9925922,-0.12548262,-4.5676646,22.025122,0.9047619,3.2967522,0.8,3.1464458,0.0,0.0,0.0,0.0,7.6394515,4.894471,1.0488153,3,47.72664,4.5448666,2.0976305,0.3939394,0.6666667,44.60587,65.317505,2026-08-30T14:30,2.8603702,0.32607013,0.077902295,-0.085598975,0.046841286,0.28692552,,1.0488153,5.5936813,0.0,0.0,0.0,2.7968407,4.8417645,5.176296,6.3215384,0.05882353,0.8235294,0.4117647,0.074074075,0.8518519,0.44444445,0.15384616,0.9230769,0.53846157,5.7121267,1.6320363,0.2857143,1.6320363,0.36363637,0.40800908,0.33333334,4.4880996,1.2240273,0.08424731,0.08013003,0.056839243,0.25,0.28947368,0.1764706,3.2640727,3.2640727,2.4480546,2.38,2.38,,0.40800908,0.40800908,0.40800908,2.4480546,2.4480546,2.0400455,1.6320363,1.6320363,1.2240273,6.0183334,6.0183334,6.84,0.0,0.0,0.0,1.2240273,1.2240273,0.0,0.0,0.0,0.0,220.58333,15.033018
33643,38787,Blaž Bošković,2206,Debrecen,1522,NB I,351,2026/2027,28,2001-12-15,False,,,,70.0,180.0,443.41666,0.06944404542446136,0.056380056,0.8118775,0.0,0.0,0.062901534,1.2178162,1.2178162,0.0,0.0,0.40593874,0.40593874,4.871265,5.2772036,1.8267243,1.2178162,3.0445406,1.9629123,1.4911245,3.4540367,0.6428571428571429,0.20296937,2.4356325,1.0148469,0.8118775,0.4,1.2178162,0.09722222222222222,1.0148469,0.5714285714285714,2.4356325,27.400866,0.2318840579710145,0.13043478260869565,0.6376811594202898,7.915806,0.20512820512820512,0.23076923076923078,0.5641025641025641,0.0,0.717391304347826,0.0,0.0,0.0,0.0,0.0,1.2497141,1.0148469,0.44995782,0.44995782,0.4150304,0.4150304,0.062901534,0.0,2.2168756,2.2168756,2.0447931,2.0447931,0.013354672,0.013354672,0.012318031,0.012318031,Left Defensive Midfielder,Left Centre Midfielder,1.0148469,3.0445406,4.871265,10.351438,1.0148469,2.6386018,0.0,0.0,0.008097165991902834,3.0445406,1.623755,0.0,0.0,0.0,0.0,0.0,0.0,0.0,,0.26666666666666666,0.6296296296296297,0.1956521739130435,18.007609049479168,17.054645576862374,10.180741310119629,11.765294075012207,0.0,0.0,,0.0,0.0,0.08695652,0.2536232,0.0,0.2494692,5,88.683334,4.76978,0.0,0.0,0.1192816,-0.1192816,2.0296938,0.20296937,0.40593874,0.5,0.0,,0.94707996,1.1556422,-0.08776168,-7.826868,20.905846,0.93203884,4.7596126,0.2857143,2.841571,0.40593874,0.0,0.0,0.20296937,12.632133,4.6682954,1.2178162,5,50.415665,5.480173,2.0296938,0.5294118,0.71428573,43.302963,56.147217,2026-08-28T18:00,4.9268517,-0.098327056,-0.023284584,-0.06747715,-0.05733244,0.049767103,,1.4207855,7.7128363,0.0,0.0,0.0,4.4653263,4.3982844,4.427826,2.9261112,0.08450704,0.6760563,0.33802816,0.08695652,0.65217394,0.39130434,0.0,0.44444445,0.2777778,4.6682954,2.841571,0.6086956,2.4356325,0.7058824,1.4207855,0.7777778,3.4504793,1.8267243,0.0406768,0.043576602,0.041694954,0.18852459,0.21518987,0.25714287,4.6682954,3.8564181,2.2326632,4.46,4.46,4.92,0.0,0.0,0.0,1.623755,1.2178162,0.40593874,0.8118775,0.6089081,0.20296937,4.344008,4.3229365,4.681,0.0,0.0,0.0,1.4207855,1.4207855,0.40593874,0.20296937,0.20296937,0.0,443.41666,14.613794
33643,205918,Rocco Zikovic,2215,Nyíregyháza Spartacus,1522,NB I,351,2026/2027,56,2005-01-21,False,,,,76.0,191.0,209.81667,0.4374680817127228,0.18765014,0.4289459,0.0,0.0,0.0405708,0.4289459,0.4289459,0.0,0.0,0.4289459,0.4289459,1.7157836,2.1447296,1.2868377,0.8578918,2.1447296,1.2451252,1.0166836,2.2618089,1.0,0.0,2.1447296,0.0,0.4289459,0.6470588235294118,4.718405,0.07407407407407407,4.718405,0.5333333333333333,3.4315672,41.607754,0.26,0.03,0.71,3.0026214,0.5714285714285714,0.0,0.42857142857142855,0.0,0.84,0.0,0.0,0.0,,0.0,4.752059,0.4289459,0.3605129,0.3605129,0.13229199,0.13229199,0.0405708,0.0,0.84046245,0.84046245,0.3084118,0.3084118,0.008404625,0.008404625,0.003084118,0.003084118,Right Centre Back,Left Centre Back,6.434189,5.576297,3.0026214,5.576297,0.4289459,1.7157836,0.0,0.0,0.0,2.1447296,0.0,0.0,0.0,0.0,0.0,0.0,0.0,0.0,,0.1527777777777778,0.6666666666666666,0.15,24.8718017578125,22.962262834821427,25.229333877563477,21.079999923706055,0.0,0.0,,0.0,0.0,0.07,0.2,0.0,0.16318788,4,52.454166,3.688935,0.0,0.0,0.22822092,-0.22822092,0.8578918,0.0,0.0,,0.0,,0.92322475,0.83553535,-0.17333333,0.35753173,29.168324,0.9705882,3.2020776,,0.8578918,0.4289459,0.0,0.0,0.0,6.2343273,3.0026214,0.8578918,2,33.50403,0.8578918,0.4289459,0.15384616,0.5,27.042046,37.710777,2026-08-29T12:45,2.3312962,0.04572372,0.09190553,-0.12478795,0.07179433,0.006811803,,0.4289459,14.155214,0.0,0.0,0.0,2.1447296,12.21424,9.893637,2.72,0.627907,0.95348835,0.8604651,0.45454547,0.90909094,0.72727275,0.0,0.6666667,0.0,5.8160725,2.6843412,0.46153846,0.8947804,1.0,0.4473902,1.0,0.8947804,0.4473902,0.035061326,0.02170975,0.015571061,0.15294118,0.18181819,0.5,0.4473902,0.4473902,0.4473902,4.635,5.03,5.03,0.0,0.0,0.0,0.4473902,0.4473902,0.4473902,0.0,0.0,0.0,2.55,2.55,2.55,0.0,0.0,0.0,0.8947804,0.4473902,0.4473902,0.4473902,0.4473902,0.4473902,201.16667,8.578918
33643,52155,Franko Kovacevic,1476,Ferencvaros,1522,NB I,351,2026/2027,56,1999-08-08,False,,,,80.0,186.0,3.9,0.3064700961112976,7.0723863,23.076921,0.0,0.0,0.0,0.0,0.0,0.0,0.0,0.0,0.0,0.0,0.0,0.0,0.0,0.0,0.0,0.0,0.0,,0.0,0.0,0.0,0.0,,0.0,,0.0,,0.0,0.0,0.0,1.0,0.0,0.0,,,,0.0,1.0,0.0,0.0,0.0,,0.0,0.0,0.0,7.0723863,7.0723863,0.0,,0.0,0.0,0.3064701,0.3064701,0.0,,0.15323505,0.15323505,0.0,,Centre Forward,,0.0,0.0,0.0,0.0,0.0,0.0,,0.0,0.3333333333333333,0.0,0.0,0.0,0.0,0.0,0.0,0.0,0.0,0.0,,1.0,,0.0,12.90999984741211,12.90999984741211,,,0.0,0.0,,0.0,0.0,0.0,0.0,0.0,,1,3.9,,0.0,0.0,7.0723863,-7.0723863,23.076921,0.0,0.0,,0.0,,1.0,,,,0.0,,,,0.0,0.0,0.0,0.0,0.0,0.0,0.0,0.0,1,,0.0,0.0,,,,50.0,2026-07-26T18:00,0.043333333,-1.629969,0.17431736,-1.8042865,,,,0.0,0.0,0.0,0.0,0.0,0.0,4.79,4.79,4.79,0.0,1.0,0.0,0.0,1.0,0.0,0.0,1.0,0.0,0.0,0.0,,0.0,,0.0,,0.0,0.0,,,,,,,0.0,0.0,0.0,,,,0.0,0.0,0.0,0.0,0.0,0.0,0.0,0.0,0.0,,,,0.0,0.0,0.0,0.0,0.0,0.0,0.0,0.0,0.0,3.9,0.0
33643,29986,Daniel Štefulj,2774,Győri ETO,1522,NB I,351,2026/2027,56,1999-11-08,False,,,,78.0,186.0,446.9167,0.05836575031280518,0.05876842,1.0068991,0.0,1.0068991,0.7376232,2.4165578,2.0137982,1.0068991,0.2013798,1.6110384,1.0068991,4.631736,5.638635,1.8124185,0.8055192,2.6179376,2.1396875,0.8597784,2.9994657,0.8181818181818182,0.4027596,1.4096588,0.4027596,1.8124185,0.56,2.8193176,0.023529411764705882,2.8193176,0.5454545454545454,1.2082789,37.658028,0.18552036199095023,0.16289592760180996,0.6515837104072398,10.87451,0.1111111111111111,0.12962962962962962,0.7592592592592593,0.0,0.7918552036199095,0.0,0.0,1.6110384,0.5714285714285714,0.0,3.0299866,1.0068991,0.9638965,0.78102934,0.51635975,0.4942854,0.554756,0.8055192,4.7864604,3.8783894,2.5641086,2.4544933,0.021658191,0.017549273,0.011602301,0.011106305,Left Wing Back,Left Back,3.020697,4.8331156,4.2289762,9.666231,1.2082789,3.020697,0.375,0.1828672,0.007751937984496124,4.8331156,0.60413945,0.0,0.0,0.0,0.0,0.0,0.0,0.0,,0.8356164383561644,0.68,0.11312217194570136,20.270496765412897,18.87685825892857,15.671600341796875,14.717059135437012,0.0,0.0,,0.0,0.0,0.05882353,0.19909503,0.0,0.4291846,5,89.38334,6.041394,0.2013798,0.4027596,0.79639167,0.21050745,3.423457,0.60413945,1.0068991,0.4,0.60413945,,0.93124795,0.939091,-0.1118552,-4.5988965,31.61663,0.91082805,4.7933636,0.75,2.215178,0.0,0.0,0.0,0.0,10.169852,4.2289762,0.2013798,5,39.340942,3.222077,1.0068991,0.33333334,0.45454547,33.160873,51.89185,2026-08-30T14:30,4.965741,0.45646298,0.38711733,-0.063075066,0.06616527,0.06625549,,1.6110384,8.055193,0.0,0.0,0.0,1.6110384,7.9643865,7.620693,6.8618183,0.29357797,0.88073397,0.6880734,0.27941176,0.9117647,0.6911765,0.27272728,0.90909094,0.6060606,7.487807,3.8730035,0.51724136,2.0656018,0.53333336,1.2910012,0.41666666,3.8730035,3.0984027,0.0739815,0.05413633,0.044445895,0.21323529,0.234375,0.33333334,3.8730035,3.6148033,2.8402026,5.203,4.605,4.8,0.7746007,0.51640046,0.51640046,3.3566031,3.0984027,2.5820024,1.2910012,1.0328009,0.7746007,5.605,4.80125,4.5794,0.25820023,0.0,0.0,2.5820024,1.0328009,0.7746007,1.0328009,0.25820023,0.25820023,348.56668,12.888308
33643,33327,Stipe Radić,2207,MTK Budapest,1522,NB I,351,2026/2027,56,2000-06-10,False,,,,83.0,191.0,485.1167,0.1854952722787857,0.034413524,0.18552236,0.0,0.0,0.0,0.0,0.0,0.0,0.0,0.0,0.0,0.55656713,0.55656713,0.55656713,0.9276118,1.4841789,0.6655373,1.0124063,1.6779437,1.0,0.0,1.1131343,0.0,0.0,0.7058823529411765,2.2262685,0.05714285714285714,4.2670145,0.6774193548387096,3.8959696,53.0594,0.1864951768488746,0.04180064308681672,0.7717041800643086,1.2986566,0.2857142857142857,0.0,0.7142857142857143,0.0,0.9067524115755627,0.0,0.0,0.0,0.0,0.0,4.7631984,0.0,0.54485816,0.53707993,0.54485816,0.53707993,0.0,0.0,2.9368865,2.8949606,2.9368865,2.8949606,0.012135895,0.011962648,0.012135895,0.011962648,Left Centre Back,Right Centre Back,4.452537,2.9683578,3.1538801,3.1538801,0.18552236,0.74208945,,0.0,0.0,1.1131343,0.0,0.0,0.0,0.0,0.0,0.0,0.0,0.0,,0.38022813688212925,0.7391304347826086,0.14790996784565916,18.5675256857918,18.81585044049202,17.522174835205078,19.59764862060547,0.0,0.0,,0.0,0.0,0.115755625,0.19292605,0.0,0.19714655,5,97.02334,2.8199399,0.0,0.0,0.034413524,-0.034413524,0.18552236,0.0,0.0,,0.0,,1.0133741,1.1184484,-0.16762197,-1.0453514,41.185966,0.9954955,3.2563076,,0.37104473,0.37104473,0.0,0.0,0.0,3.6647708,2.2262685,0.18552236,5,31.39444,0.37104473,0.0,0.11764706,0.0,22.816393,32.5725,2026-08-22T15:30,5.3901854,0.22376648,0.013513439,-0.023265624,0.19608465,0.03743396,,0.0,9.461641,0.0,0.0,0.0,1.1131343,11.005038,10.189091,4.26,0.5859375,0.9375,0.8203125,0.6363636,1.0,0.72727275,0.0,1.0,0.0,6.487878,4.634198,0.71428573,0.69512975,1.0,0.23170991,1.0,0.69512975,0.23170991,0.031843998,0.002700765,0.001199171,0.15555556,0.15789473,0.33333334,0.0,0.0,0.0,6.08125,2.885,2.7,0.0,0.0,0.0,0.0,0.0,0.0,0.0,0.0,0.0,,,,0.46341982,0.0,0.0,3.7073586,0.46341982,0.23170991,2.317099,0.0,0.0,388.4167,4.6380596
33643,404210,Branko Pauljević,1034,Honvéd,1522,NB I,351,2026/2027,203,1989-06-12,False,,,,72.0,179.0,103.283325,,0.0,0.0,0.0,0.0,0.0,0.0,0.0,0.0,0.0,0.0,0.0,0.0,0.0,0.87138945,0.0,0.87138945,0.588812,0.0,0.588812,1.0,0.0,0.87138945,0.0,0.87138945,0.5454545454545454,5.228337,0.125,4.356947,0.0,0.0,27.884462,0.40476190476190477,0.16666666666666666,0.42857142857142855,6.9711156,0.375,0.25,0.375,,0.7380952380952381,,0.0,0.0,0.0,0.0,2.6048295,0.0,0.33424973,0.28356695,0.33424973,0.28356695,0.0,0.0,0.38358247,0.3254193,0.38358247,0.3254193,0.008524055,0.00723154,0.008524055,0.00723154,Right Back,,5.228337,8.713894,1.7427789,5.228337,0.0,0.87138945,,0.0,0.0,6.099726,1.7427789,0.0,0.0,0.0,0.0,0.0,0.0,0.0,,0.13636363636363635,0.5,0.09523809523809523,28.009762718563987,24.834515971522176,31.579999923706055,19.950000762939453,0.0,0.0,,0.0,0.0,0.14285715,0.30952382,0.0,0.16753927,3,34.427776,2.7884462,0.0,0.0,0.0,0.0,0.0,0.0,0.0,,0.0,,0.88663787,0.63172895,-0.23809524,3.5702372,20.041958,0.95652175,6.014553,,0.87138945,0.0,0.0,0.0,0.0,2.5151808,1.7427789,0.87138945,1,37.909344,0.87138945,0.87138945,0.16666667,1.0,26.392475,47.594883,2026-08-29T15:00,1.1475925,0.22707354,0.06723782,,0.096722566,0.063113116,,0.0,13.942231,0.0,0.0,0.0,3.4855578,9.015715,8.365,3.0800002,0.35714287,0.9285714,0.78571427,0.5,1.0,0.75,0.0,1.0,0.0,6.9711156,3.4855578,0.5,1.7427789,0.5,0.87138945,0.25,3.4855578,3.4855578,0.055289906,0.03165314,0.019966325,0.26666668,0.4,0.6666667,0.0,0.0,0.0,3.9050002,3.16,3.16,0.0,0.0,0.0,0.0,0.0,0.0,0.0,0.0,0.0,,,,0.0,0.0,0.0,1.7427789,0.87138945,0.87138945,0.0,0.0,0.0,103.283325,6.9711156
33643,10837,Matija Ljujic,1033,Ujpest,1522,NB I,351,2026/2027,203,1993-10-28,False,Matija,Ljujic,,75.0,185.0,506.93332,0.039341166615486145,0.041907348,1.0652288,0.17753814,0.17753814,0.08409952,1.4203051,0.71015257,0.0,0.0,2.485534,0.71015257,1.0652288,1.7753814,2.663072,0.71015257,3.3732247,2.7622983,0.69823265,3.4605305,0.625,0.35507628,1.5978432,1.5978432,1.5978432,0.47619047619047616,3.550763,0.03896103896103896,1.242767,0.8888888888888888,1.4203051,39.23593,0.23346303501945526,0.08949416342412451,0.6770428015564203,9.054445,0.37254901960784315,0.0784313725490196,0.5490196078431373,0.5,0.7859922178988327,0.16666666666666666,0.17753814,0.35507628,0.2857142857142857,0.0,1.262699,0.17753814,0.5478222,0.4505679,0.44796893,0.41085336,0.039714564,0.0,3.0856593,2.5378654,2.5232265,2.3141694,0.012750658,0.010487047,0.010426556,0.009562683,Left Defensive Midfielder,Right Centre Forward,2.485534,6.213835,9.942136,11.895055,1.4203051,2.8406103,0.14285714285714285,0.044384953,0.004629629629629629,5.326144,1.7753814,0.0,0.0,0.0,0.0,0.0,0.0,0.0,,0.851063829787234,0.7222222222222222,0.14007782101167315,20.657665445646888,18.56049369585396,18.028888702392578,15.761922836303711,0.0,0.0,,0.0,0.0,0.08171206,0.17898832,0.0,0.3576555,6,84.488884,5.30839,0.0,0.71015257,0.12600687,0.051531274,2.485534,0.35507628,0.71015257,0.5,1.7753814,,0.89847976,0.87425923,-0.063769996,-2.6287773,32.48948,0.92349726,3.8646548,0.2,3.9058392,0.0,0.0,0.0,0.0,12.475605,4.0833774,0.8876907,6,41.94022,4.438453,2.1304576,0.37313432,0.54545456,40.237633,50.404686,2026-08-29T17:30,5.632592,0.14671081,0.06110683,0.020487225,0.051137026,0.013979723,,0.17753814,9.942136,0.1648337,0.0,0.0,4.615992,5.4642706,4.6005683,4.288182,0.078947365,0.8596491,0.5,0.04255319,0.82978725,0.38297874,0.09090909,0.72727275,0.3181818,9.718587,6.6263094,0.6818182,3.5340316,0.7619048,0.8835079,0.44444445,4.6384163,1.9878927,0.047127265,0.018589187,0.0017545354,0.24858756,0.3,0.39130434,1.7670158,1.1043849,0.6626309,4.806667,3.7572727,3.1166668,0.0,0.0,0.0,1.1043849,0.6626309,0.22087698,0.44175395,0.22087698,0.22087698,3.901,3.7866666,5.32,0.44175395,0.0,0.0,3.9757855,2.4296467,0.6626309,1.3252618,0.6626309,0.0,407.46664,16.155972
33643,23894,Nemanja Antonov,2215,Nyíregyháza Spartacus,1522,NB I,351,2026/2027,203,1995-05-06,False,Nemanja,Antonov,,75.0,182.0,181.71667,0.034435802035861544,0.15349719,4.4574885,0.0,0.0,0.5861096,4.952765,1.4858295,0.0,0.0,6.9338713,1.981106,2.971659,4.952765,1.4858295,0.4952765,1.981106,1.8050998,0.52558637,2.330686,1.0,0.990553,1.4858295,0.0,0.4952765,0.5416666666666666,6.4385943,0.0,0.0,0.0,0.0,36.65046,0.18947368421052632,0.1368421052631579,0.6736842105263158,12.381912,0.2,0.12,0.68,0.0,0.6947368421052632,0.0,0.0,1.4858295,0.6,0.0,0.0,0.0,1.4737414,0.38576272,0.26339108,0.21409585,0.048300885,0.0,2.975593,0.7788835,0.5318061,0.43227538,0.031655245,0.008285995,0.0056575118,0.0045986744,Left Midfielder,Left Centre Midfielder,0.0,11.886636,4.952765,9.410254,0.0,2.971659,0.21428571428571427,0.53780866,0.053691275167785234,5.4480414,0.0,0.0,0.0,0.0,0.0,0.0,0.0,0.0,,0.890625,0.7272727272727273,0.11578947368421053,23.667997018914473,21.868637547348484,11.991817474365234,14.296249389648438,0.0,0.0,,0.0,0.0,0.042105265,0.28421053,0.0,0.52340424,4,45.42917,12.183802,0.0,3.4669356,0.7396068,-0.7396068,9.410254,0.0,0.990553,1.0,4.952765,,0.923975,1.192167,0.032535885,-11.67618,32.192974,0.9846154,5.479903,,1.981106,0.4952765,0.0,0.0,0.0,10.86064,3.962212,0.990553,2,41.051636,3.4669356,1.4858295,0.36842105,0.75,43.65875,61.551903,2026-08-29T12:45,2.0190742,0.75194746,0.7391648,-0.17920241,0.008751565,0.18323354,,0.4952765,8.914977,0.0,0.0,0.0,4.952765,5.748667,5.120909,5.3161902,0.08888889,0.95555556,0.53333336,0.030303031,0.93939394,0.4848485,0.04761905,0.95238096,0.52380955,7.4291477,4.4574885,0.6,2.971659,0.6,1.981106,0.5,4.952765,3.962212,0.08178148,0.06756605,0.06675843,0.24193548,0.25641027,0.42105263,3.4669356,1.981106,0.4952765,7.462,7.462,8.98,0.4952765,0.0,0.0,3.4669356,1.981106,0.4952765,1.4858295,0.990553,0.4952765,5.575714,5.1875,7.41,0.990553,0.990553,0.990553,2.4763825,2.4763825,1.4858295,1.4858295,1.4858295,0.990553,181.71667,11.391359
33643,44460,Nikola Radmanovac,2484,Kisvárda,1522,NB I,351,2026/2027,203,1997-01-30,False,,,,82.0,189.0,493.01666,0.13144561648368835,0.071986035,0.54764885,0.0,0.0,0.025728157,0.36509922,0.36509922,0.0,0.0,0.18254961,0.18254961,1.8254961,2.0080457,0.54764885,0.73019844,1.2778473,0.39779812,0.48577332,0.88357145,0.75,0.0,0.54764885,0.18254961,0.0,0.6216216216216216,4.1986413,0.08333333333333333,4.928839,0.8888888888888888,4.381191,39.430714,0.2599118942731278,0.022026431718061675,0.7180616740088106,2.0080457,0.36363636363636365,0.0,0.6363636363636364,0.0,0.8502202643171806,0.0,0.0,0.36509922,1.0,0.0,3.6607034,0.36509922,0.4146623,0.4146623,0.34419987,0.34419987,0.025728157,0.0,2.2715046,2.2715046,1.8855141,1.8855141,0.010186119,0.010186119,0.008455221,0.008455221,Right Centre Back,,5.4764886,6.2066865,3.6509922,5.659038,0.0,3.1033432,1.0,0.0,0.0,1.6429466,0.73019844,0.0,0.0,0.0,0.0,0.0,0.0,0.0,,0.15384615384615385,0.7931034482758621,0.1277533039647577,24.513304050798457,22.79429950615285,19.30137825012207,17.925216674804688,0.0,0.0,,0.0,0.0,0.057268724,0.16299559,0.0,0.3019068,6,82.16944,5.202664,0.0,0.0,0.09771419,-0.09771419,0.91274804,0.0,0.0,,0.0,,0.92987466,0.9287014,-0.057116818,-5.211925,25.922045,1.0,4.7567353,0.0,0.73019844,0.0,0.0,0.0,0.0,3.6806288,4.7462897,0.36509922,6,19.091736,0.73019844,0.18254961,0.12903225,0.25,19.135319,36.46711,2026-08-30T14:30,5.477963,0.15243521,-0.015105801,-0.088860735,0.20645934,0.049942452,,0.36509922,12.413373,0.0,0.0,0.0,2.5556946,12.223844,11.098333,1.93,0.61904764,0.9285714,0.86904764,0.33333334,0.7777778,0.6666667,0.0,0.5,0.0,5.520344,2.760172,0.5,0.18401146,0.5,0.0,,0.36802292,0.0,0.00024253949,0.0017245255,,0.16853933,0.08695652,0.0,0.0,0.0,0.0,5.152222,,,0.0,0.0,0.0,0.0,0.0,0.0,0.0,0.0,0.0,,,,0.0,0.0,0.0,1.6561031,0.0,0.0,1.1040688,0.0,0.0,489.09998,6.7543354
33643,35582,Željko Gavrić,2774,Győri ETO,1522,NB I,351,2026/2027,203,2000-12-05,False,,,,72.0,181.0,366.45,0.1658213257789612,0.2036283,1.2279984,0.49119934,0.49119934,0.19404453,1.7191976,1.2279984,0.24559967,0.0,1.2279984,0.49119934,2.4559968,2.9471958,1.4735979,0.24559967,1.7191976,1.989783,0.31123453,2.3010175,0.8571428571428571,1.4735979,0.73679894,0.24559967,1.4735979,0.6,1.4735979,0.0,0.49119934,0.75,0.73679894,30.699959,0.13043478260869565,0.2391304347826087,0.6304347826086957,8.595988,0.17142857142857143,0.22857142857142856,0.6,0.6,0.7971014492753623,0.2,0.24559967,0.24559967,0.5,0.0,0.6824355,0.0,1.4569498,1.1866554,0.9444089,0.9444089,0.12549815,0.0,5.932214,4.8316655,3.8453183,3.8453183,0.03954809,0.032211103,0.025635455,0.025635455,Left Midfielder,Left Wing,0.9823987,1.9647974,2.210397,7.61359,2.7015963,1.4735979,0.2,0.068546385,0.011363636363636364,3.1927958,2.4559968,0.0,0.0,0.0,0.0,0.0,0.0,0.0,,0.09803921568627451,0.7272727272727273,0.15942028985507245,16.897899682971016,17.439728338068182,14.66772747039795,14.326249122619629,0.0,0.0,,0.0,0.0,0.057971016,0.23188406,0.0,0.4878837,4,91.6125,7.41711,0.24559967,0.49119934,0.3976728,0.09352649,2.9471958,1.4735979,2.9471958,0.5,0.73679894,1.0,1.0320648,0.9767191,-0.06982872,-2.2301724,30.45436,0.88709676,5.8675447,0.5,1.9647974,0.24559967,0.0,0.0,0.0,9.917146,1.4735979,0.0,4,47.261192,3.4383953,1.2279984,0.4516129,0.625,44.03653,54.055668,2026-08-30T14:30,4.0716667,0.3614877,0.08162614,0.181793,0.0106244385,0.08744408,,0.0,5.6487927,0.3916274,0.0,0.0,2.4559968,5.290584,6.0471277,6.232,0.086419754,0.90123457,0.45679012,0.13333334,0.93333334,0.53333336,0.06666667,1.0,0.6666667,5.1166644,3.5177066,0.6875,2.8781235,0.6923077,1.2791661,0.5714286,4.15729,2.2385406,0.064223036,0.06720004,0.065304846,0.17204301,0.27083334,0.29166666,8.634372,3.8374984,0.63958305,6.9763637,5.85,4.825,0.0,0.0,0.0,7.355205,3.1979153,0.63958305,1.9187492,0.63958305,0.31979153,3.7235363,3.4982858,4.195,0.9593746,0.63958305,0.0,3.5177066,2.8781235,1.2791661,1.9187492,1.2791661,0.31979153,281.43335,9.823987
33643,284243,Miljan Krpić,2774,Győri ETO,1522,NB I,351,2026/2027,203,2003-07-03,False,,,,79.0,188.0,485.76666,0.06172114610671997,0.022870665,0.37054828,0.0,0.0,0.02805886,0.18527414,0.18527414,0.0,0.0,0.0,0.0,0.5558224,0.5558224,1.4821931,2.593838,4.076031,1.5177948,2.2827334,3.8005278,0.8888888888888888,0.74109656,0.18527414,0.18527414,0.18527414,0.6585365853658537,5.002402,0.010638297872340425,4.076031,0.5263157894736842,1.8527414,61.88156,0.25146198830409355,0.014619883040935672,0.7339181286549707,5.558224,0.3,0.0,0.7,0.5,0.8918128654970761,0.0,0.0,0.18527414,0.5,0.0,5.0561733,0.18527414,0.73809654,0.6697523,0.73809654,0.6697523,0.02805886,0.0,3.983808,3.6149259,3.983808,3.6149259,0.015684284,0.014231992,0.015684284,0.014231992,Left Centre Back,,5.187676,6.484595,1.8527414,2.9643862,0.0,1.296919,,0.0,0.0015408320493066256,3.7054827,0.18527414,0.0,0.0,0.0,0.0,0.0,0.0,0.0,,0.265993265993266,0.6451612903225806,0.09064327485380116,21.66122704221491,20.74475377817623,23.161291122436523,17.43849754333496,0.0,0.0,,0.0,0.0,0.078947365,0.15204678,0.0,0.30115828,5,97.153336,4.335415,0.0,0.0,0.050929524,-0.050929528,0.5558224,0.0,0.74109656,1.0,0.0,,0.9576906,0.7529156,-0.24665157,1.5000633,52.617855,0.99647886,5.2535686,0.8,0.5558224,0.37054828,0.0,0.0,0.0,3.3390749,3.7054827,0.37054828,5,28.303236,0.37054828,0.0,0.125,0.0,20.20133,39.241486,2026-08-30T14:30,5.3974075,0.055133514,0.026040234,-0.020181539,-0.04485774,0.09413261,,0.37054828,7.966788,0.020547371,0.0,0.0,2.2232895,11.862153,10.083334,7.601111,0.6289308,0.9811321,0.9056604,0.5,1.0,0.8666667,0.33333334,1.0,0.6666667,8.363089,4.6461606,0.5555556,1.6261563,0.6363636,0.0,0.0,2.5553882,0.23230803,0.025983995,0.007277919,-0.005641712,0.15126051,0.2244898,0.14285715,0.23230803,0.23230803,0.23230803,5.5891666,4.392,,0.0,0.0,0.0,0.23230803,0.23230803,0.23230803,0.0,0.0,0.0,3.67,3.67,3.67,0.23230803,0.0,0.0,2.7876964,1.1615402,0.0,1.3938482,0.46461606,0.0,387.41666,4.6318536
33643,9730,Bright Osagie Edomwonyi,2215,Nyíregyháza Spartacus,1522,NB I,351,2026/2027,166,1994-07-24,False,Bright,Edomwonyi,Bright Edomwonyi,77.0,186.0,38.016666,,0.0,0.0,0.0,0.0,0.0,0.0,0.0,0.0,0.0,0.0,0.0,0.0,0.0,0.0,0.0,0.0,0.0,0.0,0.0,,0.0,7.102148,0.0,4.7347655,0.0,0.0,0.0,0.0,0.0,0.0,9.469531,0.25,0.0,0.75,0.0,,,,,0.25,,0.0,0.0,0.0,0.0,0.0,0.0,0.0,0.0,0.0,0.0,0.0,0.0,0.0,0.0,0.0,0.0,0.0,0.0,0.0,0.0,Right Centre Forward,,0.0,2.3673828,2.3673828,7.102148,0.0,2.3673828,,0.0,0.0,4.7347655,2.3673828,0.0,0.0,0.0,0.0,0.0,0.0,0.0,,0.0,,0.0,27.470001220703125,8.680000305175781,,,0.0,0.0,,0.0,0.0,0.0,0.75,0.0,0.12195122,1,38.016666,2.3673828,0.0,0.0,0.0,0.0,0.0,0.0,0.0,,0.0,,0.31598106,,,,14.204296,0.6666667,12.282608,,4.7347655,0.0,0.0,0.0,0.0,6.0995398,2.3673828,2.3673828,0,76.77758,7.102148,4.7347655,1.0,1.0,76.77758,53.732143,2026-08-09T15:30,0.42240742,-0.05580266,-0.0862922,,-0.002188219,0.032677766,,0.0,2.3673828,0.0,0.0,0.0,0.0,6.4225,6.383333,,0.0,1.0,0.75,0.0,1.0,0.6666667,,,,4.7347655,0.0,0.0,0.0,0.0,0.0,0.0,2.3673828,2.3673828,-0.05745618,-0.042811442,-0.042811442,0.6666667,0.5,1.0,4.7347655,2.3673828,0.0,,,,0.0,0.0,0.0,4.7347655,2.3673828,0.0,2.3673828,0.0,0.0,4.57,2.6,,0.0,0.0,0.0,0.0,0.0,0.0,0.0,0.0,0.0,38.016666,14.204296
33643,555280,Jude Madaki,2209,Zalaegerszegi TE,1522,NB I,351,2026/2027,166,2007-06-25,False,,,,,,13.216666,,0.0,0.0,0.0,0.0,0.0,0.0,0.0,0.0,0.0,0.0,0.0,20.428753,20.428753,0.0,0.0,0.0,0.0,0.0,0.0,,0.0,6.809584,0.0,13.619168,1.0,6.809584,0.25,0.0,,0.0,13.619168,0.0,0.0,1.0,6.809584,0.0,0.0,1.0,,1.0,,0.0,0.0,,0.0,0.0,0.0,1.8084543,1.8084543,1.8084543,1.8084543,0.0,0.0,0.26557484,0.26557484,0.26557484,0.26557484,0.06639371,0.06639371,0.06639371,0.06639371,,,0.0,6.809584,6.809584,13.619168,0.0,0.0,,0.0,0.0,0.0,0.0,0.0,0.0,0.0,0.0,0.0,0.0,0.0,,0.5,,0.0,23.979999542236328,23.979999542236328,,,0.0,0.0,,0.0,0.0,0.0,0.0,0.0,0.40677968,1,13.216666,16.343002,0.0,0.0,0.0,0.0,0.0,0.0,0.0,,0.0,,1.0,,,,27.238337,0.5,7.040882,,6.809584,6.809584,0.0,0.0,0.0,12.992509,0.0,0.0,0,42.00554,6.809584,6.809584,0.5,1.0,69.768715,66.4509,2026-08-23T15:30,0.14685185,0.18381241,-0.14074333,,0.09526489,0.22929081,,6.809584,20.428753,0.0,0.0,0.0,20.428753,10.4,,,1.0,1.0,1.0,,,,,,,0.0,0.0,,0.0,,0.0,,0.0,0.0,,,,0.0,0.0,0.0,0.0,0.0,0.0,,,,0.0,0.0,0.0,0.0,0.0,0.0,0.0,0.0,0.0,,,,0.0,0.0,0.0,0.0,0.0,0.0,0.0,0.0,0.0,13.216666,20.428753
33643,40867,Muhamed Tijani,1033,Ujpest,1522,NB I,351,2026/2027,166,2000-07-26,False,,,,86.0,191.0,27.8,0.1296197772026062,0.8392648,6.47482,0.0,3.23741,0.70919716,3.23741,3.23741,3.23741,0.0,3.23741,3.23741,9.712231,12.94964,0.0,0.0,0.0,0.0,0.0,0.0,,3.23741,6.47482,0.0,0.0,1.0,3.23741,0.0,0.0,1.0,6.47482,19.424461,0.14285714285714285,0.2857142857142857,0.5714285714285714,3.23741,0.0,0.0,1.0,0.0,0.42857142857142855,0.0,0.0,0.0,,0.0,0.0,0.0,2.03239,2.03239,1.3231928,1.3231928,0.70919716,3.23741,0.6277827,0.6277827,0.40871954,0.40871954,0.07847284,0.07847284,0.051089942,0.051089942,,,0.0,3.23741,9.712231,12.94964,0.0,0.0,0.0,0.0,0.0,3.23741,0.0,0.0,0.0,0.0,0.0,0.0,0.0,0.0,,0.5,0.0,0.14285714285714285,13.195713588169642,18.40333302815755,14.979999542236328,,0.0,0.0,,0.0,0.0,0.0,0.42857143,0.0,0.18518518,1,27.8,3.23741,0.0,0.0,1.548462,1.6889482,9.712231,0.0,3.23741,1.0,0.0,,1.3946447,,-0.42857143,1.7842859,16.187052,1.0,10.46094,,3.23741,0.0,0.0,0.0,0.0,8.611109,0.0,0.0,0,59.74286,9.712231,3.23741,0.75,1.0,59.74286,62.911903,2026-08-02T13:30,0.30888888,-0.055745132,0.04154431,-0.38170147,0.0026398005,0.28177223,,0.0,6.47482,0.0,0.0,0.0,6.47482,3.28,3.28,1.9,0.0,0.5,0.0,0.0,0.5,0.0,0.0,0.0,0.0,0.0,0.0,,0.0,,0.0,,0.0,0.0,,,,0.0,0.0,0.0,3.23741,3.23741,3.23741,,,,0.0,0.0,0.0,0.0,0.0,0.0,0.0,0.0,0.0,,,,0.0,0.0,0.0,0.0,0.0,0.0,0.0,0.0,0.0,27.8,19.424461
33643,549221,Balogun Teslim Abdulateef,2484,Kisvárda,1522,NB I,351,2026/2027,166,2005-08-28,False,,,Teslim Balogun,,,234.38333,0.062225282192230225,0.119468294,1.9199318,0.0,0.0,0.023576915,0.7679727,0.7679727,0.0,0.0,0.38398635,0.38398635,4.22385,4.6078362,0.0,0.38398635,0.38398635,0.0,0.19429375,0.19429375,0.0,1.5359454,3.455877,0.7679727,3.455877,0.0,0.0,0.0,0.0,0.07692307692307693,0.38398635,11.51959,0.1875,0.21875,0.59375,4.22385,0.2727272727272727,0.09090909090909091,0.6363636363636364,0.4,0.625,0.0,0.0,0.0,0.0,0.0,0.0,0.0,0.47865412,0.47865412,0.42343944,0.42343944,0.023576915,0.0,1.2465394,1.2465394,1.1027461,1.1027461,0.018605065,0.018605065,0.016458897,0.016458897,Centre Forward,Right Midfielder,0.0,0.38398635,10.367632,19.583303,4.9918227,3.0718908,0.0,0.0,0.06329113924050633,3.0718908,4.22385,0.0,0.0,0.0,0.0,0.0,0.0,0.0,,0.2,0.6,0.15625,15.804375648498535,14.202999877929688,15.14799976348877,11.0,0.0,0.0,,0.0,0.0,0.03125,0.34375,0.0,0.22516559,5,46.876667,3.9166613,0.0,0.0,0.1430452,-0.14304522,2.6879046,1.9199318,3.455877,0.44444445,0.0,,0.89867514,0.72616845,-0.025,-0.65637606,19.96729,0.6923077,10.422296,0.0,1.9199318,0.7679727,0.0,0.0,0.0,10.630123,3.455877,0.7679727,3,65.672325,14.975468,1.5359454,0.7647059,0.8,64.54538,67.6474,2026-08-23T15:30,2.6042593,0.07933688,-0.062238738,-0.1023401,-0.03067905,0.27459478,,0.7679727,7.2957406,0.07652119,0.0,0.0,4.22385,3.849394,3.7996154,3.865,0.030303031,0.6969697,0.27272728,0.0,0.7692308,0.26923078,0.0,0.875,0.25,1.1519591,0.0,0.0,0.0,,0.0,,0.0,0.0,-0.008955697,,,0.115384616,0.0,0.0,7.679727,6.1437817,1.5359454,,,,0.0,0.0,0.0,4.6078362,4.6078362,1.5359454,1.1519591,1.1519591,0.38398635,2.8168411,3.2456944,4.09,0.0,0.0,0.0,0.0,0.0,0.0,0.0,0.0,0.0,234.38333,23.03918
33643,5467,Leon Aderemi Balogun,2774,Győri ETO,1522,NB I,351,2026/2027,166,1988-06-28,False,Leon,Balogun,Leon Balogun,88.0,190.0,107.416664,,0.0,0.0,0.0,0.0,0.0,0.0,0.0,0.0,0.0,0.0,0.0,0.0,0.0,1.6757176,0.0,1.6757176,2.1289825,0.0,2.1289825,0.6666666666666666,0.0,0.8378588,0.8378588,0.0,0.7142857142857143,4.189294,0.15789473684210525,8.378588,0.6666666666666666,1.6757176,47.757954,0.25862068965517243,0.017241379310344827,0.7241379310344828,2.5135765,0.6666666666666666,0.0,0.3333333333333333,,0.9137931034482759,,0.0,0.0,,0.0,10.634032,0.0,0.6971198,0.6971198,0.6971198,0.6971198,0.0,0.0,0.8320253,0.8320253,0.8320253,0.8320253,0.016980108,0.016980108,0.016980108,0.016980108,Centre Back,Right Centre Back,10.054306,4.189294,5.027153,7.5407295,0.0,2.5135765,,0.0,0.0,2.5135765,0.8378588,0.0,0.0,0.0,0.0,0.0,0.0,0.0,,0.1346153846153846,0.8333333333333334,0.10344827586206896,25.600516483701508,25.18697717054835,30.9566650390625,37.047996520996094,0.0,0.0,,0.0,0.0,0.06896552,0.12068965,0.0,0.25179857,2,53.708332,2.932506,0.0,0.0,0.0,0.0,0.0,0.0,0.0,,0.0,,0.9838464,1.1967696,-0.08045977,5.3561487,41.05508,1.0,4.692761,0.5,2.5135765,0.0,0.0,0.0,0.0,9.583142,4.189294,0.8378588,1,35.505756,1.6757176,1.6757176,0.22222222,0.6666667,22.210842,34.961395,2026-08-30T14:30,1.1935185,0.060262322,0.052975267,,-0.01676555,0.024052607,,0.0,5.865012,0.0,0.0,0.0,0.8378588,4.36,,,0.0,1.0,0.0,,,,,,,0.0,0.0,,0.0,,0.0,,0.0,0.0,,,,0.0,,,0.0,0.0,0.0,,,,0.0,0.0,0.0,0.0,0.0,0.0,0.0,0.0,0.0,,,,0.0,0.0,0.0,0.0,0.0,0.0,0.0,0.0,0.0,9.066667,10.054306
33643,478701,Tahir Maigana,2209,Zalaegerszegi TE,1522,NB I,351,2026/2027,166,2008-06-30,False,,,,,167.0,23.900002,,0.0,0.0,0.0,0.0,0.0,0.0,0.0,0.0,0.0,0.0,0.0,0.0,0.0,3.76569,0.0,3.76569,2.3072069,0.0,2.3072069,1.0,0.0,7.53138,0.0,0.0,,0.0,0.0,3.76569,,0.0,26.35983,0.14285714285714285,0.14285714285714285,0.7142857142857143,7.53138,0.0,0.5,0.5,,0.7142857142857143,,0.0,0.0,,0.0,2.3072069,0.0,0.0,0.0,0.0,0.0,0.0,0.0,0.0,0.0,0.0,0.0,0.0,0.0,0.0,0.0,Right Midfielder,,3.76569,0.0,26.35983,41.422592,0.0,7.53138,,0.0,0.0,0.0,0.0,0.0,0.0,0.0,0.0,0.0,0.0,0.0,,1.0,0.3333333333333333,0.42857142857142855,14.212857927594866,17.354000854492188,8.039999961853027,11.399999618530273,0.0,0.0,,0.0,0.0,0.0,0.0,0.0,,2,11.950001,,0.0,0.0,0.0,0.0,0.0,0.0,0.0,,0.0,,1.2210071,1.4179105,-0.3809524,-6.172858,22.594141,1.0,3.5537765,,11.2970705,0.0,0.0,0.0,0.0,27.43562,11.2970705,3.76569,0,36.298443,3.76569,3.76569,0.09090909,0.33333334,34.165028,47.259167,2026-08-08T13:30,0.26555556,-0.17939611,-0.12748156,,-0.039613444,-0.012301119,,0.0,3.76569,0.0,0.0,0.0,0.0,3.33,2.75,2.75,0.0,0.5,0.25,0.0,0.5,0.0,0.0,0.5,0.0,0.0,0.0,,0.0,,0.0,,0.0,0.0,,,,0.0,0.0,0.0,0.0,0.0,0.0,,,,0.0,0.0,0.0,0.0,0.0,0.0,0.0,0.0,0.0,,,,0.0,0.0,0.0,0.0,0.0,0.0,0.0,0.0,0.0,18.466667,52.71966
33643,46162,Bamidele Isa Yusuf,1476,Ferencvaros,1522,NB I,351,2026/2027,166,2001-02-22,False,,,Bamidele Yusuf,76.0,180.0,238.29999,0.1530437469482422,0.34680498,2.2660513,0.37767524,0.7553505,0.24029966,0.7553505,0.7553505,0.37767524,0.0,0.0,0.0,4.5321026,4.5321026,0.0,0.0,0.0,0.0,0.0,0.0,,1.1330256,2.6437266,0.0,2.6437266,0.42857142857142855,1.1330256,0.0,0.7553505,0.6666666666666666,4.5321026,21.905163,0.0967741935483871,0.3064516129032258,0.5967741935483871,4.909778,0.0,0.46153846153846156,0.5384615384615384,0.6666666666666666,0.6451612903225806,0.16666666666666666,0.37767524,0.37767524,1.0,0.37767524,0.9360847,0.7553505,0.64950746,0.64950746,0.14626914,0.14626914,0.24029966,0.37767524,1.7197514,1.7197514,0.38728818,0.38728818,0.019767256,0.019767256,0.0044515883,0.0044515883,Centre Forward,Right Midfielder,1.510701,1.8883761,3.399077,10.574906,3.7767522,1.510701,,0.0,0.04,0.7553505,3.021402,0.0,0.0,0.0,0.0,0.0,0.0,0.0,,0.7837837837837838,0.48,0.4032258064516129,16.37516144783266,16.134500122070314,11.539200782775879,13.8100004196167,0.0,0.0,,0.0,0.0,0.048387095,0.30645162,0.0,0.17404129,4,59.574997,2.228284,0.0,0.0,0.5871046,0.16824578,3.021402,1.510701,2.6437266,0.42857143,0.0,,0.9853033,1.19679,-0.1651613,-4.835961,25.30424,0.7761194,7.0152965,,3.021402,0.0,0.0,0.0,0.0,14.883562,2.2660513,0.7553505,1,59.876617,8.68653,3.021402,0.8214286,1.0,54.97449,59.329697,2026-08-30T17:00,2.6477776,0.45732912,0.07800365,-0.0104245795,-0.079719074,0.46946913,,0.7553505,7.9311795,0.33791158,0.0,0.0,3.399077,3.009716,2.9792647,3.5642104,0.045454547,0.54545456,0.11363637,0.05882353,0.5588235,0.0882353,0.10526316,0.68421054,0.10526316,3.7767522,1.1330256,0.3,0.0,0.0,0.0,0.0,1.1330256,0.37767524,-0.0064871544,-0.013841133,-0.00614589,0.1754386,0.083333336,0.0625,9.819556,8.308854,4.154427,2.7649999,,,0.0,0.0,0.0,4.154427,3.7767522,2.2660513,0.37767524,0.0,0.0,2.3566666,2.3269231,2.8555555,0.0,0.0,0.0,0.7553505,0.0,0.0,0.0,0.0,0.0,238.29999,12.463283
33643,437761,Peter Agba,2774,Győri ETO,1522,NB I,351,2026/2027,166,2002-12-20,False,,,,,180.0,90.66667,0.04081929475069046,0.12155745,2.977941,0.0,0.0,0.0,0.0,0.0,0.0,0.0,0.992647,0.992647,0.0,0.992647,0.0,0.0,0.0,0.0,0.0,0.0,,0.0,2.977941,0.0,0.0,0.8,3.970588,0.0,1.985294,0.5,0.992647,35.735294,0.24324324324324326,0.0,0.7567567567567568,12.90441,0.38461538461538464,0.0,0.6153846153846154,0.0,0.8648648648648649,0.0,0.0,0.0,,0.0,2.2962468,0.0,2.094895,2.094895,2.0701914,2.0701914,0.0,0.0,2.1104128,2.1104128,2.0855262,2.0855262,0.062070966,0.062070966,0.061339006,0.061339006,Right Defensive Midfielder,,1.985294,4.963235,4.963235,7.941176,0.992647,0.0,0.0,0.0,0.04054054054054054,8.933824,1.985294,0.0,0.0,0.0,0.0,0.0,0.0,0.0,,1.0,0.8,0.13513513513513514,23.204593142947637,23.91937255859375,15.38599967956543,19.059999465942383,0.0,0.0,,0.0,0.0,0.054054055,0.16216215,0.0,0.40506333,2,45.333336,6.3529406,0.0,0.0,0.12155745,-0.12155745,2.977941,0.0,0.0,,0.0,,1.0308033,1.2387885,-0.06486487,-7.818593,34.742645,0.9714286,4.7020473,,2.977941,0.992647,0.0,0.0,0.0,9.624196,0.0,0.0,1,42.142857,1.985294,1.985294,0.25,0.6666667,35.595036,51.728573,2026-08-30T14:30,1.0074074,0.027255759,0.020048244,-0.088375956,0.0028618413,0.09272164,,0.0,5.955882,0.0,0.0,0.0,1.985294,6.5575,5.05,5.05,0.25,1.0,0.75,0.0,1.0,1.0,0.0,1.0,1.0,8.510638,0.0,0.0,0.0,,0.0,,0.0,0.0,-0.043807536,,,0.4,0.0,0.0,0.0,0.0,0.0,,,,0.0,0.0,0.0,0.0,0.0,0.0,0.0,0.0,0.0,,,,0.0,0.0,0.0,0.0,0.0,0.0,0.0,0.0,0.0,21.15,9.92647
33643,447526,Shedrach Daniel Kaye,2206,Debrecen,1522,NB I,351,2026/2027,166,2005-12-17,False,,,,,175.0,83.73333,0.16853567361831664,0.9057451,5.374204,0.0,0.0,0.09417649,1.0748408,1.0748408,0.0,0.0,1.0748408,1.0748408,16.122612,17.197453,2.1496816,0.0,2.1496816,3.2868996,0.0,3.2868996,1.0,2.1496816,1.0748408,0.0,2.1496816,0.0,0.0,0.0,2.1496816,0.75,3.2245226,22.571657,0.19047619047619047,0.2857142857142857,0.5238095238095238,8.598726,0.0,0.375,0.625,0.4,0.5238095238095238,0.0,0.0,1.0748408,1.0,0.0,2.7958176,2.1496816,1.236824,1.236824,1.0599862,1.0599862,0.09417649,0.0,1.1507044,1.1507044,0.9861798,0.9861798,0.033844247,0.033844247,0.02900529,0.02900529,Right Midfielder,Right Wing,2.1496816,2.1496816,5.374204,9.673567,4.299363,4.299363,1.0,0.0,0.0425531914893617,2.1496816,0.0,0.0,0.0,0.0,0.0,0.0,0.0,0.0,,0.0,0.3333333333333333,0.14285714285714285,14.624285016741071,13.51909151944247,10.369999885559082,14.850000381469727,0.0,0.0,,0.0,0.0,0.0,0.33333334,0.0,0.088495575,4,20.933332,2.1496816,0.0,0.0,0.99992156,-0.99992156,6.449045,1.0748408,3.2245226,0.6666667,0.0,,0.9244275,1.4320155,-0.1904762,-4.254285,23.646498,0.77272725,5.0657573,,4.299363,0.0,0.0,0.0,0.0,10.803514,4.299363,1.0748408,0,59.443108,5.374204,3.2245226,0.5555556,0.75,53.50797,66.33185,2026-08-28T18:00,0.93037033,0.2347911,-0.038548764,-0.25564054,-0.29657337,0.82555366,,3.2245226,8.598726,0.8462853,0.0,0.0,4.299363,3.8536363,3.8536363,1.766,0.18181819,0.54545456,0.18181819,0.18181819,0.54545456,0.18181819,0.0,0.4,0.0,4.299363,1.0748408,0.25,1.0748408,0.25,0.0,,4.299363,0.0,-0.012202069,-0.012202069,,0.21052632,0.30769232,0.0,7.5238857,7.5238857,4.299363,2.4,2.4,,0.0,0.0,0.0,2.1496816,2.1496816,1.0748408,0.0,0.0,0.0,2.57,2.57,1.955,0.0,0.0,0.0,1.0748408,1.0748408,0.0,0.0,0.0,0.0,83.73333,12.89809
33643,7977,João Aniceto Grandela Nunes,1033,Ujpest,1522,NB I,351,2026/2027,183,1995-11-19,False,,,João Nunes,78.0,187.0,203.93332,0.09486070275306702,0.083727986,0.8826415,0.0,0.0,0.0,0.0,0.0,0.0,0.0,0.0,0.0,1.3239622,1.3239622,2.2066035,0.44132075,2.6479244,2.7586424,0.50652856,3.265171,0.7142857142857143,0.0,0.0,0.8826415,0.44132075,0.46153846153846156,2.6479244,0.1,3.0892448,0.08333333333333333,0.44132075,44.57339,0.27184466019417475,0.019417475728155338,0.7087378640776699,1.765283,0.5,0.0,0.5,0.0,0.8252427184466019,0.0,0.0,0.0,,0.0,4.122251,0.0,0.18949224,0.18949224,0.18278532,0.18278532,0.0,0.0,0.42937535,0.42937535,0.41417795,0.41417795,0.004381381,0.004381381,0.0042263055,0.0042263055,Right Centre Back,,4.413207,4.413207,4.854528,5.7371693,0.0,3.0892448,,0.0,0.00558659217877095,1.765283,0.0,0.0,0.0,0.0,0.0,0.0,0.0,0.0,,0.10975609756097561,0.5555555555555556,0.17475728155339806,22.867863034739077,21.83352912454044,23.463890075683594,20.08300018310547,0.0,0.0,,0.0,0.0,0.13592233,0.23300971,0.0,0.14883721,5,40.786663,2.8244526,0.0,0.0,0.083727986,-0.083727986,0.8826415,0.0,0.0,,0.0,,0.95476913,0.85591096,-0.26968718,0.5960262,32.21641,0.98630136,4.68191,0.33333334,0.8826415,0.0,0.0,0.0,0.0,7.006628,6.1784897,0.44132075,1,33.5428,1.3239622,0.8826415,0.23076923,1.0,23.939146,35.85775,2026-08-29T17:30,2.265926,0.19385494,0.062273942,-0.04245966,0.17065479,0.0033858302,,0.0,11.474339,0.0,0.0,0.0,2.2066035,11.395454,9.485556,0.94,0.6363636,0.969697,0.90909094,0.5555556,0.8888889,0.8888889,0.0,0.0,0.0,7.9024396,2.6341465,0.33333334,1.0536585,0.5,0.0,,2.107317,0.0,0.013110561,0.002048555,,0.24193548,0.4,,0.0,0.0,0.0,7.563333,5.32,,0.0,0.0,0.0,0.0,0.0,0.0,0.0,0.0,0.0,,,,0.52682924,0.0,0.0,1.5804878,0.52682924,0.0,1.5804878,0.52682924,0.0,170.83333,7.9437733
33643,8505,Naby Deco Keïta,1476,Ferencvaros,1522,NB I,351,2026/2027,95,1995-02-10,False,Naby,Keita,Naby Keïta,64.0,172.0,6.75,,0.0,0.0,0.0,0.0,0.0,0.0,0.0,0.0,0.0,0.0,0.0,0.0,0.0,0.0,0.0,0.0,0.0,0.0,0.0,,0.0,0.0,0.0,0.0,,0.0,,0.0,,0.0,13.333333,1.0,0.0,0.0,0.0,,,,,0.5,,0.0,0.0,,0.0,0.0,0.0,0.0,0.0,0.0,0.0,0.0,0.0,0.0,0.0,0.0,0.0,0.0,0.0,0.0,0.0,,,0.0,0.0,0.0,0.0,0.0,0.0,,0.0,0.0,0.0,0.0,0.0,0.0,0.0,0.0,0.0,0.0,0.0,,1.0,,0.0,4.715000152587891,5.820000171661377,,,0.0,0.0,,0.0,0.0,0.0,0.5,0.0,,1,6.75,,0.0,0.0,0.0,0.0,0.0,0.0,0.0,,0.0,,1.2343584,,,,0.0,,,,0.0,0.0,0.0,0.0,0.0,0.0,0.0,0.0,0,,0.0,0.0,,,,81.46786,2026-08-30T17:00,0.075,-0.23221654,-0.23221654,,,,,0.0,26.666666,0.0,0.0,0.0,13.333333,,,,,,,,,,,,,0.0,0.0,,0.0,,0.0,,0.0,0.0,,,,0.0,0.0,0.0,0.0,0.0,0.0,,,,0.0,0.0,0.0,0.0,0.0,0.0,0.0,0.0,0.0,,,,0.0,0.0,0.0,0.0,0.0,0.0,0.0,0.0,0.0,6.75,0.0
33643,27815,Patrizio Stronati,1033,Ujpest,1522,NB I,351,2026/2027,60,1994-11-17,False,Patrizio,Stronati,,86.0,192.0,596.6167,0.09122540056705475,0.11009127,1.206805,0.0,0.0,0.045130026,0.6034025,0.6034025,0.0,0.15085062,0.45255187,0.45255187,2.866162,3.3187137,0.6034025,1.0559543,1.6593568,0.6424045,1.1011347,1.7435391,0.5714285714285714,0.0,1.6593568,0.45255187,0.15085062,0.5135135135135135,2.866162,0.09782608695652174,7.3916807,0.7450980392156863,5.732324,49.931557,0.26571428571428574,0.02857142857142857,0.7057142857142857,2.41361,0.4375,0.0,0.5625,0.25,0.8457142857142858,0.0,0.0,0.0,,0.0,7.9495063,0.30170125,0.5434657,0.5378465,0.54066885,0.5350497,0.045130026,0.0,3.6026745,3.5654244,3.584134,3.546884,0.011400868,0.011282989,0.011342197,0.011224316,Left Centre Back,,8.296784,4.676369,3.620415,4.374668,0.0,1.3576555,0.0,0.0,0.003110419906687403,1.961058,0.45255187,0.0,0.0,0.0,0.0,0.0,0.0,0.0,,0.7933579335793358,0.66,0.14285714285714285,21.69771484375,20.19364970439189,21.990400314331055,19.706363677978516,0.0,0.0,,0.0,0.0,0.08857143,0.18,0.0,0.20599613,6,99.43612,3.213118,0.0,0.0,0.1552213,-0.15522128,1.8102075,0.0,0.0,,0.0,,0.93068093,0.89613485,-0.18571429,0.29268554,36.807552,0.99590164,3.9412134,0.33333334,0.30170125,0.0,0.0,0.0,0.0,4.4904137,3.7712657,0.0,6,33.050095,0.90510374,0.15085062,0.20689656,0.5,20.184523,31.570406,2026-08-29T17:30,6.6290746,0.19725206,0.12293771,-0.08816655,0.13800575,0.024475142,,0.30170125,11.464648,0.13323107,0.0,0.0,1.8102075,12.017785,9.767334,3.59,0.6772152,0.98734176,0.9683544,0.53333336,0.93333334,0.93333334,0.0,0.5,0.5,7.4223075,4.163733,0.5609756,0.9051595,0.45454547,0.18103188,0.33333334,1.9913508,0.54309565,0.05460446,0.009008206,0.00032662778,0.17154811,0.37931034,0.33333334,0.36206377,0.18103188,0.18103188,5.0984616,5.305,,0.0,0.0,0.0,0.18103188,0.0,0.0,0.18103188,0.0,0.0,7.47,,,0.18103188,0.0,0.0,2.3534145,0.36206377,0.0,1.0861913,0.36206377,0.0,497.15,6.6374273
33643,131284,Martin Chlumecký,2484,Kisvárda,1522,NB I,351,2026/2027,60,1997-01-11,False,,,,88.0,187.0,393.95,,0.0,0.0,0.0,0.0,0.035074633,0.68536615,0.68536615,0.0,0.0,0.22845536,0.22845536,0.45691073,0.68536615,0.68536615,0.68536615,1.3707323,0.5015152,0.39859506,0.9001103,0.75,0.0,0.22845536,0.22845536,0.22845536,0.6744186046511628,6.625206,0.03571428571428571,5.711385,0.4666666666666667,1.5991876,39.06587,0.22988505747126436,0.04597701149425287,0.7241379310344828,5.711385,0.24,0.0,0.76,,0.8563218390804598,,0.0,0.0,,0.0,4.1160216,0.22845536,0.47118324,0.47118324,0.45117941,0.45117941,0.035074633,0.0,2.0624738,2.0624738,1.9749126,1.9749126,0.012350142,0.012350142,0.011825824,0.011825824,Left Centre Back,,6.3967505,9.138215,2.0560985,3.4268308,0.22845536,1.1422769,0.0,0.0,0.0,5.0260186,0.22845536,0.0,0.0,0.0,0.0,0.0,0.0,0.0,,0.8620689655172413,0.6666666666666666,0.06896551724137931,27.863909841954023,26.178121067533556,25.924997329711914,20.852500915527344,0.0,0.0,,0.0,0.0,0.06896552,0.15517241,0.0,0.31490386,4,98.4875,5.9855313,0.0,0.0,0.035074633,-0.035074633,0.68536615,0.0,0.0,,0.0,,0.9394992,0.8043396,-0.18965517,-1.9389119,31.526842,0.98550725,3.4091203,0.0,0.0,0.0,0.0,0.0,0.0,2.5325327,2.0560985,0.0,4,20.865389,0.0,0.0,0.0,,18.066883,39.10998,2026-08-30T14:30,4.3772225,0.29364267,0.051088564,,0.2311504,0.011403706,,0.22845536,8.224394,0.0,0.0,0.0,0.68536615,13.269253,14.029411,,0.6896552,0.9655172,0.9310345,0.88235295,1.0,1.0,,,,7.3071713,5.4803786,0.75,0.60893095,0.6666667,0.0,,0.9133964,0.0,0.033610605,-0.00068087253,,0.22429906,0.1764706,0.0,0.0,0.0,0.0,4.33,,,0.0,0.0,0.0,0.0,0.0,0.0,0.0,0.0,0.0,,,,0.30446547,0.0,0.0,1.5223274,0.0,0.0,0.30446547,0.0,0.0,295.6,4.3406525
33643,12411,Arne Maier,1033,Ujpest,1522,NB I,351,2026/2027,85,1999-01-08,False,Arne,Maier,,84.0,186.0,447.43335,0.054356848200162254,0.032801196,0.60344183,0.0,0.0,0.12875935,1.2068837,0.8045891,0.0,0.0,1.0057364,0.8045891,0.20114727,1.0057364,0.60344183,0.60344183,1.2068837,0.61376953,0.61376953,1.2275391,0.42857142857142855,0.20114727,0.40229455,0.8045891,0.20114727,0.6206896551724138,3.620651,0.015384615384615385,0.40229455,0.6,0.60344183,41.637486,0.17316017316017315,0.12554112554112554,0.7012987012987013,6.235565,0.25806451612903225,0.06451612903225806,0.6774193548387096,0.0,0.8528138528138528,0.0,0.0,0.0,0.0,0.0,0.5055333,0.20114727,0.8667806,0.69078606,0.7496935,0.642054,0.116926186,0.0,4.3091836,3.4342303,3.7270877,3.1919596,0.022679914,0.018074896,0.019616252,0.016799787,Right Defensive Midfielder,,1.0057364,5.2298293,4.42524,7.8447437,1.408031,3.2183564,0.0,0.011833158,0.002577319587628866,4.42524,1.0057364,0.0,0.0,0.0,0.0,0.0,0.0,0.0,,0.12631578947368421,0.9,0.08658008658008658,20.982683982683984,20.26329884795368,20.728500366210938,18.186111450195312,0.0,0.0,,0.0,0.0,0.056277055,0.14718615,0.0,0.46925133,6,74.57223,7.060269,0.0,0.40229455,0.16156055,-0.16156055,1.8103255,0.40229455,0.60344183,0.33333334,0.20114727,,0.9657153,0.8773481,0.047186147,-0.25418362,33.1893,0.9757576,4.4557643,0.0,2.21262,0.0,0.0,0.0,0.0,7.7496777,4.0229454,1.0057364,5,43.901314,3.2183564,0.60344183,0.41025642,0.27272728,39.071297,45.67821,2026-08-29T17:30,4.971482,0.163106,0.102984145,-0.03556637,0.01389575,0.08179246,,0.20114727,8.649333,0.0,0.0,0.0,2.816062,6.7532644,5.3632355,4.725,0.18518518,0.9074074,0.6296296,0.029411765,0.88235295,0.5,0.0,0.75,0.625,7.793912,5.432121,0.6969697,1.8894331,0.72727275,0.9447166,0.44444445,2.5979707,2.1256125,0.06792417,0.035314787,0.033851966,0.20496894,0.23913044,0.5294118,2.3617914,1.4170749,0.23617914,6.2715,6.4133334,7.7,0.23617914,0.0,0.0,2.3617914,1.4170749,0.23617914,1.1808957,0.4723583,0.23617914,5.734,5.0183334,7.97,0.70853746,0.23617914,0.23617914,4.7235827,1.4170749,0.70853746,2.1256125,0.4723583,0.23617914,381.06665,8.85048
33643,519539,Jean Florent Batoum,2215,Nyíregyháza Spartacus,1522,NB I,351,2026/2027,39,2002-03-28,False,,,Jean Batoum,,186.0,197.38332,0.2150795062383016,0.5884131,2.7357936,0.9119312,0.9119312,0.04609762,1.3678968,1.3678968,0.0,0.0,0.0,0.0,8.663346,8.663346,0.0,0.0,0.0,0.0,0.0,0.0,0.0,0.0,1.8238624,0.9119312,1.8238624,0.0,0.0,0.03125,0.4559656,0.42857142857142855,1.3678968,16.870728,0.02702702702702703,0.21621621621621623,0.7567567567567568,8.20738,0.0,0.2777777777777778,0.7222222222222222,0.5,0.7297297297297297,0.3333333333333333,0.9119312,0.0,0.0,0.0,0.3885939,0.4559656,0.81403315,0.81403315,0.44876164,0.44876164,0.04609762,0.0,1.7852951,1.7852951,0.9842007,0.9842007,0.03245991,0.03245991,0.017894559,0.017894559,Left Centre Forward,Right Centre Forward,0.4559656,0.9119312,7.7514153,17.326693,4.5596557,4.5596557,,0.0,0.047058823529411764,0.9119312,1.3678968,0.0,0.0,0.0,0.0,0.0,0.0,0.0,,0.037037037037037035,0.5,0.16216216216216217,14.373784245671454,11.303333423755786,14.014999389648438,14.699999809265137,0.0,0.0,,0.0,0.0,0.08108108,0.1891892,0.0,0.21066667,6,32.89722,3.6021283,0.0,0.0,0.63451076,0.27742043,4.10369,1.3678968,1.3678968,0.0,0.0,,0.78638536,1.0488763,-0.22972973,-0.35878485,15.5028305,0.7352941,3.9754019,0.5,6.383518,0.0,0.0,0.0,0.0,17.812845,5.0156217,1.3678968,1,69.09917,15.9587965,5.9275527,0.92105263,0.9285714,66.12183,69.28644,2026-08-29T12:45,2.193148,0.039873373,-0.07027358,0.22656384,0.0006408863,-0.117057785,,1.3678968,3.6477249,0.79864913,0.0,0.0,3.6477249,2.8673334,2.2007692,1.7604545,0.0,0.5,0.23333333,0.0,0.42307693,0.115384616,0.0,0.3181818,0.045454547,3.2569363,1.6284682,0.5,1.0856454,0.5,1.0856454,0.5,2.1712909,2.1712909,-0.009242768,-0.005577044,-0.005577044,0.20689656,0.16,0.25,9.227986,8.142341,7.0566955,4.9700003,2.35,2.35,0.0,0.0,0.0,4.3425817,3.2569363,2.1712909,1.6284682,0.5428227,0.0,3.1648126,2.411,1.847,0.0,0.0,0.0,1.0856454,0.5428227,0.5428227,0.5428227,0.0,0.0,165.79999,19.150555
33643,24629,Urho Nissilä,2565,Puskas,1522,NB I,351,2026/2027,77,1996-04-04,False,Urho,Nissila,,69.0,172.0,57.25,,0.0,0.0,0.0,1.5720525,0.29040372,1.5720525,1.5720525,1.5720525,0.0,3.144105,3.144105,1.5720525,4.7161574,1.5720525,0.0,1.5720525,0.99179286,0.0,0.99179286,1.0,0.0,1.5720525,0.0,1.5720525,1.0,3.144105,0.0,0.0,,0.0,20.436682,0.3076923076923077,0.15384615384615385,0.5384615384615384,4.7161574,0.6666666666666666,0.0,0.3333333333333333,,0.8461538461538461,,0.0,0.0,,0.0,0.0,0.0,0.461058,0.461058,0.461058,0.461058,0.29040372,1.5720525,0.29328412,0.29328412,0.29328412,0.29328412,0.032587126,0.032587126,0.032587126,0.032587126,Right Centre Midfielder,Centre Attacking Midfielder,1.5720525,1.5720525,12.57642,20.436682,0.0,3.144105,0.0,0.0,0.0,3.144105,0.0,0.0,0.0,0.0,0.0,0.0,0.0,0.0,,0.2222222222222222,1.0,0.15384615384615385,23.45000281700721,23.738181374289773,30.094999313354492,30.094999313354492,0.0,0.0,,0.0,0.0,0.07692308,0.23076923,0.0,0.40677968,3,19.083334,3.7729259,0.0,0.0,0.29040372,1.2816486,1.5720525,0.0,0.0,,0.0,,1.012289,1.0,0.15384616,6.6449966,12.57642,0.875,2.642119,,3.144105,0.0,0.0,0.0,0.0,26.260864,3.144105,0.0,0,50.124947,9.432315,3.144105,0.46153846,1.0,52.679413,48.610714,2026-08-07T15:30,0.63611114,0.16798377,0.15166226,,0.03877558,-0.022454076,,0.0,4.7161574,0.0,0.0,0.0,1.5720525,5.401,5.348,4.795,0.2,0.9,0.5,0.2,1.0,0.4,0.0,1.0,0.5,9.432315,7.860262,0.8333333,4.7161574,1.0,1.5720525,1.0,4.7161574,1.5720525,0.14723013,0.13487099,0.094086275,0.46153846,0.6,1.0,1.5720525,1.5720525,0.0,2.25,2.25,2.25,0.0,0.0,0.0,1.5720525,1.5720525,0.0,0.0,0.0,0.0,2.02,2.02,,0.0,0.0,0.0,1.5720525,1.5720525,1.5720525,0.0,0.0,0.0,57.25,23.580786
33643,23953,Mikael Soisalo,2565,Puskas,1522,NB I,351,2026/2027,77,1998-04-24,False,Mikael,Soisalo,,75.0,181.0,241.08334,0.049869646628697716,0.055851247,1.1199447,0.0,0.0,0.36856866,2.6132042,1.8665744,0.0,0.0,2.2398894,1.1199447,5.2264085,6.3463535,0.7466298,1.4932595,2.2398894,0.45055026,0.94942796,1.3999782,0.4,0.3733149,0.7466298,1.1199447,1.4932595,0.36363636363636365,1.4932595,0.0,0.3733149,0.3333333333333333,0.3733149,25.012098,0.24675324675324675,0.12987012987012986,0.6233766233766234,8.212928,0.18181818181818182,0.18181818181818182,0.6363636363636364,0.3333333333333333,0.6363636363636364,0.0,0.0,1.1199447,0.3333333333333333,0.0,0.5577356,1.4932595,1.2637881,1.0939521,0.86301196,0.77489465,0.28684986,0.0,3.3853142,2.9303734,2.3117535,2.0757132,0.04078692,0.035305705,0.027852451,0.025008593,Right Wing,Right Midfielder,0.3733149,4.106464,9.706187,17.172485,1.4932595,4.479779,0.16666666666666666,0.08171882,0.024390243902439025,2.986519,0.3733149,0.0,0.0,0.0,0.0,0.0,0.0,0.0,,0.17777777777777778,0.6666666666666666,0.07792207792207792,18.665066013088474,16.376325334821427,13.041666984558105,11.680000305175781,0.0,0.0,,0.0,0.0,0.09090909,0.41558442,0.0,0.42280284,5,48.216667,6.6450047,0.0,0.7466298,0.42441988,-0.42441994,3.7331488,1.1199447,1.4932595,0.25,1.1199447,,0.8773784,0.8955911,0.030303031,-5.6233993,22.772207,0.8852459,7.114423,0.0,5.2264085,0.0,0.0,0.0,0.0,11.750703,5.5997233,0.7466298,2,50.311306,9.332872,4.106464,0.54347825,0.78571427,47.24766,65.743774,2026-08-30T17:00,2.6787038,0.4671166,0.3657873,-0.02474181,0.022283206,0.10378789,,1.1199447,4.479779,0.026236892,0.0,0.0,2.2398894,6.3435597,6.6952925,7.506688,0.16,0.84,0.54,0.18421052,0.81578946,0.6052632,0.22727273,0.8636364,0.6363636,7.0929832,3.7331488,0.5263158,3.359834,0.6923077,1.8665744,0.3846154,4.8530936,4.8530936,0.014579315,0.035779174,0.022715613,0.296875,0.30232558,0.4814815,5.2264085,5.2264085,2.6132042,3.8000002,3.8000002,4.5275,0.3733149,0.3733149,0.3733149,3.359834,3.359834,1.4932595,2.2398894,2.2398894,1.1199447,6.9719443,6.9719443,8.850833,0.0,0.0,0.0,2.6132042,2.6132042,1.4932595,0.7466298,0.7466298,0.7466298,241.08334,18.665745
33643,439645,Fernando José Vera García,2209,Zalaegerszegi TE,1522,NB I,351,2026/2027,178,2005-03-05,False,,,,,192.0,28.75,,0.0,0.0,0.0,0.0,0.0,0.0,0.0,0.0,0.0,0.0,0.0,0.0,0.0,3.1304348,0.0,3.1304348,3.4146783,0.0,3.4146783,1.0,0.0,0.0,0.0,0.0,0.6666666666666666,6.2608695,,3.1304348,0.0,0.0,31.304348,0.2727272727272727,0.09090909090909091,0.6363636363636364,0.0,,,,,0.7272727272727273,,0.0,0.0,,0.0,3.4146783,0.0,0.47649062,0.47649062,0.47649062,0.47649062,0.0,0.0,0.15221228,0.15221228,0.15221228,0.15221228,0.01383748,0.01383748,0.01383748,0.01383748,Left Centre Back,,3.1304348,9.391304,6.2608695,3.1304348,0.0,0.0,,0.0,0.0,0.0,0.0,0.0,0.0,0.0,0.0,0.0,0.0,0.0,,0.0,,0.0,26.147272283380683,23.707500457763672,,,0.0,0.0,,0.0,0.0,0.09090909,0.36363637,0.0,,1,28.75,,0.0,0.0,0.0,0.0,0.0,0.0,0.0,,0.0,,0.90669113,,,,21.913042,1.0,4.8754845,1.0,0.0,0.0,0.0,0.0,0.0,3.4146783,0.0,0.0,0,29.217857,0.0,0.0,0.0,,36.053574,39.6875,2026-08-17T15:30,0.31944445,0.09397009,-0.022987623,,0.09346144,0.023496281,,0.0,12.521739,0.0,0.0,0.0,3.1304348,10.255,11.64,,0.5,1.0,1.0,0.5,1.0,1.0,,,,6.2608695,0.0,0.0,0.0,0.0,0.0,,3.1304348,0.0,-0.03175808,-0.026202744,,0.22222222,0.5,,0.0,0.0,0.0,,,,0.0,0.0,0.0,0.0,0.0,0.0,0.0,0.0,0.0,,,,0.0,0.0,0.0,0.0,0.0,0.0,0.0,0.0,0.0,28.75,6.2608695
33643,459782,David Jaret López Cedillo,2209,Zalaegerszegi TE,1522,NB I,351,2026/2027,147,2004-02-21,False,,,David Cedillo,,,46.6,0.04905297979712486,0.09473752,1.9313304,0.0,0.0,0.03691329,1.9313304,1.9313304,0.0,0.0,0.0,0.0,3.862661,3.862661,3.862661,0.0,3.862661,2.36662,0.0,2.36662,0.6666666666666666,0.0,3.862661,1.9313304,0.0,,0.0,0.0,1.9313304,,0.0,25.107298,0.26666666666666666,0.13333333333333333,0.6,9.656652,0.2,0.2,0.6,0.0,0.8666666666666667,0.0,0.0,0.0,,0.0,1.18331,0.0,0.1316508,0.1316508,0.0,0.0,0.03691329,0.0,0.06816586,0.06816586,0.0,0.0,0.0040097567,0.0040097567,0.0,0.0,Right Back,,1.9313304,0.0,13.519314,19.313305,0.0,3.862661,,0.0,0.037037037037037035,3.862661,1.9313304,0.0,0.0,0.0,0.0,0.0,0.0,0.0,,0.25,0.75,0.26666666666666666,13.586000569661458,14.55615469125601,10.892499923706055,10.523333549499512,0.0,0.0,,0.0,0.0,0.13333334,0.26666668,0.0,0.13513513,2,23.3,2.896996,0.0,0.0,0.1316508,-0.1316508,3.862661,0.0,0.0,,0.0,,1.0714084,0.9661082,-0.11666667,-2.6935008,28.969957,1.0,6.656712,0.0,3.862661,1.9313304,0.0,0.0,0.0,11.8331,5.793992,0.0,0,36.60488,7.725322,3.862661,0.4,1.0,32.165276,52.319874,2026-08-23T15:30,0.51777774,0.19003522,-0.07840994,-0.053013206,0.03134349,0.29011488,,0.0,11.587984,0.0,0.0,0.0,5.793992,9.783,8.467143,4.776,0.4,1.0,0.7,0.2857143,1.0,0.5714286,0.0,1.0,0.4,3.862661,1.9313304,0.5,1.9313304,0.5,1.9313304,0.5,3.862661,3.862661,0.0043976484,0.0043976484,0.0043976484,0.15384616,0.25,0.2857143,1.9313304,1.9313304,0.0,,,,1.9313304,1.9313304,0.0,1.9313304,1.9313304,0.0,1.9313304,1.9313304,0.0,17.35,17.35,,0.0,0.0,0.0,0.0,0.0,0.0,0.0,0.0,0.0,46.6,27.038628
33643,101803,Aljoša Matko,1033,Ujpest,1522,NB I,351,2026/2027,208,2000-03-29,False,,,,73.0,177.0,418.86664,0.10527118444442748,0.22619148,2.1486552,0.6445966,1.0743276,0.30408278,1.2891932,1.2891932,0.6445966,0.0,0.42973104,0.42973104,4.2973104,4.7270417,0.42973104,1.0743276,1.5040586,0.4087596,1.1485994,1.5573587,0.5,0.6445966,1.2891932,0.42973104,1.9337897,0.2857142857142857,0.42973104,0.0,0.6445966,0.3,0.6445966,15.255453,0.23684210526315788,0.11842105263157894,0.6447368421052632,4.512176,0.09523809523809523,0.14285714285714285,0.7619047619047619,0.6,0.631578947368421,0.2,0.42973104,0.8594621,0.6666666666666666,0.0,0.65107,0.8594621,1.0227947,0.85444766,0.5043343,0.5043343,0.30408278,0.6445966,4.7601624,3.9766626,2.347209,2.347209,0.046668258,0.038986888,0.023011852,0.023011852,Right Wing,Right Midfielder,0.8594621,1.2891932,5.1567726,10.958141,1.0743276,2.7932518,1.0,0.0,0.061224489795918366,0.6445966,1.5040586,0.0,0.0,0.0,0.0,0.0,0.0,0.0,,0.09523809523809523,0.5714285714285714,0.18421052631578946,17.180130807976973,14.739790598551432,13.989285469055176,15.41624927520752,0.0,0.0,,0.0,0.0,0.118421055,0.35526314,0.0,0.15981734,6,69.811104,2.256088,0.0,0.0,0.53027433,0.5440534,3.4378483,0.6445966,1.2891932,0.5,0.0,1.0,0.8579557,1.102004,-0.060150377,-3.1908457,14.181125,0.7878788,6.4592323,0.0,3.0081172,0.0,0.0,0.0,0.0,11.350324,3.652714,0.8594621,3,49.616302,4.941907,1.5040586,0.4509804,0.5,45.985138,60.387997,2026-08-29T17:30,4.6540737,0.36728486,0.06949652,0.21190381,-0.0025205642,0.088405095,,1.0743276,5.801369,0.4049824,0.0,0.0,3.4378483,5.05,4.959677,5.6286364,0.12820514,0.7692308,0.43589744,0.09677419,0.7741935,0.41935483,0.13636364,0.8181818,0.45454547,3.9448967,1.4088917,0.35714287,0.5635567,0.33333334,0.5635567,0.4,1.6906701,1.4088917,0.029832175,0.022416368,0.025150131,0.3181818,0.23076923,0.2777778,4.226675,3.9448967,2.8177834,5.236,6.2,6.2,0.28177834,0.28177834,0.28177834,3.0995617,2.8177834,1.6906701,1.4088917,1.4088917,0.84533507,4.8432574,4.9543333,5.791667,0.0,0.0,0.0,1.4088917,0.5635567,0.5635567,0.84533507,0.28177834,0.28177834,319.4,12.677067
33643,404312,Adrian Zeljković,2207,MTK Budapest,1522,NB I,351,2026/2027,208,2002-08-19,False,,,,82.0,193.0,497.39996,0.03540147542953491,0.032027874,0.9047045,0.0,0.0,0.02873807,0.5428227,0.5428227,0.0,0.0,0.1809409,0.1809409,1.4475272,1.6284682,3.0759954,0.1809409,3.2569363,3.4964788,0.24772793,3.7442064,1.0,0.1809409,1.0856454,0.0,1.0856454,0.7619047619047619,2.8950543,0.013888888888888888,2.8950543,0.5384615384615384,1.2665864,56.996384,0.22910216718266255,0.13622291021671826,0.6346749226006192,8.6851635,0.25,0.14583333333333334,0.6041666666666666,0.0,0.8606811145510835,0.0,0.0,0.0,,0.0,3.1416261,0.1809409,0.7083427,0.69692683,0.65272754,0.64131176,0.02873807,0.0,3.9147732,3.851682,3.6074073,3.544316,0.014772729,0.0145346485,0.013612858,0.0133747775,Left Defensive Midfielder,,3.7997591,2.8950543,8.6851635,11.761159,0.9047045,4.1616406,0.0,0.0,0.006734006734006734,4.3425817,0.5428227,0.0,0.0,0.0,0.0,0.0,0.0,0.0,,0.15985130111524162,0.8524590163934426,0.18885448916408668,18.176068474264707,17.838812738871404,18.913278579711914,19.065000534057617,0.0,0.0,,0.0,0.0,0.123839006,0.21052632,0.0,0.32670808,5,99.479996,4.758746,0.0,0.0,0.06076595,-0.06076595,1.4475272,0.0,0.1809409,1.0,0.0,,0.9814451,1.008022,-0.008222098,0.73720956,45.416164,0.9681275,3.6147294,1.0,3.4378772,0.1809409,0.0,0.0,0.0,12.9881935,5.428227,1.4475272,5,41.943058,3.9807,1.4475272,0.33846155,0.42105263,35.77335,44.326572,2026-08-22T15:30,5.526666,-0.05885543,0.015721012,-0.030971913,-0.09914868,0.05554415,,0.5428227,10.494573,0.0,0.0,0.0,5.2472863,5.862293,4.839699,4.0761905,0.09677419,0.8,0.52903223,0.014285714,0.75714284,0.41428572,0.0,0.6666667,0.3809524,11.454954,7.4120293,0.64705884,3.5937111,0.6666667,1.3476417,0.85714287,5.390567,1.5722486,0.09661523,0.09086773,0.08215204,0.23287672,0.28235295,0.29166666,3.3691044,2.2460694,1.3476417,5.4144444,5.215,2.12,0.0,0.0,0.0,2.2460694,1.1230347,0.67382085,0.67382085,0.22460695,0.22460695,3.9826665,3.712,4.0133333,0.22460695,0.0,0.0,4.0429254,1.7968556,0.22460695,1.7968556,0.8984278,0.0,400.69998,15.9228
33643,43980,Zan Medved,2215,Nyíregyháza Spartacus,1522,NB I,351,2026/2027,208,1999-06-14,False,,,,79.0,185.0,207.61667,0.0700767735640208,0.182266,2.6009474,0.0,0.4334912,0.2748742,0.8669824,0.8669824,0.4334912,0.0,0.4334912,0.4334912,4.3349123,4.7684035,0.0,0.8669824,0.8669824,0.0,0.7388805,0.7388805,,0.0,0.4334912,0.0,1.7339648,0.0,0.0,0.0,1.3004737,0.5,6.935859,14.30521,0.24242424242424243,0.09090909090909091,0.6666666666666666,4.3349123,0.0,0.2,0.8,0.3333333333333333,0.45454545454545453,0.0,0.0,0.4334912,0.5,0.0,1.599253,0.0,0.6821756,0.6821756,0.39573777,0.39573777,0.2748742,0.4334912,1.573678,1.573678,0.91290843,0.91290843,0.024588719,0.024588719,0.014264194,0.014264194,Left Centre Forward,Right Centre Forward,1.3004737,0.4334912,7.8028417,18.640121,3.0344384,4.7684035,1.0,0.0,0.07042253521126761,1.3004737,0.8669824,0.0,0.0,0.0,0.0,0.0,0.0,0.0,,0.18181818181818182,0.2,0.45454545454545453,13.76030291933002,10.996666463216146,12.74466609954834,9.586666107177734,0.0,0.0,,0.0,0.0,0.121212125,0.54545456,0.0,0.12770563,5,41.523335,2.557598,0.0,0.0,0.4571402,-0.023648968,3.4679296,1.7339648,1.7339648,0.0,0.0,,0.79915875,0.7522101,-0.25454545,-1.0156363,9.970298,0.65217394,3.8260186,,0.8669824,0.0,0.0,0.0,0.0,22.508808,5.6353855,0.8669824,2,62.33395,15.605683,0.8669824,0.8372093,1.0,60.339134,66.92382,2026-08-29T12:45,2.3068519,-0.054693732,0.05797952,-0.12919612,-0.0018226709,0.018345527,,0.4334912,3.9014208,0.104822874,0.0,0.0,3.4679296,3.696842,3.9788234,3.53125,0.05263158,0.7368421,0.15789473,0.05882353,0.8235294,0.1764706,0.0,0.875,0.125,4.8362336,1.3817811,0.2857143,1.3817811,0.33333334,0.0,0.0,4.145343,2.0726714,-0.00571387,-0.008728261,-0.006578606,0.29166666,0.3,0.3,5.5271244,5.5271244,3.4544525,,,,0.0,0.0,0.0,4.145343,4.145343,2.7635622,0.0,0.0,0.0,2.6294446,2.6294446,2.82,0.0,0.0,0.0,0.0,0.0,0.0,0.0,0.0,0.0,130.26666,19.073614
33643,135472,Rotem Moshe Keller,2206,Debrecen,1522,NB I,351,2026/2027,111,2002-11-09,False,,,,,183.0,158.71667,0.04069386670986811,0.069226146,1.7011445,0.0,0.0,0.044689402,1.1340963,1.1340963,0.0,0.0,1.1340963,0.56704813,1.7011445,2.2681925,3.402289,0.0,3.402289,4.739171,0.0,4.739171,0.8571428571428571,0.56704813,1.1340963,0.56704813,1.1340963,0.4444444444444444,2.2681925,0.06896551724137931,0.56704813,0.5,0.56704813,36.29108,0.23376623376623376,0.11688311688311688,0.6493506493506493,7.3716264,0.5384615384615384,0.15384615384615385,0.3076923076923077,0.0,0.7662337662337663,0.0,0.0,0.56704813,0.5,0.0,0.80053204,0.0,0.2113686,0.2113686,0.2113686,0.2113686,0.044689402,0.0,0.3727525,0.3727525,0.3727525,0.3727525,0.004718386,0.004718386,0.004718386,0.004718386,Left Back,,1.1340963,4.536385,2.8352408,6.804578,1.1340963,3.969337,0.5,0.0,0.01680672268907563,3.969337,0.56704813,0.0,0.0,0.0,0.0,0.0,0.0,0.0,,0.7727272727272727,0.8,0.06493506493506493,19.94597358208198,18.570000082759535,24.110000610351562,26.087499618530273,0.0,0.0,,0.0,0.0,0.064935066,0.25974026,0.0,0.22562674,4,39.67917,4.5930905,0.0,0.0,0.113915555,-0.113915555,2.8352408,0.56704813,1.1340963,0.5,0.56704813,,0.93101496,1.0820199,0.033766232,4.164027,26.651262,0.9361702,4.114934,0.5,2.2681925,0.0,0.0,0.0,0.0,9.258415,6.23753,2.2681925,2,34.27649,2.2681925,1.1340963,0.33333334,0.5,28.89042,48.655552,2026-08-28T18:00,1.7635186,0.02528408,-0.0066858246,-0.077267945,0.086951055,0.022286776,,0.0,13.609156,0.0,0.0,0.0,7.3716264,6.4748244,6.4088097,4.38875,0.18421052,0.84210527,0.57894737,0.1904762,0.85714287,0.5714286,0.0,0.875,0.5,7.3716264,3.969337,0.53846157,2.2681925,0.5,0.0,0.0,4.536385,1.1340963,-0.016574865,-0.011920423,-0.018742198,0.23214285,0.32,0.25,1.7011445,1.7011445,1.7011445,2.7066667,2.8,,0.0,0.0,0.0,1.1340963,1.1340963,1.1340963,0.0,0.0,0.0,3.525,3.525,3.525,0.0,0.0,0.0,1.7011445,1.1340963,0.0,0.0,0.0,0.0,158.71667,11.340963
33643,104036,Gavriel Gilad Kanichowsky,1476,Ferencvaros,1522,NB I,351,2026/2027,111,1997-08-24,False,,,Gabi Kanichowsky,60.0,165.0,175.21667,,0.0,0.0,0.0,0.0,0.33761758,1.5409492,1.5409492,0.0,0.5136497,1.5409492,1.5409492,2.5682487,4.1091976,1.5409492,1.5409492,3.0818985,1.6882163,2.3144853,4.0027018,0.6,1.0272994,1.0272994,1.0272994,1.5409492,0.5714285714285714,4.1091976,0.0,0.5136497,1.0,1.5409492,49.824024,0.21212121212121213,0.1717171717171717,0.6161616161616161,18.49139,0.3055555555555556,0.05555555555555555,0.6388888888888888,,0.8585858585858586,,0.0,1.0272994,1.0,0.0,0.46701023,1.0272994,1.307719,1.307719,1.307719,1.307719,0.33761758,0.0,2.5459352,2.5459352,2.5459352,2.5459352,0.030308751,0.030308751,0.030308751,0.030308751,Left Defensive Midfielder,Centre Attacking Midfielder,1.0272994,6.6774464,9.759345,14.895843,2.0545988,3.5955482,0.0,0.0,0.0,6.6774464,3.5955482,0.0,0.0,0.0,0.0,0.0,0.0,0.0,,0.14457831325301204,0.8235294117647058,0.1717171717171717,20.92656792534722,19.025058880974264,18.2076473236084,17.472856521606445,0.0,0.0,,0.0,0.0,0.09090909,0.18181819,0.0,0.46071428,3,58.40556,6.6260815,0.0,0.0,0.33761758,-0.33761758,1.5409492,0.5136497,1.5409492,0.6666667,0.0,,0.9091342,0.95964384,-0.035056446,-2.718921,45.714825,0.9325843,4.2735586,0.0,4.1091976,0.0,0.0,0.0,0.0,16.415154,5.1364975,1.5409492,2,47.792324,6.163797,1.5409492,0.41379312,0.375,44.87791,56.2235,2026-08-17T15:30,1.946852,0.30300012,0.1462285,,0.039956406,0.11681521,,1.5409492,12.841244,0.0,0.0,0.0,5.1364975,5.4228125,5.826667,5.425333,0.125,0.890625,0.46875,0.16666667,0.8888889,0.5,0.13333334,0.8666667,0.46666667,11.813944,7.704746,0.65217394,5.650147,0.73333335,2.5682487,0.71428573,7.704746,3.5955482,0.097883195,0.0810228,0.06264847,0.25274727,0.3125,0.25925925,6.163797,3.5955482,1.0272994,5.5099998,4.2357144,4.7125,0.0,0.0,0.0,4.6228476,3.0818985,1.0272994,0.5136497,0.5136497,0.0,2.9477036,3.4005556,2.19,1.0272994,0.5136497,0.5136497,5.1364975,3.5955482,2.0545988,1.5409492,0.5136497,0.5136497,175.21667,17.46409
33643,8834,Wojciech Golla,2565,Puskas,1522,NB I,351,2026/2027,182,1992-01-12,False,Wojciech,Golla,,80.0,186.0,588.93335,0.14793309143611363,0.15824854,1.0697306,0.0,0.0,0.012626322,0.3056373,0.3056373,0.0,0.0,0.15281865,0.15281865,2.9035542,3.0563731,1.5281866,0.45845595,1.9866425,0.93544346,0.3147988,1.2502422,0.7142857142857143,0.0,1.0697306,0.6112746,0.0,0.6666666666666666,5.5014715,0.06422018348623854,6.418383,0.5714285714285714,2.4450984,52.56962,0.21568627450980393,0.04201680672268908,0.742296918767507,3.6676476,0.2916666666666667,0.08333333333333333,0.625,0.2857142857142857,0.8739495798319328,0.0,0.0,0.15281865,0.5,0.0,5.372796,0.3056373,0.5690478,0.5690478,0.35970345,0.35970345,0.012626322,0.0,3.7236803,3.7236803,2.353793,2.353793,0.011746625,0.011746625,0.007425214,0.007425214,Right Centre Back,Centre Back,7.640933,7.0296583,6.876839,8.252207,0.15281865,3.6676476,1.0,0.0,0.0015220700152207,1.9866425,0.6112746,0.0,0.0,0.0,0.0,0.0,0.0,0.0,,0.1506849315068493,0.6097560975609756,0.11484593837535013,23.450307466736696,22.377403846153847,24.135608673095703,26.081602096557617,0.0,0.0,,0.0,0.0,0.086834736,0.1904762,0.0,0.21223709,6,98.155556,3.392574,0.0,0.0,0.17087486,-0.17087486,1.3753679,0.0,0.0,,0.0,,0.9542478,1.0806274,-0.26419348,0.68530077,39.580032,1.0,4.0712023,0.5555556,1.0697306,0.15281865,0.0,0.0,0.0,6.640595,6.2655644,0.45845595,6,31.25685,1.2225492,0.0,0.14814815,0.0,23.605152,35.252262,2026-08-30T17:00,6.543704,0.16046923,-0.0033205014,-0.09277349,0.13717058,0.11939263,,0.45845595,11.919855,0.096436135,0.0,0.0,1.6810051,11.144341,10.150937,6.27,0.58247423,0.96391755,0.8917526,0.53125,0.90625,0.8125,0.3,0.7,0.5,10.697306,6.5712023,0.6142857,1.0697306,0.7,0.6112746,0.6666667,1.5281866,0.9169119,0.038781136,0.012371042,0.010272671,0.22727273,0.23809524,0.5,0.3056373,0.3056373,0.3056373,5.915161,4.944,3.505,0.0,0.0,0.0,0.0,0.0,0.0,0.0,0.0,0.0,,,,0.45845595,0.0,0.0,4.737378,0.7640933,0.3056373,1.9866425,0.3056373,0.0,588.93335,10.850124
33643,476852,Marlon Santos Teodoro,2209,Zalaegerszegi TE,1522,NB I,351,2026/2027,31,2005-11-01,False,,,Marlon,78.0,175.0,22.933332,0.04889069125056267,0.19186755,3.9244187,0.0,0.0,0.0,0.0,0.0,0.0,0.0,3.9244187,3.9244187,7.8488374,11.773256,7.8488374,0.0,7.8488374,3.716148,0.0,3.716148,1.0,0.0,3.9244187,0.0,3.9244187,,0.0,0.0,0.0,,0.0,23.546513,0.0,0.16666666666666666,0.8333333333333334,7.8488374,0.0,0.0,1.0,0.0,0.5,0.0,0.0,0.0,,0.0,0.0,0.0,1.193676,1.193676,1.193676,1.193676,0.0,0.0,0.30416632,0.30416632,0.30416632,0.30416632,0.03379626,0.03379626,0.03379626,0.03379626,,,0.0,0.0,15.697675,27.470932,7.8488374,7.8488374,0.0,0.0,0.06666666666666667,0.0,0.0,0.0,0.0,0.0,0.0,0.0,0.0,0.0,,0.0,,0.0,19.248332977294922,20.413333892822266,,,0.0,0.0,,0.0,0.0,0.0,0.16666667,0.0,0.6666667,1,22.933332,7.8488374,0.0,0.0,0.19186755,-0.19186755,3.9244187,0.0,0.0,,0.0,,1.0605248,,,,31.39535,0.875,4.9707956,1.0,3.9244187,3.9244187,0.0,0.0,0.0,13.006518,7.8488374,0.0,0,53.932312,15.697675,3.9244187,0.5714286,1.0,45.770966,65.8125,2026-08-03T15:30,0.2548148,0.58740735,0.48058885,-0.07318497,0.28534573,-0.10534227,,0.0,0.0,0.0,0.0,0.0,0.0,6.8233333,7.65,6.7775,0.33333334,1.0,0.6666667,0.4,1.0,0.8,0.25,1.0,0.75,3.9244187,0.0,0.0,0.0,0.0,0.0,,3.9244187,0.0,,,,0.25,0.5,0.0,0.0,0.0,0.0,,,,0.0,0.0,0.0,0.0,0.0,0.0,0.0,0.0,0.0,,,,0.0,0.0,0.0,0.0,0.0,0.0,0.0,0.0,0.0,22.933332,39.24419
33643,477725,Guilherme Luiz Teixeira,2209,Zalaegerszegi TE,1522,NB I,351,2026/2027,31,2005-02-10,False,,,Guilherme Teixeira,,180.0,69.3,,0.0,0.0,0.0,0.0,0.0,0.0,0.0,0.0,0.0,0.0,0.0,1.2987012,1.2987012,2.5974023,0.0,2.5974023,1.900312,0.0,1.900312,0.6666666666666666,0.0,0.0,1.2987012,2.5974023,,0.0,0.08333333333333333,0.0,,0.0,11.688311,0.1111111111111111,0.2222222222222222,0.6666666666666666,3.8961036,0.3333333333333333,0.0,0.6666666666666666,,1.0,,0.0,0.0,,0.0,0.0,0.0,0.031005407,0.031005407,0.031005407,0.031005407,0.0,0.0,0.023874164,0.023874164,0.023874164,0.023874164,0.0017052974,0.0017052974,0.0017052974,0.0017052974,Right Midfielder,,0.0,0.0,2.5974023,6.493506,3.8961036,3.8961036,,0.0,0.0,1.2987012,1.2987012,0.0,0.0,0.0,0.0,0.0,0.0,0.0,,0.75,1.0,0.1111111111111111,13.76777818467882,13.76777818467882,14.920000076293945,14.920000076293945,0.0,0.0,,0.0,0.0,0.22222222,0.22222222,0.0,0.11904763,2,34.65,1.2987012,0.0,0.0,0.0,0.0,0.0,1.2987012,1.2987012,0.0,0.0,,1.0,1.0,0.0,1.1522219,16.883116,0.61538464,2.5045607,0.0,2.5974023,0.0,0.0,0.0,0.0,5.086046,6.493506,2.5974023,1,39.369286,2.5974023,1.2987012,0.4,0.5,45.773045,56.35992,2026-08-29T15:00,0.77000004,-0.03588657,-0.007879452,,0.022029461,-0.05003658,,0.0,1.2987012,0.0,0.0,0.0,1.2987012,7.886667,7.055,6.87,0.33333334,1.0,0.8333333,0.16666667,1.0,0.8333333,0.0,1.0,1.0,2.5974023,2.5974023,1.0,1.2987012,1.0,1.2987012,1.0,1.2987012,1.2987012,0.011789189,0.008376828,0.008376828,0.22222222,0.16666667,0.33333334,1.2987012,0.0,0.0,4.0,4.0,4.0,1.2987012,0.0,0.0,1.2987012,0.0,0.0,1.2987012,0.0,0.0,10.7,,,0.0,0.0,0.0,1.2987012,1.2987012,1.2987012,0.0,0.0,0.0,69.3,9.090909
33643,45574,Carlos Eduardo Lopes Cruz,1476,Ferencvaros,1522,NB I,351,2026/2027,31,1997-08-08,False,,,Cadu,73.0,177.0,291.43335,0.047652244567871094,0.044147678,0.9264554,0.0,0.30881846,0.35966548,3.0881848,2.161729,0.30881846,0.30881846,2.7793663,1.8529108,2.7793663,4.632277,1.8529108,0.9264554,2.7793663,2.2837894,1.4414563,3.7252452,1.0,1.8529108,0.9264554,0.0,0.6176369,0.5217391304347826,3.7058215,0.045454545454545456,1.5440924,0.25,0.30881846,51.263866,0.19704433497536947,0.1330049261083744,0.6699507389162561,19.146746,0.14516129032258066,0.16129032258064516,0.6935483870967742,0.0,0.7783251231527094,0.0,0.0,1.8529108,0.3157894736842105,0.0,2.0154827,0.30881846,1.006378,0.75715107,0.88478464,0.7189455,0.2762777,0.0,3.2588015,2.4517674,2.865064,2.3280523,0.020756697,0.015616354,0.018248815,0.014828359,Left Back,,2.161729,6.485188,7.720462,10.808646,1.5440924,4.01464,0.4444444444444444,0.08338783,0.009009009009009009,6.1763697,0.9264554,0.0,0.0,0.0,0.0,0.0,0.0,0.0,,0.26356589147286824,0.7407407407407407,0.1330049261083744,20.04881850369458,18.572087927709653,21.216665267944336,21.71649932861328,0.0,0.0,,0.0,0.0,0.07881773,0.21182266,0.0,0.5769231,3,97.14445,9.727782,0.30881846,0.9264554,0.40381318,-0.09499472,4.01464,0.0,1.8529108,1.0,0.9264554,,0.92634326,1.0235586,-0.037584383,1.1678473,47.558044,0.9805195,4.0234113,1.0,0.9264554,0.6176369,0.0,0.0,0.0,14.341513,6.1763697,0.0,3,41.319046,3.7058215,0.30881846,0.34285715,0.33333334,36.86633,58.71087,2026-08-30T17:00,3.2381482,0.1821538,0.08007893,-0.059134677,0.023086986,0.13812254,,0.6176369,8.646916,0.0,0.0,0.0,4.9410954,8.350094,7.7275577,7.2141666,0.34042552,0.9574468,0.68085104,0.32307693,0.95384616,0.6769231,0.2857143,0.9285714,0.64285713,10.808646,4.632277,0.42857143,3.0881848,0.3846154,2.161729,0.26923078,8.02928,8.02928,0.011246078,0.00087334844,0.010594588,0.26717559,0.325,0.59090906,2.161729,2.161729,1.8529108,4.46375,4.298333,4.616,0.0,0.0,0.0,1.5440924,1.5440924,1.2352738,0.9264554,0.9264554,0.6176369,4.456,4.456,3.9999998,0.0,0.0,0.0,2.4705477,1.8529108,1.5440924,0.6176369,0.30881846,0.30881846,291.43335,13.588012
33643,469066,Arthur Henrique Marques Machado,2209,Zalaegerszegi TE,1522,NB I,351,2026/2027,31,2007-06-15,False,,,Arthur Machado,,,235.51666,0.05978751927614212,0.091388464,1.5285542,0.38213855,0.38213855,0.05816618,0.38213855,0.38213855,0.0,0.0,0.38213855,0.38213855,1.9106929,2.2928314,1.5285542,0.38213855,1.9106929,1.3800803,0.4428088,1.8228891,0.5,0.7642771,1.9106929,1.5285542,2.2928314,0.4,0.7642771,0.0,0.7642771,1.0,0.7642771,21.01762,0.14754098360655737,0.19672131147540983,0.6557377049180327,5.34994,0.14285714285714285,0.14285714285714285,0.7142857142857143,0.5,0.6885245901639344,0.25,0.38213855,0.7642771,0.6666666666666666,0.0,0.54548436,0.7642771,0.32625452,0.32625452,0.21908367,0.21908367,0.05816618,0.0,0.8537597,0.8537597,0.5733095,0.5733095,0.01255529,0.01255529,0.008431022,0.008431022,Right Midfielder,Left Midfielder,1.1464157,1.5285542,9.171326,17.196236,3.0571084,4.585663,0.0,0.0,0.03636363636363636,2.67497,1.5285542,0.0,0.0,0.0,0.0,0.0,0.0,0.0,,0.21212121212121213,0.5,0.13114754098360656,16.03885337954662,16.054521833147323,18.951250076293945,16.625,0.0,0.0,,0.0,0.0,0.08196721,0.3442623,0.0,0.26271185,6,39.252777,3.5538888,0.0,0.0,0.14955465,0.23258393,1.9106929,0.38213855,1.1464157,0.6666667,0.0,,1.0009769,0.87725085,-0.18852459,2.9123967,22.546175,0.8135593,8.378931,0.2,3.8213859,0.0,0.0,0.0,0.0,14.825647,5.34994,1.1464157,1,57.45727,10.317741,3.0571084,0.6,0.8,54.60431,57.281757,2026-08-29T15:00,2.6168518,0.17400257,-0.01910412,0.12641849,-0.024469724,0.09115799,,0.7642771,7.6427717,0.39609492,0.0,0.0,3.4392471,5.576691,4.818333,3.4071429,0.1764706,0.7352941,0.4117647,0.125,0.7083333,0.375,0.0,0.71428573,0.2857143,3.9982228,1.9991114,0.5,1.1994668,0.5,0.79964453,0.6666667,2.3989336,1.1994668,0.01346488,0.01666458,0.012779252,0.22222222,0.23076923,0.23076923,5.5975122,3.9982228,1.9991114,6.145,9.24,9.24,0.79964453,0.39982226,0.0,3.5984006,2.3989336,1.5992891,1.5992891,0.79964453,0.39982226,4.435926,3.4497223,3.5375,0.0,0.0,0.0,0.79964453,0.39982226,0.39982226,0.39982226,0.39982226,0.39982226,225.1,20.635483
33643,437709,Diogo Antônio Rodrigues Da Silva,2209,Zalaegerszegi TE,1522,NB I,351,2026/2027,31,2005-10-06,False,,,,,186.0,326.53333,0.051373958587646484,0.014159829,0.2756227,0.0,0.0,0.0,0.0,0.0,0.0,0.0,0.0,0.0,0.5512454,0.5512454,1.3781135,1.9293591,3.3074725,1.0115241,1.8775464,2.8890703,0.7142857142857143,0.2756227,0.8268681,0.5512454,0.0,0.631578947368421,3.3074725,0.09803921568627451,6.0636992,0.4,1.1024908,41.067783,0.2251655629139073,0.046357615894039736,0.7284768211920529,2.4806044,0.2222222222222222,0.0,0.7777777777777778,0.0,0.847682119205298,0.0,0.0,0.0,,0.0,3.6772063,0.0,0.14425743,0.14425743,0.14425743,0.14425743,0.0,0.0,0.5233873,0.5233873,0.5233873,0.5233873,0.0036858262,0.0036858262,0.0036858262,0.0036858262,Left Centre Back,,7.1661906,4.134341,3.5830953,4.134341,0.2756227,1.9293591,,0.0,0.0,1.6537362,0.5512454,0.0,0.0,0.0,0.0,0.0,0.0,0.0,,0.8,0.6666666666666666,0.1986754966887417,22.76602597268212,21.668046951293945,22.630001068115234,22.70699691772461,0.0,0.0,,0.0,0.0,0.09271523,0.18543047,0.0,0.19194314,5,65.30666,2.232544,0.0,0.0,0.014159829,-0.014159829,0.2756227,0.2756227,0.5512454,0.5,0.0,,0.95177114,1.0034024,-0.18101545,-0.13602516,34.728462,0.99206346,5.2380643,0.33333334,0.5512454,0.0,0.0,0.0,0.2756227,2.8758588,5.512454,0.2756227,4,17.915483,0.2756227,0.2756227,0.06666667,0.5,16.41794,33.240406,2026-08-29T15:00,3.628148,0.20229189,0.02973328,-0.020817429,0.12194805,0.07142799,,0.0,6.0636992,0.0,0.0,0.0,0.8268681,10.482347,13.017917,,0.49253732,0.92537314,0.8208955,0.75,0.875,0.875,,,,6.474044,3.8844264,0.6,0.0,,0.0,,0.0,0.0,0.015822653,,,0.21505377,0.0,0.0,0.32370222,0.0,0.0,8.893333,,,0.0,0.0,0.0,0.0,0.0,0.0,0.0,0.0,0.0,,,,0.64740443,0.0,0.0,1.9422132,0.0,0.0,1.9422132,0.0,0.0,278.03333,6.3393226
33643,428358,Maxsuell Alexandre Alves Soares,2209,Zalaegerszegi TE,1522,NB I,351,2026/2027,31,2004-01-09,False,,,Maxsuell Alegria,,169.0,492.43332,0.06959378123283386,0.06359684,0.91382927,0.0,0.0,0.077703536,1.0965952,1.0965952,0.0,0.18276587,0.36553174,0.36553174,2.0104244,2.3759563,0.5482976,0.5482976,1.0965952,0.48525518,0.3728686,0.85812384,0.5,1.8276585,0.7310635,0.5482976,2.558722,0.8461538461538461,2.0104244,0.014925373134328358,0.18276587,0.16666666666666666,0.18276587,21.383606,0.06976744186046512,0.24031007751937986,0.689922480620155,7.4934006,0.0975609756097561,0.1951219512195122,0.7073170731707317,0.2,0.8217054263565892,0.0,0.0,0.18276587,0.3333333333333333,0.0,0.086533196,0.18276587,0.5037684,0.5037684,0.40341806,0.40341806,0.077703536,0.0,2.7563593,2.7563593,2.2072945,2.2072945,0.019973619,0.019973619,0.015994888,0.015994888,Left Centre Forward,Centre Forward,0.36553174,2.1931903,8.772761,13.341908,3.2897854,2.3759563,0.0,0.0,0.018867924528301886,2.3759563,0.91382927,0.0,0.0,0.0,0.0,0.0,0.0,0.0,,0.09183673469387756,0.75,0.18604651162790697,16.790232103924417,17.375472158755898,11.725417137145996,11.843889236450195,0.0,0.0,,0.0,0.0,0.046511628,0.17054264,0.0,0.40756917,6,82.07222,5.117444,0.0,0.0,0.14130038,-0.14130038,2.0104244,0.91382927,2.7414877,0.6666667,0.0,,1.034856,1.0101038,-0.07170542,-5.0648155,24.490625,0.76865673,8.095604,0.33333334,2.558722,0.0,0.0,0.0,0.0,12.878697,2.924254,1.0965952,6,56.211815,8.40723,1.8276585,0.63013697,0.71428573,54.631004,59.548275,2026-08-29T15:00,5.4714813,0.01735644,-0.031185826,-0.022661788,0.006660583,0.06454347,,0.5482976,5.30021,0.035707038,0.0,0.0,3.4725513,3.5491846,3.520595,3.12,0.0,0.60294116,0.20588236,0.0,0.64285713,0.1904762,0.0,0.625,0.16666667,2.470882,1.3477538,0.54545456,0.8985025,0.5,0.6738769,0.6,1.797005,1.1231282,0.02608832,0.018838111,0.011101042,0.13095239,0.17021276,0.2173913,6.738769,4.7171383,3.3693845,5.8825,5.11,3.21,0.0,0.0,0.0,3.818636,2.6955075,1.5723795,1.1231282,0.6738769,0.44925126,3.9720361,4.048333,3.9342859,0.0,0.0,0.0,0.8985025,0.44925126,0.22462563,0.6738769,0.22462563,0.0,400.66666,14.621268
33643,92794,Heitor Marinho dos Santos,1033,Ujpest,1522,NB I,351,2026/2027,31,2000-04-27,False,,,Heitor,74.0,187.0,329.3333,0.057008296251297,0.031158382,0.54655874,0.27327937,0.54655874,0.017497776,0.54655874,0.54655874,0.27327937,0.0,0.27327937,0.27327937,1.3663968,1.6396763,1.3663968,0.81983817,2.186235,1.4088898,0.7704751,2.1793647,0.8333333333333334,0.0,0.0,0.27327937,0.0,0.5714285714285714,3.2793527,0.057692307692307696,4.645749,0.625,2.7327936,45.637653,0.24561403508771928,0.04093567251461988,0.7134502923976608,1.3663968,0.6,0.2,0.2,0.5,0.8245614035087719,0.5,0.27327937,0.0,0.0,0.0,4.769198,0.0,0.4703406,0.4703406,0.444551,0.43524167,0.017497776,0.27327937,1.7210982,1.7210982,1.6267272,1.5926621,0.011032681,0.011032681,0.010427739,0.010209372,Right Centre Back,,6.5587053,3.8259113,2.4595141,4.0991907,0.27327937,2.4595141,0.0,0.0,0.0,1.0931175,0.27327937,0.0,0.0,0.0,0.0,0.0,0.0,0.0,,0.046153846153846156,0.6896551724137931,0.1695906432748538,23.82456568667763,23.038584607712767,25.694828033447266,24.190502166748047,0.0,0.0,,0.0,0.0,0.11111111,0.1871345,0.0,0.3003876,4,82.33333,4.2358303,0.0,0.0,0.048656162,0.49790257,1.0931175,0.27327937,0.27327937,0.0,0.0,,0.96700966,0.9414541,-0.13490623,1.8702627,34.4332,0.99206346,5.6566687,0.5,0.81983817,0.0,0.0,0.0,0.0,4.0699024,4.0991907,0.27327937,4,23.922445,0.27327937,0.27327937,0.06666667,0.33333334,20.886677,31.791332,2026-08-29T17:30,3.659259,0.31310767,0.08149269,-0.01707868,0.2151766,0.0335171,,0.0,10.931174,0.0359524,0.0,0.0,1.0931175,12.014819,7.672857,1.7750001,0.6111111,0.9722222,0.8888889,0.2857143,0.85714287,0.5714286,0.0,0.5,0.0,7.8717203,4.449233,0.5652174,0.3422487,0.33333334,0.0,,1.026746,0.0,0.045471165,0.012348281,,0.19166666,0.3,0.0,0.3422487,0.3422487,0.3422487,4.76,4.08,,0.0,0.0,0.0,0.0,0.0,0.0,0.0,0.0,0.0,,,,0.3422487,0.0,0.0,3.7647355,0.3422487,0.0,1.3689948,0.0,0.0,262.96667,5.465587
33643,34455,Mariano Gómez,1476,Ferencvaros,1522,NB I,351,2026/2027,11,1999-02-05,False,,,,85.0,194.0,243.7,0.07270351052284241,0.10739952,1.4772261,0.0,0.0,0.0,0.0,0.0,0.0,0.0,0.0,0.0,2.2158391,2.2158391,2.9544523,1.4772261,4.4316783,3.3280337,1.9625405,5.290574,0.7272727272727273,0.36930653,0.73861307,1.1079196,0.0,0.7894736842105263,5.539598,0.0,3.3237588,1.0,2.2158391,69.42963,0.19072164948453607,0.0,0.8092783505154639,5.1702914,0.42857142857142855,0.0,0.5714285714285714,0.5,0.9123711340206185,0.0,0.0,0.0,,0.0,3.870289,0.0,0.8779795,0.8779795,0.8488998,0.8488998,0.0,0.0,2.3773735,2.3773735,2.298632,2.298632,0.018010406,0.018010406,0.017413879,0.017413879,Right Centre Back,Left Centre Back,3.6930652,6.6475177,7.3861303,8.49405,0.36930653,3.3237588,,0.0,0.002770083102493075,5.1702914,0.36930653,0.0,0.0,0.0,0.0,0.0,0.0,0.0,,0.1242603550295858,0.5833333333333334,0.061855670103092786,22.72402293411727,22.709889212570623,17.24833106994629,17.899999618530273,0.0,0.0,,0.0,0.0,0.04639175,0.1185567,0.0,0.29147983,3,81.23333,4.800985,0.0,0.0,0.10739952,-0.10739954,1.4772261,0.0,0.36930653,1.0,0.0,,0.999378,1.0377816,-0.32903782,-5.4756913,57.611816,0.99358976,4.219448,0.4,1.4772261,0.0,0.0,0.0,0.0,10.12849,7.016824,0.73861307,2,26.610327,0.0,0.0,0.0,0.0,23.29941,41.088943,2026-08-30T17:00,2.7077777,0.18139572,0.03287309,0.0076081003,0.051927116,0.08898744,,0.0,10.340583,0.24121246,0.0,0.0,2.2158391,12.877177,10.026316,,0.74,0.95,0.92,0.47368422,0.94736844,0.8947368,,,,6.278211,4.0623717,0.64705884,0.36930653,0.25,0.36930653,0.5,1.4772261,0.73861307,-0.00036460214,-0.01670885,-0.011676324,0.10828026,0.12903225,0.5,0.0,0.0,0.0,4.8814287,5.76,5.76,0.0,0.0,0.0,0.0,0.0,0.0,0.0,0.0,0.0,,,,0.0,0.0,0.0,2.5851457,0.36930653,0.36930653,1.1079196,0.36930653,0.36930653,243.7,12.187116
33643,424570,Lucas Valentino Alfonso,2209,Zalaegerszegi TE,1522,NB I,351,2026/2027,11,2006-07-18,False,,,Lucas Alfonso,75.0,186.0,85.41667,0.15452240407466888,0.32562768,2.107317,0.0,0.0,0.0,0.0,0.0,0.0,0.0,0.0,0.0,3.1609752,3.1609752,0.0,1.0536585,1.0536585,0.0,1.2209426,1.2209426,,0.0,1.0536585,0.0,1.0536585,,0.0,0.0,0.0,0.0,0.0,11.590243,0.3333333333333333,0.16666666666666666,0.5,3.1609752,0.0,0.6666666666666666,0.3333333333333333,0.5,0.6666666666666666,0.0,0.0,0.0,,0.0,0.0,0.0,0.62399375,0.62399375,0.29836607,0.29836607,0.0,0.0,0.5922163,0.5922163,0.2831715,0.2831715,0.032900907,0.032900907,0.01573175,0.01573175,Right Centre Forward,Left Centre Forward,0.0,0.0,8.429268,20.01951,3.1609752,2.107317,,0.0,0.08,0.0,1.0536585,0.0,0.0,0.0,0.0,0.0,0.0,0.0,,0.42857142857142855,0.6666666666666666,0.25,11.053333282470703,10.184999465942383,8.65999984741211,8.505000114440918,0.0,0.0,,0.0,0.0,0.16666667,0.41666666,0.0,0.11695907,3,28.472223,2.107317,0.0,0.0,0.32562768,-0.32562768,2.107317,0.0,0.0,,0.0,,0.92144144,0.9821016,0.0,-2.3933334,13.69756,0.7692308,7.2820215,,2.107317,0.0,0.0,0.0,0.0,18.940248,2.107317,0.0,0,63.35146,14.751219,2.107317,0.7368421,1.0,60.994858,58.156696,2026-08-23T15:30,0.94907415,-0.2042483,-0.07836741,-0.13600326,0.006844177,0.0032782233,,1.0536585,3.1609752,0.010842776,0.0,0.0,0.0,1.63,1.63,1.63,0.0,0.25,0.0,0.0,0.25,0.0,0.0,0.25,0.0,3.4296603,0.0,0.0,0.0,0.0,0.0,,1.7148302,0.0,-0.042918473,-0.020233754,,0.4,0.25,0.0,6.8593206,6.8593206,6.8593206,,,,0.0,0.0,0.0,1.7148302,1.7148302,1.7148302,0.0,0.0,0.0,1.92,1.92,1.92,0.0,0.0,0.0,0.0,0.0,0.0,0.0,0.0,0.0,52.483334,21.07317
33643,424658,Tiago Peñalba,2209,Zalaegerszegi TE,1522,NB I,351,2026/2027,11,2004-04-23,False,,,,,187.0,279.95,0.08465352654457092,0.16328952,1.9289159,0.0,0.0,0.0029774243,0.32148597,0.32148597,0.0,0.0,0.0,0.0,3.2148595,3.2148595,0.9644579,0.32148597,1.2859439,0.9755693,0.30669343,1.2822627,1.0,0.0,0.9644579,0.0,0.0,0.6666666666666666,3.2148595,0.02702702702702703,4.5008035,0.6666666666666666,2.5718877,43.400604,0.34782608695652173,0.021739130434782608,0.6304347826086957,3.5363457,0.36363636363636365,0.0,0.6363636363636364,0.3333333333333333,0.9130434782608695,0.0,0.0,0.0,,0.0,4.5921254,0.0,0.34275445,0.34275445,0.23850624,0.23850624,0.0029774243,0.0,1.0661569,1.0661569,0.7418869,0.7418869,0.00888464,0.00888464,0.0061823907,0.0061823907,Right Centre Back,,5.1437755,4.1793175,1.6074297,3.8578317,0.0,0.9644579,,0.0,0.007434944237918215,3.5363457,0.9644579,0.0,0.0,0.0,0.0,0.0,0.0,0.0,,0.075,0.7142857142857143,0.050724637681159424,22.080290421195652,20.810238792782737,28.029998779296875,21.217998504638672,0.0,0.0,,0.0,0.0,0.08695652,0.1521739,0.0,0.1713666,3,93.31667,2.5397391,0.0,0.0,0.16626695,-0.16626695,2.2504017,0.0,0.0,,0.0,,0.9424803,0.75697464,-0.19875777,5.9497085,31.82711,1.0,4.626394,,0.9644579,0.64297193,0.0,0.0,0.0,3.9137826,2.5718877,0.32148597,3,37.556656,1.6074297,0.9644579,0.41666666,1.0,28.262363,37.38089,2026-08-29T15:00,3.1105556,0.25192714,0.06826665,0.15839909,-0.005863819,0.031125229,,0.0,8.358635,0.24935874,0.0,0.0,2.5718877,13.152205,11.088572,2.4766667,0.7058824,1.0,0.9264706,0.5714286,1.0,0.78571427,0.0,1.0,0.0,6.1082335,4.5008035,0.7368421,1.9289159,0.75,0.0,,2.5718877,0.0,0.032739744,0.012632119,,0.17431192,0.33333334,,0.0,0.0,0.0,5.055714,3.8266666,,0.0,0.0,0.0,0.0,0.0,0.0,0.0,0.0,0.0,,,,0.32148597,0.0,0.0,2.2504017,0.9644579,0.0,0.64297193,0.0,0.0,279.95,5.7867475
33643,406490,Fabricio Amato,2209,Zalaegerszegi TE,1522,NB I,351,2026/2027,11,2004-06-04,False,,,,76.0,177.0,586.69995,0.04477003589272499,0.05494193,1.2272031,0.0,0.0,0.020004682,0.61360157,0.61360157,0.0,0.0,0.0,0.0,0.9204023,0.9204023,1.534004,0.9204023,2.4544063,1.2737865,0.88815284,2.1619394,0.625,0.30680078,1.6874044,0.9204023,0.61360157,0.6521739130434783,4.6020117,0.04597701149425287,2.7612069,0.5833333333333334,1.0738027,53.99694,0.1643835616438356,0.07397260273972603,0.7616438356164383,8.590422,0.16071428571428573,0.10714285714285714,0.7321428571428571,0.125,0.8657534246575342,0.0,0.0,0.0,0.0,0.0,2.3618658,0.0,0.46593213,0.42633682,0.4101824,0.3705871,0.020004682,0.0,3.0373597,2.7792423,2.6739333,2.415816,0.010192482,0.009326316,0.008972931,0.008106765,Right Defensive Midfielder,Right Centre Midfielder,3.8350098,5.982615,7.97682,10.431226,0.46020114,3.2214081,,0.0,0.008995502248875561,5.5224137,0.767002,0.0,0.0,0.0,0.0,0.0,0.0,0.0,,0.1490066225165563,0.7540983606557377,0.16712328767123288,21.8333984375,21.054590152788766,21.092294692993164,19.149782180786133,0.0,0.0,,0.0,0.0,0.076712325,0.1589041,0.0,0.4009163,6,97.783325,5.369013,0.0,0.0,0.074946605,-0.07494661,1.8408046,0.0,0.30680078,1.0,0.0,,0.9643295,0.90790415,-0.111655064,-0.7411033,44.79291,0.9794521,5.890949,0.5,2.4544063,0.30680078,0.0,0.0,0.0,9.175979,5.215613,0.9204023,6,39.99466,3.2214081,1.3806034,0.30882353,0.5625,34.740986,45.12321,2026-08-29T15:00,6.5188885,0.08170733,-0.026127502,-0.042121705,0.06225456,0.08770196,,0.30680078,10.584626,0.043364502,0.0,0.0,4.295211,6.864128,7.2704167,6.198571,0.21341464,0.88414633,0.6219512,0.2638889,0.9166667,0.6805556,0.21428572,0.85714287,0.64285713,9.7346945,5.6938777,0.5849057,2.2040815,0.6,0.3673469,0.33333334,3.6734693,1.1020408,0.02874303,0.030224703,0.021589177,0.21721311,0.22222222,0.375,0.9183673,0.0,0.0,6.633333,5.482857,4.32,0.18367346,0.0,0.0,0.5510204,0.0,0.0,0.5510204,0.0,0.0,6.768889,,,0.3673469,0.18367346,0.0,3.3061223,1.2857143,0.3673469,2.2040815,0.5510204,0.18367346,490.0,13.652635
33643,21518,Philippe Rommens,1476,Ferencvaros,1522,NB I,351,2026/2027,22,1997-08-20,False,,,,68.0,175.0,127.7,0.0226861834526062,0.015988696,0.7047768,0.0,0.0,0.058963206,2.1143305,2.1143305,0.0,0.0,0.7047768,0.7047768,0.0,0.7047768,2.1143305,2.1143305,4.228661,3.3181121,3.2469046,6.565017,0.6,0.0,0.7047768,1.4095536,0.0,0.85,11.981206,0.08333333333333333,0.7047768,0.5,1.4095536,71.18246,0.10714285714285714,0.07142857142857142,0.8214285714285714,19.028975,0.18518518518518517,0.037037037037037035,0.7777777777777778,0.0,0.8928571428571429,0.0,0.0,0.0,0.0,0.0,0.64078295,0.0,0.68460906,0.68460906,0.5635556,0.5635556,0.058963206,0.0,0.9713841,0.9713841,0.7996228,0.7996228,0.012615378,0.012615378,0.010384711,0.010384711,Right Defensive Midfielder,Left Defensive Midfielder,0.7047768,14.095537,10.571652,14.095537,0.0,4.228661,0.0,0.0,0.005076142131979695,9.162099,2.8191073,0.0,0.0,0.0,0.0,0.0,0.0,0.0,,0.0625,0.8181818181818182,0.09821428571428571,25.421606881277903,25.4006005859375,18.972728729248047,20.787776947021484,0.0,0.0,,0.0,0.0,0.08928572,0.15178572,0.0,0.54913294,3,42.566666,6.6953797,0.0,0.0,0.0749519,-0.0749519,2.8191073,0.0,0.0,,0.0,,0.9991737,1.0956662,-0.07467532,-6.4488783,60.61081,1.0,2.5898523,0.0,4.228661,0.0,0.0,0.0,0.0,21.6935,7.0477686,0.7047768,1,47.42449,5.6382146,2.8191073,0.4,0.6666667,44.402756,50.04078,2026-08-17T15:30,1.4188888,0.106327176,0.08127596,-0.02380069,-0.013128303,0.061980188,,0.0,9.162099,0.0,0.0,0.0,2.8191073,7.876131,8.146667,7.38,0.2647059,0.9852941,0.7794118,0.30555555,1.0,0.8055556,0.3,1.0,0.7,8.457322,6.342992,0.75,2.8191073,1.0,0.0,0.0,2.8191073,2.1143305,0.03721783,0.020715812,,0.13043478,0.093023255,0.23076923,2.8191073,1.4095536,0.0,3.4025,2.7266667,,0.0,0.0,0.0,2.8191073,1.4095536,0.0,0.7047768,0.0,0.0,5.055,4.335,,0.0,0.0,0.0,2.8191073,2.1143305,0.0,0.7047768,0.0,0.0,127.7,16.914644
33643,43895,Toon Raemaekers,1476,Ferencvaros,1522,NB I,351,2026/2027,22,2000-09-09,False,,,,85.0,194.0,194.88333,0.02024831809103489,0.009350972,0.4618148,0.0,0.0,0.0,0.0,0.0,0.0,0.0,0.0,0.0,0.9236296,0.9236296,1.8472592,0.9236296,2.7708886,2.8616858,1.4494926,4.3111787,0.8,0.0,0.0,0.4618148,0.4618148,0.8709677419354839,12.468998,0.15384615384615385,0.9236296,0.5,0.9236296,76.19943,0.1871345029239766,0.05847953216374269,0.7543859649122807,16.625332,0.19444444444444445,0.05555555555555555,0.75,0.0,0.9532163742690059,0.0,0.0,0.0,,0.0,1.4494926,0.0,1.5281703,1.1663387,1.1663387,1.1663387,0.0,0.0,3.3090549,2.5255551,2.5255551,2.5255551,0.027123401,0.020701272,0.020701272,0.020701272,Right Centre Back,,1.3854443,13.854443,4.156333,5.0799623,0.0,2.7708886,,0.0,0.003125,12.468998,0.4618148,0.0,0.0,0.0,0.0,0.0,0.0,0.0,,0.16774193548387098,0.8571428571428571,0.08187134502923976,24.86806983278509,24.17944935055598,16.75857162475586,16.510000228881836,0.0,0.0,,0.0,0.0,0.14035088,0.1754386,0.0,0.49523807,2,97.441666,9.605747,0.0,0.0,0.009350972,-0.009350972,0.4618148,0.0,0.0,,0.0,0.0,0.97230905,0.9851675,-0.096073516,-8.109499,66.03951,0.993007,4.5622144,0.0,0.4618148,0.0,0.0,0.0,0.0,7.89761,4.156333,0.4618148,2,33.731873,1.3854443,0.4618148,0.27272728,1.0,29.411753,43.657047,2026-08-30T17:00,2.1653705,0.15680994,0.122923404,-0.077020936,-0.02878461,0.13969207,,0.4618148,11.083554,0.0,0.0,0.0,6.003592,12.001391,12.634679,7.138,0.6875,0.96875,0.90625,0.7058824,0.9705882,0.9117647,0.2,1.0,0.6,8.312666,6.9272213,0.8333333,1.8472592,1.0,0.4618148,1.0,1.8472592,0.4618148,0.046550326,0.017495438,0.008555095,0.13432837,0.09756097,0.14285715,0.0,0.0,0.0,6.6209087,6.7,,0.0,0.0,0.0,0.0,0.0,0.0,0.0,0.0,0.0,,,,0.0,0.0,0.0,5.0799623,0.9236296,0.0,3.6945183,0.9236296,0.0,194.88333,6.9272213
33643,131078,Patrik Pinte,1034,Honvéd,1522,NB I,351,2026/2027,207,1997-01-06,False,,,,78.0,180.0,135.61667,0.06815178195635478,0.13568377,1.9909056,0.0,0.0,0.0,0.0,0.0,0.0,0.0,0.66363525,0.66363525,7.299988,7.9636226,0.0,1.3272705,1.3272705,0.0,0.8968582,0.8968582,0.0,0.66363525,0.66363525,1.3272705,1.9909056,0.6666666666666666,1.3272705,0.0,0.0,0.3333333333333333,0.66363525,18.581787,0.23333333333333334,0.13333333333333333,0.6333333333333333,5.309082,0.25,0.125,0.625,0.0,0.5333333333333333,0.0,0.0,0.66363525,0.25,0.0,0.0,0.0,0.52634066,0.51178855,0.45721325,0.44266117,0.0,0.0,0.7931174,0.7711896,0.6889526,0.6670248,0.019827936,0.019279739,0.017223816,0.01667562,Right Wing,,0.0,1.9909056,5.972717,7.299988,2.654541,1.3272705,0.0,0.0,0.05454545454545454,1.3272705,0.66363525,0.0,0.0,0.0,0.0,0.0,0.0,0.0,,0.2,0.6666666666666666,0.1,18.900667317708333,18.3956241607666,10.543334007263184,11.005000114440918,0.0,0.0,,0.0,0.0,0.13333334,0.53333336,0.0,0.43535617,5,27.123333,10.949982,0.0,0.0,0.13568377,-0.13568377,1.9909056,0.66363525,1.3272705,0.5,0.0,,0.97327906,1.0437875,0.13333334,-8.357333,17.918152,0.7777778,7.7649164,0.0,0.0,0.0,0.0,0.0,0.0,6.6029267,1.3272705,0.0,0,48.879166,2.654541,0.0,0.36363637,,46.130825,61.810394,2026-08-29T15:00,1.5068519,-0.20615005,-0.06268331,-0.17417651,0.011512715,0.01919705,,0.66363525,3.9818113,0.0,0.0,0.0,1.9909056,4.057778,3.4066668,3.9022222,0.0,0.7222222,0.33333334,0.0,0.5833333,0.33333334,0.0,0.6666667,0.44444445,3.9818113,1.9909056,0.5,1.3272705,0.6666667,0.66363525,0.5,1.9909056,1.3272705,0.07022264,0.077107556,0.06503004,0.27272728,0.25,0.22222222,4.645447,4.645447,3.3181763,,,,0.0,0.0,0.0,1.9909056,1.9909056,1.3272705,0.0,0.0,0.0,3.222222,3.222222,3.145,0.0,0.0,0.0,0.0,0.0,0.0,0.0,0.0,0.0,135.61667,7.9636226
33643,16742,Tomas Tujvel,1034,Honvéd,1522,NB I,351,2026/2027,207,1983-09-19,False,,,,88.0,190.0,292.05,,0.0,0.0,0.0,0.0,0.0,0.0,0.0,0.0,0.0,0.0,0.0,0.0,0.0,0.0,0.0,0.0,0.0,0.0,0.0,,0.0,0.0,0.0,0.0,0.30434782608695654,4.3143296,0.0,0.0,,0.0,22.804316,0.47474747474747475,0.0,0.5252525252525253,0.0,,,,,0.6767676767676768,,0.0,0.0,,0.0,0.0,0.0,0.090488285,0.04899729,0.090488285,0.04899729,0.0,0.0,0.29363444,0.1589962,0.29363444,0.1589962,0.003090889,0.0016736442,0.003090889,0.0016736442,Goalkeeper,,4.0061636,10.169492,0.0,0.0,0.0,0.0,,0.0,0.0,0.30816644,0.0,13.867489,1.8489985,1.2013215,1.6530226,0.5714285714285714,0.6168529987335205,-0.19597596,-0.045424427304949076,0.14545454545454545,0.5454545454545454,0.2222222222222222,39.28616240530303,27.69522322469683,43.20045471191406,28.280000686645508,4.3143296,1.6530226,0.3111111111111111,1.551963,-0.044533398,0.04040404,0.2929293,20.684185,0.08723748,3,97.35,1.6640986,0.0,0.0,0.0,0.0,0.0,0.0,0.0,,0.0,,0.7049613,0.65462273,-0.13131313,3.914291,20.64715,1.0,4.944123,,0.0,0.0,0.0,0.0,0.0,0.0,7.7041607,0.0,3,,0.0,0.0,,,2.1964815,9.811434,2026-08-09T13:30,3.245,0.22927983,0.08491857,,,0.036927503,0.107433796,0.0,4.622496,0.0,0.0,0.0,0.0,16.26,,,0.8,1.0,1.0,,,,,,,3.0816643,0.9244993,0.3,0.0,,0.0,,0.0,0.0,0.017407393,,,0.18867925,,,0.0,0.0,0.0,5.42,,,0.0,0.0,0.0,0.0,0.0,0.0,0.0,0.0,0.0,,,,0.0,0.0,0.0,0.30816644,0.0,0.0,0.30816644,0.0,0.0,292.05,0.0
33643,44173,Samuel Petráš,2774,Győri ETO,1522,NB I,351,2026/2027,207,1999-04-10,False,,,,87.0,192.0,485.76666,,0.0,0.0,0.0,0.0,0.0046211267,0.18527414,0.0,0.0,0.0,0.18527414,0.0,0.0,0.0,0.0,0.0,0.0,0.0,0.0,0.0,,0.0,0.0,0.0,0.0,0.45454545454545453,6.484595,0.0,0.0,,0.0,22.78872,0.3582887700534759,0.0,0.6417112299465241,0.74109656,1.0,0.0,0.0,,0.7754010695187166,,0.0,0.0,,0.0,0.0,0.0,0.2958448,0.18395084,0.29122365,0.18395084,0.0,0.0,1.5967948,0.9928576,1.5718527,0.9928576,0.009072698,0.0056412364,0.008930981,0.0056412364,Goalkeeper,,2.593838,11.672271,0.0,0.0,0.0,0.0,0.0,0.0046211267,0.0,1.4821931,0.5558224,17.41577,0.74109656,1.4410646,1.3275917,0.8518518518518519,0.7346091447053132,0.58649516,0.11724270714653863,0.15873015873015872,0.5217391304347826,0.12299465240641712,37.75588026403744,29.308553340517243,42.5695686340332,25.1733341217041,5.002402,1.3275917,0.2872340425531915,1.4886445,-0.07268264,0.037433155,0.1657754,20.175777,0.106821105,5,97.153336,1.5377752,0.0,0.18527414,0.0046211267,-0.0046211267,0.18527414,0.0,0.0,,0.18527414,,0.7762646,0.5913458,-0.25366193,4.8136864,18.897963,1.0,4.063912,,0.0,0.0,0.0,0.0,0.0,0.0,10.375352,0.0,5,,0.0,0.0,,,2.1745455,10.190922,2026-08-30T14:30,5.3974075,0.7051866,0.13965727,,,0.045902863,0.51962644,0.0,2.779112,0.0,0.0,0.0,0.0,16.606058,,,0.8703704,0.9814815,0.962963,,,,,,,2.7876964,0.6969241,0.25,0.0,,0.0,,0.0,0.0,0.014686979,,,0.18461539,,,0.0,0.0,0.0,6.03,,,0.0,0.0,0.0,0.0,0.0,0.0,0.0,0.0,0.0,,,,0.0,0.0,0.0,0.46461606,0.0,0.0,0.23230803,0.0,0.0,387.41666,0.0
33643,498765,Jozef Urblík,2211,Vasas,1522,NB I,351,2026/2027,207,1996-08-22,False,,,,79.0,186.0,582.93335,0.042092300951480865,0.103979155,2.4702652,0.46317476,0.9263495,0.24684726,2.7790484,1.6983074,0.46317476,0.15439157,2.9334402,1.080741,2.161482,3.242223,1.3895242,0.6175663,2.0070906,1.276716,0.9071289,2.1838448,0.6923076923076923,1.5439157,1.6983074,0.6175663,1.6983074,0.6049382716049383,7.5651875,0.0,1.852699,0.42857142857142855,0.46317476,46.780647,0.20540540540540542,0.14054054054054055,0.654054054054054,11.116194,0.375,0.1527777777777778,0.4722222222222222,0.1875,0.7513513513513513,0.1875,0.46317476,0.6175663,0.2222222222222222,0.0,1.2053578,0.15439157,0.66667,0.5229619,0.43173608,0.3827539,0.13121347,0.15439157,4.3180466,3.387244,2.7963705,2.4791114,0.014687234,0.011521238,0.009511464,0.008432352,Centre Attacking Midfielder,Left Centre Forward,2.4702652,11.888151,11.733761,19.298946,1.852699,5.249314,0.21052631578947367,0.11563382,0.02197802197802198,6.947621,2.0070906,0.0,0.0,0.0,0.0,0.0,0.0,0.0,,0.1111111111111111,0.723404255319149,0.12702702702702703,23.497244510135136,22.48446106396133,18.48893928527832,19.32647132873535,0.0,0.0,,0.0,0.0,0.08918919,0.25135136,0.0,0.4663415,6,97.155556,7.379917,0.30878314,1.080741,0.35082644,0.5755231,5.249314,0.6175663,2.161482,0.71428573,1.852699,,0.9568978,1.045299,-0.027947096,-5.008306,45.699905,0.9324324,4.175849,0.42857143,4.322964,0.30878314,0.0,0.0,0.0,16.66148,5.712488,1.2351326,6,61.633553,14.6672,3.8597894,0.76,0.89285713,55.703983,51.916622,2026-08-29T17:30,6.4770374,0.22263445,0.14282271,0.02229848,0.008617996,0.048895247,,0.6175663,6.7932296,0.17844075,0.0,0.0,4.322964,6.5404997,5.726647,4.84875,0.1719457,0.90950227,0.57466066,0.123893805,0.9026549,0.460177,0.041666668,0.875,0.41666666,12.196935,6.175663,0.5063291,3.0878315,0.4347826,0.9263495,0.17142858,7.1020126,5.403705,0.06740554,0.045996632,0.018803835,0.2947761,0.36220473,0.7291667,4.477356,2.9334402,2.0070906,4.8461113,4.2766666,3.0333333,0.15439157,0.0,0.0,3.705398,2.3158739,1.3895242,1.3895242,0.6175663,0.46317476,4.373552,3.4957001,3.527963,0.15439157,0.0,0.0,2.7790484,1.3895242,0.46317476,0.9263495,0.30878314,0.0,582.93335,22.386778
33643,484610,Norbert Urblík,2774,Győri ETO,1522,NB I,351,2026/2027,207,2004-04-18,False,,,,81.0,188.0,386.75,0.18754646182060242,0.1745746,0.9308339,0.46541694,0.46541694,0.0,0.0,0.0,0.0,0.0,0.0,0.0,1.8616678,1.8616678,0.6981254,0.6981254,1.3962508,0.6441316,0.8877169,1.5318484,0.6,0.0,0.9308339,0.46541694,0.0,0.7407407407407407,4.6541696,0.075,5.5850034,0.6875,2.5597932,48.868782,0.2171945701357466,0.027149321266968326,0.755656108597285,3.0252101,0.3076923076923077,0.0,0.6923076923076923,0.5,0.8597285067873304,0.5,0.46541694,0.0,,0.0,5.8154783,0.0,0.92221904,0.92221904,0.6708712,0.6708712,0.0,0.0,3.9629803,3.9629803,2.8828828,2.8828828,0.021306345,0.021306345,0.01549937,0.01549937,Centre Back,Right Centre Back,5.817712,6.0504203,2.7925017,3.956044,0.23270847,1.6289593,,0.0,0.0,3.2579186,0.46541694,0.0,0.0,0.0,0.0,0.0,0.0,0.0,,0.09090909090909091,0.55,0.09049773755656108,22.9888225572681,22.93968441611842,14.919000625610352,20.822729110717773,0.0,0.0,,0.0,0.0,0.049773756,0.14479639,0.0,0.2248996,4,96.6875,2.606335,0.0,0.0,0.1745746,0.29084232,0.9308339,0.0,0.0,,0.0,,0.9978625,1.3957188,-0.3097285,-8.069822,38.629604,1.0,4.408008,0.33333334,0.6981254,0.46541694,0.0,0.0,0.0,4.0540395,3.956044,0.46541694,4,24.785757,0.9308339,0.0,0.23529412,0.0,18.009794,34.28553,2026-08-30T14:30,4.297222,0.2810891,0.023279699,0.21891627,-0.027400201,0.06629333,,0.0,8.377505,0.37908164,0.0,0.0,0.46541694,12.798574,12.385715,0.76,0.7446808,0.9574468,0.9255319,0.85714287,0.85714287,0.85714287,0.0,0.0,0.0,7.1775317,4.9930654,0.6956522,0.31206658,1.0,0.0,,0.31206658,0.0,0.013480222,0.0011345677,,0.17293233,0.09090909,,0.31206658,0.31206658,0.31206658,4.8269997,,,0.0,0.0,0.0,0.0,0.0,0.0,0.0,0.0,0.0,,,,0.0,0.0,0.0,3.1206658,0.0,0.0,1.2482663,0.0,0.0,288.4,5.5850034
33643,35655,Christián Herc,2484,Kisvárda,1522,NB I,351,2026/2027,207,1998-09-30,False,,,,72.0,185.0,488.2,0.13505066358126128,0.32365683,2.3965588,0.553052,0.36870137,0.06979075,1.4748055,1.2904546,0.0,0.0,0.73740274,0.553052,4.6087666,5.1618185,1.106104,1.106104,2.212208,0.8042658,0.65373296,1.4579988,0.5454545454545454,0.18435068,1.4748055,0.92175335,0.553052,0.5,1.2904546,0.023255813953488372,1.659156,0.75,0.553052,19.725521,0.23333333333333334,0.18333333333333332,0.5833333333333334,4.0557146,0.3181818181818182,0.09090909090909091,0.5909090909090909,0.15384615384615385,0.6083333333333333,0.15384615384615385,0.36870137,0.0,0.0,0.0,1.0943971,0.0,0.713277,0.5454382,0.25652874,0.2331287,0.05982442,0.0,3.8691316,2.9586992,1.3915259,1.2645937,0.024962138,0.019088382,0.008977586,0.008158669,Left Centre Midfielder,Right Centre Midfielder,1.8435067,2.3965588,7.5583777,11.06104,1.106104,3.6870134,0.0,0.009966329,0.04672897196261682,2.0278573,1.4748055,0.0,0.0,0.0,0.0,0.0,0.0,0.0,,0.1746031746031746,0.4375,0.13333333333333333,19.425417073567708,18.864383227204623,14.723749160766602,20.29571533203125,0.0,0.0,,0.0,0.0,0.09166667,0.35,0.0,0.21978022,6,81.36667,3.6870134,0.0,0.18435068,0.39344758,-0.024746241,3.871364,0.18435068,0.36870137,0.5,0.18435068,1.0,0.97111857,1.378434,-0.17083333,-4.701668,16.03851,0.9195402,4.855749,0.33333334,1.106104,0.0,0.0,0.0,0.0,7.661043,5.1618185,0.36870137,6,49.76918,5.3461695,0.73740274,0.48333332,0.6666667,43.999348,54.051704,2026-08-30T14:30,5.4244447,-0.026459636,-0.029006567,-0.010613595,0.032593876,-0.01943337,,0.36870137,5.53052,0.30457833,0.0,0.0,3.318312,3.7129312,3.328108,2.8863158,0.01724138,0.7413793,0.22413793,0.0,0.7027027,0.16216215,0.0,0.6315789,0.05263158,3.252881,1.5180113,0.46666667,0.65057623,0.375,0.21685876,0.5,1.7348701,0.43371752,0.014270419,0.002632737,0.0049991515,0.1923077,0.2,0.09090909,5.4214687,3.0360227,1.5180113,,,,0.0,0.0,0.0,3.4697402,1.5180113,0.65057623,0.86743504,0.0,0.0,2.9585922,2.642857,2.63,0.0,0.0,0.0,0.0,0.0,0.0,0.0,0.0,0.0,415.0167,13.64195
33643,396033,Tizian-Valentino Scharmer,1033,Ujpest,1522,NB I,351,2026/2027,15,2004-02-13,False,,,,77.0,185.0,40.516666,,0.0,0.0,0.0,0.0,0.065619424,2.221308,2.221308,0.0,0.0,0.0,0.0,0.0,0.0,8.885232,2.221308,11.106541,9.482203,2.7513545,12.233557,0.8,0.0,0.0,2.221308,0.0,0.3333333333333333,2.221308,0.0,4.442616,1.0,2.221308,35.540928,0.4642857142857143,0.07142857142857142,0.4642857142857143,11.106541,0.4,0.0,0.6,,0.75,,0.0,0.0,0.0,0.0,4.7411013,0.0,1.0654024,0.6148186,1.0654024,0.6148186,0.065619424,0.0,0.47962838,0.2767822,0.47962838,0.2767822,0.015471883,0.008928458,0.015471883,0.008928458,,,4.442616,6.663924,15.549157,19.991772,2.221308,8.885232,,0.0,0.0,17.770464,0.0,0.0,0.0,0.0,0.0,0.0,0.0,0.0,,0.8,0.3333333333333333,0.10714285714285714,18.357142857142858,17.322858537946427,7.546666622161865,8.039999961853027,0.0,0.0,,0.0,0.0,0.071428575,0.21428572,0.0,0.44155845,2,20.258333,7.5524483,0.0,0.0,0.065619424,-0.065619424,2.221308,0.0,0.0,,0.0,,0.94365764,1.065371,-0.41666666,-10.810476,26.655697,0.9166667,3.9204466,0.0,4.442616,0.0,0.0,0.0,0.0,21.71576,13.327848,4.442616,0,40.38148,6.663924,4.442616,0.33333334,1.0,37.242672,53.700974,2026-08-15T14:30,0.45018518,0.19277504,0.17584078,,-0.03364469,0.050578948,,0.0,11.106541,0.0,0.0,0.0,4.442616,6.0244446,4.09,4.9325,0.22222222,0.8888889,0.5555556,0.0,0.8,0.4,0.0,1.0,0.5,6.663924,4.442616,0.6666667,0.0,0.0,0.0,0.0,2.221308,2.221308,-0.002509184,-0.04740166,-0.04740166,0.1875,0.125,0.25,0.0,0.0,0.0,3.475,,,0.0,0.0,0.0,0.0,0.0,0.0,0.0,0.0,0.0,,,,0.0,0.0,0.0,4.442616,0.0,0.0,0.0,0.0,0.0,40.516666,28.877007
33643,8042,Marko Kvasina,2215,Nyíregyháza Spartacus,1522,NB I,351,2026/2027,15,1996-12-20,False,Marko,Kvasina,,79.0,195.0,585.6,0.0962073564529419,0.22178951,2.305328,0.46106562,0.46106562,0.16185312,1.8442625,1.8442625,0.0,0.0,0.46106562,0.46106562,9.528689,9.989755,0.30737707,0.61475414,0.92213124,0.29407406,0.5239205,0.81799453,0.3333333333333333,0.0,1.5368853,0.61475414,0.92213124,0.3333333333333333,0.46106562,0.03125,0.92213124,0.515625,5.0717216,25.973362,0.15204678362573099,0.14035087719298245,0.7076023391812866,8.760246,0.12280701754385964,0.21052631578947367,0.6666666666666666,0.6666666666666666,0.6432748538011696,0.2,0.46106562,0.15368854,0.2,0.0,0.91967463,0.92213124,0.79468983,0.6742748,0.41237128,0.41237128,0.16185312,0.0,5.1707816,4.3872814,2.6831625,2.6831625,0.023938803,0.020311488,0.0124220485,0.0124220485,Right Centre Forward,Right Midfielder,0.92213124,1.3831967,7.37705,14.446722,0.76844263,3.688525,0.0,0.0,0.0392156862745098,1.5368853,0.30737707,0.0,0.0,0.0,0.0,0.0,0.0,0.0,,0.3253012048192771,0.5111111111111111,0.2631578947368421,14.175906889619883,13.157364169034091,12.84000015258789,13.758259773254395,0.0,0.0,,0.0,0.0,0.081871346,0.28654972,0.0,0.25417298,6,97.6,5.148566,0.0,0.0,0.38364267,0.077422954,4.14959,0.15368854,0.15368854,0.0,0.0,0.0,0.92814976,1.0715156,-0.13216375,-1.3359071,14.60041,0.8947368,3.5553553,0.4,3.5348363,0.30737707,0.0,0.0,0.0,15.807507,4.610656,1.0758197,6,64.1113,10.604509,2.920082,0.7340425,0.82608694,60.654125,62.24403,2026-08-29T12:45,6.506666,0.13367756,-0.018812522,0.1084177,0.008295246,0.035777126,,1.9979508,5.840164,0.43437096,0.0,0.0,4.303279,3.2951035,3.241802,2.9313982,0.022988506,0.7011494,0.1724138,0.02739726,0.6849315,0.16438356,0.021276595,0.65957445,0.12765957,5.554032,2.0364783,0.36666667,1.481075,0.3478261,0.5554032,0.25,4.258091,2.2216127,0.04069956,0.037879765,0.042002004,0.23809524,0.23469388,0.21818182,8.331048,6.8499727,4.9986286,4.518,3.852857,2.3733335,0.0,0.0,0.0,5.183763,4.0729566,2.777016,0.925672,0.5554032,0.37026876,2.9813213,2.7432873,2.5296285,0.0,0.0,0.0,1.851344,1.2959408,0.5554032,0.925672,0.37026876,0.0,486.13333,16.290983
33643,26142,Adrián Guerrero Aguilar,2206,Debrecen,1522,NB I,351,2026/2027,214,1998-01-28,False,Adrià,Guerrero,Adrià Guerrero,66.0,174.0,452.18335,0.06353554129600525,0.037937257,0.59710294,0.1990343,0.1990343,0.11268303,1.1942059,1.1942059,0.0,0.1990343,0.99517155,0.7961372,2.7864804,3.5826175,0.99517155,0.3980686,1.3932402,1.102791,0.35794172,1.4607326,0.5555555555555556,0.0,0.59710294,0.7961372,0.99517155,0.53125,3.3835833,0.014492753623188406,2.7864804,0.6,0.59710294,37.020382,0.28193832599118945,0.1277533039647577,0.5903083700440529,8.160406,0.36585365853658536,0.12195121951219512,0.5121951219512195,0.6666666666666666,0.762114537444934,0.3333333333333333,0.1990343,0.59710294,0.3333333333333333,0.0,3.2065504,0.1990343,0.4513911,0.39937723,0.32824826,0.2762344,0.11268303,0.0,2.267906,2.0065749,1.6492044,1.3878733,0.010851225,0.009600837,0.00789093,0.0066405423,Left Back,Right Back,3.9806862,5.174892,4.1797204,8.160406,0.7961372,3.1845489,0.2,0.0,0.008287292817679558,4.1797204,0.99517155,0.0,0.0,0.0,0.0,0.0,0.0,0.0,,0.8102189781021898,0.6086956521739131,0.1013215859030837,21.099824476872246,19.846995800216764,20.313478469848633,24.78999900817871,0.0,0.0,,0.0,0.0,0.06167401,0.23788546,0.0,0.312369,6,75.36389,5.9312224,0.0,0.0,0.15062028,0.048414025,1.7913088,0.0,0.0,,0.1990343,,0.94062376,1.220372,-0.15341888,-0.7863466,31.84549,0.9625,4.8941126,0.2,1.7913088,0.0,0.0,0.0,0.0,9.102116,3.5826175,0.3980686,4,34.32802,2.587446,0.99517155,0.31707317,0.5555556,30.842422,48.436043,2026-08-28T18:00,5.0242596,0.34754023,0.11824425,0.053071246,0.120677665,0.055547062,,0.3980686,9.354612,0.22039293,0.0,0.0,3.781652,8.770092,7.054245,5.6110606,0.34313726,0.92156863,0.7745098,0.1632653,0.8979592,0.67346936,0.045454547,0.8636364,0.54545456,6.3690977,3.9806862,0.625,2.3884118,0.6666667,0.99517155,0.5555556,3.5826175,1.7913088,0.06993214,0.046654295,0.03889762,0.22695035,0.33333334,0.39130434,1.3932402,1.1942059,0.99517155,5.4766665,5.5585713,6.2,0.1990343,0.1990343,0.0,1.3932402,1.1942059,0.99517155,0.7961372,0.59710294,0.3980686,5.7,5.68,4.736,0.0,0.0,0.0,1.7913088,1.3932402,0.3980686,0.7961372,0.59710294,0.1990343,452.18335,9.752681
33643,76590,José Manuel Calderón Portillo,2209,Zalaegerszegi TE,1522,NB I,351,2026/2027,214,2000-01-07,False,,,Calderón,60.0,170.0,586.69995,0.30628496408462524,0.18793693,0.61360157,0.30680078,0.30680078,0.13224252,2.1476054,1.534004,0.0,0.15340039,1.994205,1.3806034,2.3010058,3.6816092,0.46020114,1.0738027,1.534004,0.46550307,0.9617068,1.4272097,0.5,0.30680078,0.61360157,0.46020114,1.0738027,0.7045454545454546,4.755412,0.022988505747126436,1.3806034,0.6666666666666666,0.30680078,39.5773,0.2222222222222222,0.12698412698412698,0.6507936507936508,11.351629,0.2972972972972973,0.17567567567567569,0.527027027027027,0.5,0.8,0.5,0.30680078,1.2272031,0.5,0.0,1.2495031,0.30680078,0.53638315,0.49687377,0.43611172,0.41081747,0.10003927,0.0,3.496622,3.2390647,2.8429637,2.6780734,0.013145196,0.012176935,0.010687834,0.010067945,Left Back,Left Midfielder,1.994205,6.136016,3.3748088,5.6758146,1.0738027,1.6874044,0.3076923076923077,0.03220324,0.007984031936127744,4.9088125,0.9204023,0.0,0.0,0.0,0.0,0.0,0.0,0.0,,0.8783783783783784,0.7575757575757576,0.10476190476190476,20.899144345238096,20.2664310515873,19.575151443481445,20.145601272583008,0.0,0.0,,0.0,0.0,0.114285715,0.25079367,0.0,0.41695303,6,97.783325,5.5837746,0.0,0.61360157,0.32017943,-0.013378662,2.7612069,0.767002,1.0738027,0.2857143,0.61360157,,0.9697254,1.0291415,-0.042424243,-1.3239934,34.821888,0.94273126,5.2675743,0.0,0.61360157,0.15340039,0.0,0.0,0.0,5.069296,2.7612069,0.0,6,39.87402,1.6874044,0.30680078,0.2972973,0.5,33.354706,51.838554,2026-08-29T15:00,6.5188885,0.296435,0.103530735,0.069968924,0.040421043,0.08251429,,0.46020114,8.8972225,0.17811956,0.0,0.0,2.9146073,8.542083,8.996901,7.2526193,0.3277311,0.92436975,0.75630254,0.375,0.9027778,0.7638889,0.2972973,0.8378378,0.6216216,7.714286,4.591837,0.5952381,2.0204082,0.52380955,0.9183673,0.29411766,3.857143,3.122449,0.013949153,0.00043717065,-0.0092706885,0.25301206,0.25609756,0.4722222,2.9387753,1.6530612,1.6530612,5.1884613,5.635,7.675,0.18367346,0.18367346,0.18367346,2.5714285,1.4693877,1.4693877,1.8367347,0.9183673,0.9183673,5.527262,5.913125,5.913125,0.3673469,0.18367346,0.18367346,2.3877552,0.7346938,0.3673469,0.5510204,0.18367346,0.18367346,490.0,6.7496176
33643,520734,Pablo García Ruiz,1034,Honvéd,1522,NB I,351,2026/2027,214,2001-02-22,False,,,Pablo García,,180.0,72.46667,,0.0,0.0,0.0,0.0,0.0,0.0,0.0,0.0,0.0,1.2419503,0.0,3.7258508,3.7258508,0.0,0.0,0.0,0.0,0.0,0.0,,1.2419503,2.4839005,0.0,0.0,1.0,1.2419503,0.0,3.7258508,0.0,0.0,11.177553,0.23076923076923078,0.15384615384615385,0.6153846153846154,6.2097516,0.2,0.2,0.6,,0.8461538461538461,,0.0,0.0,,0.0,1.0671508,1.2419503,0.026903072,0.026903072,0.026903072,0.026903072,0.0,0.0,0.021661956,0.021661956,0.021661956,0.021661956,0.001140103,0.001140103,0.001140103,0.001140103,Left Back,,3.7258508,1.2419503,6.2097516,9.935602,2.4839005,1.2419503,0.0,0.0,0.0,1.2419503,1.2419503,0.0,0.0,0.0,0.0,0.0,0.0,0.0,,1.0,0.0,0.07692307692307693,19.386925330528847,19.480002663352273,17.899999618530273,,0.0,0.0,,0.0,0.0,0.30769232,0.46153846,0.0,0.03816794,2,36.233334,0.62097514,0.0,0.0,0.0,0.0,0.0,0.0,1.2419503,1.0,1.2419503,,1.004801,,-0.84615386,-1.4869257,11.177553,0.8888889,7.846951,,1.2419503,1.2419503,0.0,0.0,0.0,3.7446673,1.2419503,1.2419503,0,41.024033,2.4839005,1.2419503,0.25,1.0,39.03983,63.93038,2026-08-29T15:00,0.8051852,0.118747205,0.09292686,,-0.025307784,0.05112814,,2.4839005,6.2097516,0.0,0.0,0.0,3.7258508,3.11,3.64,3.64,0.0,0.25,0.25,0.0,0.33333334,0.33333334,0.0,0.33333334,0.33333334,0.0,0.0,,0.0,,0.0,0.0,0.0,1.2419503,,,,0.0,0.0,0.25,2.4839005,2.4839005,2.4839005,,,,0.0,0.0,0.0,0.0,0.0,0.0,0.0,0.0,0.0,,,,0.0,0.0,0.0,0.0,0.0,0.0,0.0,0.0,0.0,72.46667,12.419503
33643,439191,Vane Jovanov,2215,Nyíregyháza Spartacus,1522,NB I,351,2026/2027,135,1998-12-28,False,,,,70.0,177.0,542.68335,0.017104648053646088,0.017020073,0.9950554,0.0,0.16584256,0.069147766,0.66337025,0.66337025,0.16584256,0.0,1.8242682,1.3267405,1.3267405,2.653481,1.4925832,0.9950554,2.4876385,1.6042378,0.95952415,2.5637617,0.6923076923076923,0.8292128,1.160898,0.66337025,0.4975277,0.27586206896551724,1.3267405,0.01818181818181818,2.653481,0.75,1.4925832,32.670986,0.3073770491803279,0.11475409836065574,0.5778688524590164,7.4629154,0.3111111111111111,0.06666666666666667,0.6222222222222222,0.0,0.6434426229508197,0.0,0.0,0.8292128,0.18518518518518517,0.0,2.8279707,0.33168513,0.45376828,0.30856898,0.4427539,0.29755464,0.069147766,0.16584256,2.7361388,1.860614,2.6697242,1.7941993,0.010900952,0.0074128048,0.010636351,0.0071482044,Right Back,,3.3168511,4.1460643,6.1361747,7.7946005,0.8292128,3.482694,0.45454545454545453,0.0,0.002793296089385475,5.1411195,0.9950554,0.0,0.0,0.0,0.0,0.0,0.0,0.0,,0.05714285714285714,0.6486486486486487,0.15163934426229508,20.59659764024078,17.149679973626593,19.278650283813477,16.8125,0.0,0.0,,0.0,0.0,0.07786885,0.29508197,0.0,0.2320819,6,90.44723,4.510918,0.0,0.0,0.08616784,0.07967473,1.6584256,0.16584256,0.9950554,0.8333333,0.4975277,,0.83264625,0.87207866,0.0052060257,-1.3179474,26.368969,0.9622642,5.3111563,0.5,1.3267405,0.16584256,0.0,0.0,0.0,8.485888,4.975277,0.4975277,6,34.077927,1.4925832,0.66337025,0.19148937,0.5,32.46545,55.869087,2026-08-29T12:45,6.029815,0.3566468,0.29411173,-0.021334196,0.024271343,0.05959787,,0.16584256,10.448082,0.0,0.0,0.0,6.7995453,7.7285147,7.63873,6.6410527,0.25742576,0.9306931,0.63366336,0.25396827,0.95238096,0.61904764,0.15789473,0.92105263,0.5,7.716316,2.8428533,0.36842105,2.0306096,0.37037036,1.0153048,0.2173913,5.482646,4.6704016,0.07442638,0.069569096,0.060424626,0.2835821,0.31764707,0.44230768,2.0306096,1.8275486,1.6244876,2.8033333,2.59,2.8,0.20306095,0.20306095,0.20306095,1.6244876,1.6244876,1.4214267,0.20306095,0.20306095,0.20306095,4.217292,4.519375,4.5233335,0.0,0.0,0.0,1.2183657,0.8122438,0.20306095,0.0,0.0,0.0,443.21667,10.448082
33643,18879,Arijan Ademi,1033,Ujpest,1522,NB I,351,2026/2027,135,1991-05-29,False,Arijan,Ademi,,79.0,184.0,33.1,,0.0,0.0,0.0,0.0,0.0,0.0,0.0,0.0,0.0,0.0,0.0,0.0,0.0,5.438067,0.0,5.438067,6.2415743,0.0,6.2415743,1.0,0.0,2.7190335,0.0,0.0,,0.0,0.0,0.0,0.5,2.7190335,40.7855,0.0625,0.125,0.8125,5.438067,0.0,0.5,0.5,,1.0,,0.0,0.0,,0.0,0.0,0.0,0.37065995,0.37065995,0.37065995,0.37065995,0.0,0.0,0.13632049,0.13632049,0.13632049,0.13632049,0.00852003,0.00852003,0.00852003,0.00852003,,,0.0,0.0,10.876134,10.876134,0.0,8.1571,,0.0,0.0,0.0,2.7190335,0.0,0.0,0.0,0.0,0.0,0.0,0.0,,0.2,1.0,0.3125,19.904373168945312,19.904373168945312,13.986000061035156,13.986000061035156,0.0,0.0,,0.0,0.0,0.4375,0.5,0.0,0.3870968,1,33.1,6.5256805,0.0,0.0,0.0,0.0,0.0,0.0,0.0,,0.0,,1.0,1.0,0.0,-5.918373,27.190332,1.0,8.047807,1.0,8.1571,0.0,0.0,0.0,0.0,12.483149,8.1571,8.1571,0,38.842857,2.7190335,2.7190335,0.25,0.33333334,39.400715,51.294346,2026-07-24T18:00,0.36777776,0.1352262,0.06399325,,0.037490893,0.03374205,,0.0,16.3142,0.0,0.0,0.0,8.1571,,,,,,,,,,,,,,,,,,,,,,,,,,,,,,,,,,,,,,,,,,,,,,,,,,,,,,,0.0,19.033234
33643,158193,Dorian Babunski,2215,Nyíregyháza Spartacus,1522,NB I,351,2026/2027,135,1996-08-29,False,,,,75.0,185.0,31.816668,0.34383514523506165,1.9452171,5.6574116,0.0,0.0,0.0,0.0,0.0,0.0,0.0,2.8287058,2.8287058,19.800943,22.629646,0.0,0.0,0.0,0.0,0.0,0.0,,0.0,0.0,0.0,0.0,,0.0,0.3333333333333333,0.0,0.75,8.486118,28.287062,0.3,0.0,0.7,11.314823,0.0,0.0,1.0,0.0,0.6,0.0,0.0,0.0,,0.0,0.0,2.8287058,2.2170787,2.2170787,2.2170787,2.2170787,0.0,0.0,0.7837784,0.7837784,0.7837784,0.7837784,0.04898615,0.04898615,0.04898615,0.04898615,Left Centre Forward,Right Centre Forward,0.0,0.0,0.0,2.8287058,5.6574116,0.0,0.0,0.0,0.0,2.8287058,2.8287058,0.0,0.0,0.0,0.0,0.0,0.0,0.0,,0.0,0.6666666666666666,0.3,17.355999755859376,14.126667022705078,19.483333587646484,20.420000076293945,0.0,0.0,,0.0,0.0,0.2,0.6,0.0,0.2777778,2,15.908334,7.0717654,0.0,0.0,1.9452171,-1.9452171,5.6574116,0.0,0.0,,0.0,,0.81393564,1.0480753,0.06666667,2.1273339,8.486118,0.6666667,8.375843,,0.0,0.0,0.0,0.0,0.0,2.4293783,0.0,0.0,0,36.91786,0.0,0.0,0.0,,48.7025,65.62734,2026-08-22T15:30,0.35351852,0.012545782,0.37266684,-0.5401739,0.13739072,0.042662144,,5.6574116,19.800943,0.0,0.0,0.0,8.486118,2.3271427,1.89,1.3475,0.0,0.5714286,0.0,0.0,0.5,0.0,0.0,0.25,0.0,11.314823,5.6574116,0.5,2.8287058,0.5,0.0,,5.6574116,0.0,0.09051556,0.068224095,,0.4,0.33333334,0.0,14.143531,14.143531,11.314823,3.44,,,0.0,0.0,0.0,5.6574116,5.6574116,2.8287058,0.0,0.0,0.0,1.49,1.49,1.3475,0.0,0.0,0.0,2.8287058,0.0,0.0,0.0,0.0,0.0,31.816668,2.8287058
